insert into role (id, name) values
  ('1', 'ROLE_ADMIN'),
  ('2', 'ROLE_USER'),
  ('3', 'ROLE_MODERATOR');

insert into user (id, username, password) values
  ('1', 'admin', 'test'),
  ('2', 'user', 'test'),
  ('3', 'moderator', 'test');

insert into users_roles (user_id, role_id) values
-- admin
  ('1', '1'),
-- user
  ('2', '2'),
-- moderator
  ('3', '2'),
  ('3', '3');

insert into country(id, name) values
('1', 'polandia'),
('2', 'cebulandia');

insert into district(id, name, country_id) values
('1', 'polandia_district1', '1'),
('2', 'polandia_district2', '1'),
('3', 'polandia_district3', '1'),
('4', 'cebulandia_district1', '2'),
('5', 'cebulandia_district2', '2'),
('6', 'cebulandia_district3', '2');

insert into ward(id, name, district_id) values
('1', 'p_d1_w1', '1'),
('2', 'p_d1_w2', '1'),
('3', 'p_d1_w3', '1'),
('4', 'p_d2_w1', '2'),
('5', 'p_d2_w2', '2'),
('6', 'p_d2_w3', '2'),
('7', 'p_d3_w1', '3'),
('8', 'p_d3_w2', '3'),
('9', 'p_d3_w3', '3'),
('10', 'c_d1_w1', '4'),
('11', 'c_d1_w2', '4'),
('12', 'c_d1_w3', '4'),
('13', 'c_d2_w1', '5'),
('14', 'c_d2_w2', '5'),
('15', 'c_d2_w3', '5'),
('16', 'c_d3_w1', '6'),
('17', 'c_d3_w2', '6'),
('18', 'c_d3_w3', '6');

-- ward should be in district, district should be in country - inconsistent
insert into candidate (id, name, country_id, district_id, ward_id) values (1, 'Roana', 1, 2, 4);
insert into candidate (id, name, country_id, district_id, ward_id) values (2, 'Filmer', 1, null, 9);
insert into candidate (id, name, country_id, district_id, ward_id) values (3, 'Flossy', 2, 6, 16);
insert into candidate (id, name, country_id, district_id, ward_id) values (4, 'Stefa', 1, null, 6);
insert into candidate (id, name, country_id, district_id, ward_id) values (5, 'Lavena', 1, 2, 4);
insert into candidate (id, name, country_id, district_id, ward_id) values (6, 'Peter', 2, 6, 17);
insert into candidate (id, name, country_id, district_id, ward_id) values (7, 'Zacharia', 1, 1, 1);
insert into candidate (id, name, country_id, district_id, ward_id) values (8, 'Karil', null, null, 3);
insert into candidate (id, name, country_id, district_id, ward_id) values (9, 'Bunny', null, 5, null);
insert into candidate (id, name, country_id, district_id, ward_id) values (10, 'Joya', 2, null, 14);
insert into candidate (id, name, country_id, district_id, ward_id) values (11, 'Dorice', null, null, 5);
insert into candidate (id, name, country_id, district_id, ward_id) values (12, 'Thorin', 1, null, 4);
insert into candidate (id, name, country_id, district_id, ward_id) values (13, 'Charo', 1, 2, 6);
insert into candidate (id, name, country_id, district_id, ward_id) values (14, 'Sabra', null, null, 11);
insert into candidate (id, name, country_id, district_id, ward_id) values (15, 'Carmina', null, null, 5);
insert into candidate (id, name, country_id, district_id, ward_id) values (16, 'Doralia', 1, null, null);
insert into candidate (id, name, country_id, district_id, ward_id) values (17, 'Juanita', 1, 3, null);
insert into candidate (id, name, country_id, district_id, ward_id) values (18, 'Beverley', null, 6, null);
insert into candidate (id, name, country_id, district_id, ward_id) values (19, 'Janet', null, 4, 11);
insert into candidate (id, name, country_id, district_id, ward_id) values (20, 'Traver', 2, null, 14);
insert into candidate (id, name, country_id, district_id, ward_id) values (21, 'Forster', null, 5, 13);
insert into candidate (id, name, country_id, district_id, ward_id) values (22, 'Lucio', 2, 4, 11);
insert into candidate (id, name, country_id, district_id, ward_id) values (23, 'Doria', null, 1, 2);
insert into candidate (id, name, country_id, district_id, ward_id) values (24, 'Nedi', 1, null, 5);
insert into candidate (id, name, country_id, district_id, ward_id) values (25, 'Monique', 2, 4, 12);
insert into candidate (id, name, country_id, district_id, ward_id) values (26, 'Devland', 2, 5, 13);
insert into candidate (id, name, country_id, district_id, ward_id) values (27, 'Bruno', null, null, 11);
insert into candidate (id, name, country_id, district_id, ward_id) values (28, 'Fons', null, 5, 13);
insert into candidate (id, name, country_id, district_id, ward_id) values (29, 'Carney', 2, 4, 10);
insert into candidate (id, name, country_id, district_id, ward_id) values (30, 'Abbey', 2, null, 12);
insert into candidate (id, name, country_id, district_id, ward_id) values (31, 'Anne-corinne', 1, 1, 2);
insert into candidate (id, name, country_id, district_id, ward_id) values (32, 'Georgia', 1, 1, null);
insert into candidate (id, name, country_id, district_id, ward_id) values (33, 'Paulo', 1, null, 1);
insert into candidate (id, name, country_id, district_id, ward_id) values (34, 'Hanna', null, null, 7);
insert into candidate (id, name, country_id, district_id, ward_id) values (35, 'Guillermo', null, 4, 12);
insert into candidate (id, name, country_id, district_id, ward_id) values (36, 'Jimmy', null, 5, 14);
insert into candidate (id, name, country_id, district_id, ward_id) values (37, 'Luca', 1, 3, 8);
insert into candidate (id, name, country_id, district_id, ward_id) values (38, 'Boone', null, 5, 13);
insert into candidate (id, name, country_id, district_id, ward_id) values (39, 'Sidonnie', 1, 3, 7);
insert into candidate (id, name, country_id, district_id, ward_id) values (41, 'Remington', 1, null, 8);
insert into candidate (id, name, country_id, district_id, ward_id) values (42, 'Liliane', 1, null, 9);
insert into candidate (id, name, country_id, district_id, ward_id) values (43, 'Lolita', 2, 5, null);
insert into candidate (id, name, country_id, district_id, ward_id) values (44, 'Ania', 1, 3, 9);
insert into candidate (id, name, country_id, district_id, ward_id) values (45, 'Glyn', null, 2, 6);
insert into candidate (id, name, country_id, district_id, ward_id) values (46, 'Elisabet', null, 3, 7);
insert into candidate (id, name, country_id, district_id, ward_id) values (47, 'Reinaldos', 2, null, 13);
insert into candidate (id, name, country_id, district_id, ward_id) values (48, 'Artemas', null, 3, 9);
insert into candidate (id, name, country_id, district_id, ward_id) values (49, 'Adriano', 2, 4, 12);
insert into candidate (id, name, country_id, district_id, ward_id) values (50, 'Scarlett', 2, 5, 15);
insert into candidate (id, name, country_id, district_id, ward_id) values (51, 'Candie', null, 2, 4);
insert into candidate (id, name, country_id, district_id, ward_id) values (52, 'Lana', 2, null, 16);
insert into candidate (id, name, country_id, district_id, ward_id) values (53, 'Lyell', 1, 2, 6);
insert into candidate (id, name, country_id, district_id, ward_id) values (54, 'Tybie', null, null, 18);
insert into candidate (id, name, country_id, district_id, ward_id) values (55, 'Kelci', 2, 5, 14);
insert into candidate (id, name, country_id, district_id, ward_id) values (56, 'Cindelyn', 2, null, null);
insert into candidate (id, name, country_id, district_id, ward_id) values (57, 'Lora', 2, 5, 14);
insert into candidate (id, name, country_id, district_id, ward_id) values (58, 'Stevana', 1, null, 8);
insert into candidate (id, name, country_id, district_id, ward_id) values (59, 'Nonah', 1, 1, 2);
insert into candidate (id, name, country_id, district_id, ward_id) values (61, 'Noby', 2, null, null);
insert into candidate (id, name, country_id, district_id, ward_id) values (62, 'Michel', 2, 5, null);
insert into candidate (id, name, country_id, district_id, ward_id) values (63, 'Chad', 1, 2, null);
insert into candidate (id, name, country_id, district_id, ward_id) values (64, 'Gaylor', 2, null, 18);
insert into candidate (id, name, country_id, district_id, ward_id) values (65, 'Reade', 2, 5, 15);
insert into candidate (id, name, country_id, district_id, ward_id) values (66, 'Karrah', 1, null, 8);
insert into candidate (id, name, country_id, district_id, ward_id) values (67, 'Byrom', null, 4, null);
insert into candidate (id, name, country_id, district_id, ward_id) values (68, 'Dagmar', 2, 4, 11);
insert into candidate (id, name, country_id, district_id, ward_id) values (69, 'Carilyn', 2, 6, null);
insert into candidate (id, name, country_id, district_id, ward_id) values (70, 'Sophia', 2, 5, 14);
insert into candidate (id, name, country_id, district_id, ward_id) values (71, 'Garrett', null, 4, 10);
insert into candidate (id, name, country_id, district_id, ward_id) values (72, 'Alair', 2, null, 13);
insert into candidate (id, name, country_id, district_id, ward_id) values (73, 'Salaidh', 1, 2, 6);
insert into candidate (id, name, country_id, district_id, ward_id) values (74, 'Letizia', 2, 4, 11);
insert into candidate (id, name, country_id, district_id, ward_id) values (75, 'Dodi', null, null, 16);
insert into candidate (id, name, country_id, district_id, ward_id) values (76, 'Morganne', 2, 4, 11);
insert into candidate (id, name, country_id, district_id, ward_id) values (77, 'Swen', 1, 2, 6);
insert into candidate (id, name, country_id, district_id, ward_id) values (78, 'Ethelind', 1, 3, 9);
insert into candidate (id, name, country_id, district_id, ward_id) values (79, 'Dara', null, 6, null);
insert into candidate (id, name, country_id, district_id, ward_id) values (80, 'Carmelle', 2, 6, null);
insert into candidate (id, name, country_id, district_id, ward_id) values (81, 'Suzy', null, 5, 14);
insert into candidate (id, name, country_id, district_id, ward_id) values (82, 'Leodora', 2, 6, 17);
insert into candidate (id, name, country_id, district_id, ward_id) values (83, 'Alanah', null, null, 14);
insert into candidate (id, name, country_id, district_id, ward_id) values (84, 'Stephie', 2, null, null);
insert into candidate (id, name, country_id, district_id, ward_id) values (85, 'Norton', 2, 6, 16);
insert into candidate (id, name, country_id, district_id, ward_id) values (86, 'Gaelan', 2, 6, 17);
insert into candidate (id, name, country_id, district_id, ward_id) values (87, 'Lola', 1, null, 8);
insert into candidate (id, name, country_id, district_id, ward_id) values (89, 'Ernst', 1, null, 4);
insert into candidate (id, name, country_id, district_id, ward_id) values (90, 'Tamera', 1, 3, null);
insert into candidate (id, name, country_id, district_id, ward_id) values (91, 'Perle', 1, 3, 7);
insert into candidate (id, name, country_id, district_id, ward_id) values (92, 'Kimble', 2, 4, 10);
insert into candidate (id, name, country_id, district_id, ward_id) values (93, 'Baxy', 2, 6, null);
insert into candidate (id, name, country_id, district_id, ward_id) values (94, 'Glen', 2, 5, null);
insert into candidate (id, name, country_id, district_id, ward_id) values (95, 'Constancia', 1, 2, 5);
insert into candidate (id, name, country_id, district_id, ward_id) values (96, 'Marni', null, 3, 7);
insert into candidate (id, name, country_id, district_id, ward_id) values (97, 'Desdemona', 1, 1, 1);
insert into candidate (id, name, country_id, district_id, ward_id) values (98, 'Sheree', 2, 4, 11);
insert into candidate (id, name, country_id, district_id, ward_id) values (99, 'Nicole', 1, 1, 2);
insert into candidate (id, name, country_id, district_id, ward_id) values (100, 'Joel', 1, 2, 5);
insert into candidate (id, name, country_id, district_id, ward_id) values (101, 'Craig', null, 5, 13);
insert into candidate (id, name, country_id, district_id, ward_id) values (102, 'Tait', null, 6, 16);
insert into candidate (id, name, country_id, district_id, ward_id) values (103, 'Derry', 1, 1, 1);
insert into candidate (id, name, country_id, district_id, ward_id) values (104, 'Fonz', null, 1, 2);
insert into candidate (id, name, country_id, district_id, ward_id) values (106, 'Codi', null, 4, 11);
insert into candidate (id, name, country_id, district_id, ward_id) values (108, 'Ginnie', 2, null, null);
insert into candidate (id, name, country_id, district_id, ward_id) values (109, 'Rona', 1, 2, null);
insert into candidate (id, name, country_id, district_id, ward_id) values (110, 'Carlin', 1, 2, null);
insert into candidate (id, name, country_id, district_id, ward_id) values (111, 'Emmalee', 2, null, null);
insert into candidate (id, name, country_id, district_id, ward_id) values (112, 'Humfrid', 2, 5, 14);
insert into candidate (id, name, country_id, district_id, ward_id) values (113, 'Lorette', 2, 4, null);
insert into candidate (id, name, country_id, district_id, ward_id) values (114, 'Peria', 1, 2, 5);
insert into candidate (id, name, country_id, district_id, ward_id) values (115, 'Bail', 1, null, 1);
insert into candidate (id, name, country_id, district_id, ward_id) values (116, 'Lloyd', 2, null, 13);
insert into candidate (id, name, country_id, district_id, ward_id) values (117, 'Rubina', null, null, 14);
insert into candidate (id, name, country_id, district_id, ward_id) values (118, 'Cord', null, 4, null);
insert into candidate (id, name, country_id, district_id, ward_id) values (119, 'Verge', 2, null, 17);
insert into candidate (id, name, country_id, district_id, ward_id) values (120, 'Marin', null, 2, 6);
insert into candidate (id, name, country_id, district_id, ward_id) values (121, 'Lydon', null, 4, 12);
insert into candidate (id, name, country_id, district_id, ward_id) values (122, 'Delinda', null, 4, 12);
insert into candidate (id, name, country_id, district_id, ward_id) values (123, 'Melinde', 2, 5, 14);
insert into candidate (id, name, country_id, district_id, ward_id) values (124, 'Dee', 2, null, 18);
insert into candidate (id, name, country_id, district_id, ward_id) values (125, 'Filberto', 1, 2, null);
insert into candidate (id, name, country_id, district_id, ward_id) values (126, 'Hildagarde', null, 4, 10);
insert into candidate (id, name, country_id, district_id, ward_id) values (127, 'Bellanca', 2, null, 14);
insert into candidate (id, name, country_id, district_id, ward_id) values (128, 'Allix', 2, 6, 17);
insert into candidate (id, name, country_id, district_id, ward_id) values (129, 'Rebe', null, 6, 17);
insert into candidate (id, name, country_id, district_id, ward_id) values (130, 'Aida', 2, 5, null);
insert into candidate (id, name, country_id, district_id, ward_id) values (131, 'Shae', 1, 3, 8);
insert into candidate (id, name, country_id, district_id, ward_id) values (132, 'Kassia', 2, 6, 18);
insert into candidate (id, name, country_id, district_id, ward_id) values (133, 'Lorelei', null, 1, null);
insert into candidate (id, name, country_id, district_id, ward_id) values (134, 'Lorne', 1, null, 3);
insert into candidate (id, name, country_id, district_id, ward_id) values (135, 'Ofelia', 2, 5, 13);
insert into candidate (id, name, country_id, district_id, ward_id) values (136, 'Brantley', 1, 3, null);
insert into candidate (id, name, country_id, district_id, ward_id) values (138, 'Britney', 1, 3, null);
insert into candidate (id, name, country_id, district_id, ward_id) values (139, 'Jolie', 1, 3, 8);
insert into candidate (id, name, country_id, district_id, ward_id) values (140, 'Viola', 2, null, null);
insert into candidate (id, name, country_id, district_id, ward_id) values (141, 'Melicent', 1, null, null);
insert into candidate (id, name, country_id, district_id, ward_id) values (142, 'Jeremiah', 1, 2, 4);
insert into candidate (id, name, country_id, district_id, ward_id) values (143, 'Nicola', 1, 3, 8);
insert into candidate (id, name, country_id, district_id, ward_id) values (144, 'Meggie', null, 5, 13);
insert into candidate (id, name, country_id, district_id, ward_id) values (145, 'Milzie', 1, 3, 8);
insert into candidate (id, name, country_id, district_id, ward_id) values (146, 'Franciska', null, 4, 10);
insert into candidate (id, name, country_id, district_id, ward_id) values (147, 'Rosalind', 1, 1, null);
insert into candidate (id, name, country_id, district_id, ward_id) values (148, 'Wanids', 1, null, 5);
insert into candidate (id, name, country_id, district_id, ward_id) values (149, 'Brigitta', 2, 6, 18);
insert into candidate (id, name, country_id, district_id, ward_id) values (150, 'Ezechiel', 2, 5, null);
insert into candidate (id, name, country_id, district_id, ward_id) values (151, 'Edin', null, 6, 16);
insert into candidate (id, name, country_id, district_id, ward_id) values (152, 'Ellette', null, 5, 14);
insert into candidate (id, name, country_id, district_id, ward_id) values (153, 'Kariotta', 1, null, 6);
insert into candidate (id, name, country_id, district_id, ward_id) values (154, 'Isacco', 2, 6, 16);
insert into candidate (id, name, country_id, district_id, ward_id) values (155, 'Anatole', 1, null, 7);
insert into candidate (id, name, country_id, district_id, ward_id) values (156, 'Brandy', 1, null, null);
insert into candidate (id, name, country_id, district_id, ward_id) values (157, 'Chrissie', null, null, 9);
insert into candidate (id, name, country_id, district_id, ward_id) values (158, 'Alisun', 2, null, null);
insert into candidate (id, name, country_id, district_id, ward_id) values (159, 'Eleanora', null, 3, null);
insert into candidate (id, name, country_id, district_id, ward_id) values (160, 'Audra', 2, 6, null);
insert into candidate (id, name, country_id, district_id, ward_id) values (161, 'Harlan', 2, null, 16);
insert into candidate (id, name, country_id, district_id, ward_id) values (162, 'Carmine', 2, 4, 10);
insert into candidate (id, name, country_id, district_id, ward_id) values (163, 'Kizzee', null, 6, 18);
insert into candidate (id, name, country_id, district_id, ward_id) values (164, 'Jan', 1, null, 3);
insert into candidate (id, name, country_id, district_id, ward_id) values (166, 'Betsy', 1, null, 9);
insert into candidate (id, name, country_id, district_id, ward_id) values (167, 'Mitchell', 2, 4, null);
insert into candidate (id, name, country_id, district_id, ward_id) values (168, 'Welch', 1, 2, 4);
insert into candidate (id, name, country_id, district_id, ward_id) values (169, 'Cleve', null, 1, null);
insert into candidate (id, name, country_id, district_id, ward_id) values (170, 'Sammie', 1, 1, 1);
insert into candidate (id, name, country_id, district_id, ward_id) values (171, 'Freedman', 2, 5, 14);
insert into candidate (id, name, country_id, district_id, ward_id) values (172, 'Robbie', null, null, 11);
insert into candidate (id, name, country_id, district_id, ward_id) values (173, 'Ade', null, 4, 10);
insert into candidate (id, name, country_id, district_id, ward_id) values (174, 'Brook', 1, 2, 6);
insert into candidate (id, name, country_id, district_id, ward_id) values (175, 'Grant', null, null, 3);
insert into candidate (id, name, country_id, district_id, ward_id) values (176, 'Perren', null, 2, 4);
insert into candidate (id, name, country_id, district_id, ward_id) values (177, 'Tann', null, 1, 1);
insert into candidate (id, name, country_id, district_id, ward_id) values (178, 'Catie', null, 5, null);
insert into candidate (id, name, country_id, district_id, ward_id) values (179, 'Adele', 2, 5, 14);
insert into candidate (id, name, country_id, district_id, ward_id) values (180, 'Wiley', 1, 1, 3);
insert into candidate (id, name, country_id, district_id, ward_id) values (181, 'Benni', null, 6, 18);
insert into candidate (id, name, country_id, district_id, ward_id) values (182, 'Yardley', 1, 2, 5);
insert into candidate (id, name, country_id, district_id, ward_id) values (183, 'Glenna', 1, 3, null);
insert into candidate (id, name, country_id, district_id, ward_id) values (184, 'Jessie', null, 6, null);
insert into candidate (id, name, country_id, district_id, ward_id) values (185, 'Queenie', 2, null, 11);
insert into candidate (id, name, country_id, district_id, ward_id) values (186, 'Peder', null, 5, null);
insert into candidate (id, name, country_id, district_id, ward_id) values (187, 'Harwell', 1, 1, null);
insert into candidate (id, name, country_id, district_id, ward_id) values (188, 'Maison', 1, 3, null);
insert into candidate (id, name, country_id, district_id, ward_id) values (189, 'Bondie', null, 6, 18);
insert into candidate (id, name, country_id, district_id, ward_id) values (190, 'Murray', 2, 6, null);
insert into candidate (id, name, country_id, district_id, ward_id) values (191, 'Kalil', 2, 5, 13);
insert into candidate (id, name, country_id, district_id, ward_id) values (192, 'Roy', 2, null, 13);
insert into candidate (id, name, country_id, district_id, ward_id) values (193, 'Edna', 1, 1, null);
insert into candidate (id, name, country_id, district_id, ward_id) values (194, 'Fin', 1, 3, 7);
insert into candidate (id, name, country_id, district_id, ward_id) values (195, 'Halie', 1, null, 4);
insert into candidate (id, name, country_id, district_id, ward_id) values (196, 'Pepito', null, 6, 18);
insert into candidate (id, name, country_id, district_id, ward_id) values (197, 'Mignon', 2, null, 16);
insert into candidate (id, name, country_id, district_id, ward_id) values (198, 'Yevette', null, 6, 16);
insert into candidate (id, name, country_id, district_id, ward_id) values (199, 'Ulrika', 1, 2, 5);
insert into candidate (id, name, country_id, district_id, ward_id) values (200, 'Morty', 1, null, 8);
insert into candidate (id, name, country_id, district_id, ward_id) values (201, 'Bella', 1, null, 8);
insert into candidate (id, name, country_id, district_id, ward_id) values (202, 'Kati', 2, 5, 15);
insert into candidate (id, name, country_id, district_id, ward_id) values (203, 'Dorian', null, 5, 15);
insert into candidate (id, name, country_id, district_id, ward_id) values (204, 'Shantee', null, null, 14);
insert into candidate (id, name, country_id, district_id, ward_id) values (206, 'Alano', 1, 2, 6);
insert into candidate (id, name, country_id, district_id, ward_id) values (207, 'Hewett', 2, 6, null);
insert into candidate (id, name, country_id, district_id, ward_id) values (208, 'Sebastian', null, 5, 14);
insert into candidate (id, name, country_id, district_id, ward_id) values (209, 'Bell', 1, 3, 9);
insert into candidate (id, name, country_id, district_id, ward_id) values (210, 'Hurleigh', null, 1, 3);
insert into candidate (id, name, country_id, district_id, ward_id) values (211, 'Roosevelt', null, null, 16);
insert into candidate (id, name, country_id, district_id, ward_id) values (212, 'Catarina', 1, null, 3);
insert into candidate (id, name, country_id, district_id, ward_id) values (213, 'Amelina', 2, 6, null);
insert into candidate (id, name, country_id, district_id, ward_id) values (214, 'Hamel', 2, 4, 11);
insert into candidate (id, name, country_id, district_id, ward_id) values (215, 'Myrwyn', null, 1, 3);
insert into candidate (id, name, country_id, district_id, ward_id) values (217, 'Bordy', 1, null, 2);
insert into candidate (id, name, country_id, district_id, ward_id) values (218, 'Waite', null, 6, 16);
insert into candidate (id, name, country_id, district_id, ward_id) values (219, 'Devland', 1, 3, 8);
insert into candidate (id, name, country_id, district_id, ward_id) values (220, 'Denys', 1, 1, null);
insert into candidate (id, name, country_id, district_id, ward_id) values (221, 'Xever', 2, 5, 15);
insert into candidate (id, name, country_id, district_id, ward_id) values (222, 'Hamlen', 1, 3, 8);
insert into candidate (id, name, country_id, district_id, ward_id) values (223, 'Vale', 2, 6, 16);
insert into candidate (id, name, country_id, district_id, ward_id) values (224, 'Vilhelmina', null, 3, 8);
insert into candidate (id, name, country_id, district_id, ward_id) values (225, 'Janina', 1, 3, null);
insert into candidate (id, name, country_id, district_id, ward_id) values (227, 'Katharyn', 2, 4, 11);
insert into candidate (id, name, country_id, district_id, ward_id) values (228, 'Kylynn', 2, 4, null);
insert into candidate (id, name, country_id, district_id, ward_id) values (229, 'Suzanna', null, 2, 4);
insert into candidate (id, name, country_id, district_id, ward_id) values (230, 'Tommy', null, 2, 4);
insert into candidate (id, name, country_id, district_id, ward_id) values (231, 'Natty', null, 3, 8);
insert into candidate (id, name, country_id, district_id, ward_id) values (232, 'Ilse', 1, null, null);
insert into candidate (id, name, country_id, district_id, ward_id) values (233, 'Baily', null, 5, null);
insert into candidate (id, name, country_id, district_id, ward_id) values (234, 'Ruben', 2, null, null);
insert into candidate (id, name, country_id, district_id, ward_id) values (235, 'Jason', 2, 4, 12);
insert into candidate (id, name, country_id, district_id, ward_id) values (237, 'Letisha', null, null, 11);
insert into candidate (id, name, country_id, district_id, ward_id) values (238, 'Chrissie', 1, 1, 2);
insert into candidate (id, name, country_id, district_id, ward_id) values (239, 'Twyla', 1, 3, null);
insert into candidate (id, name, country_id, district_id, ward_id) values (240, 'Leicester', 1, 3, 8);
insert into candidate (id, name, country_id, district_id, ward_id) values (241, 'Kissee', 2, 6, 17);
insert into candidate (id, name, country_id, district_id, ward_id) values (242, 'Jeri', null, 5, 13);
insert into candidate (id, name, country_id, district_id, ward_id) values (243, 'Justine', null, 1, null);
insert into candidate (id, name, country_id, district_id, ward_id) values (244, 'Yvette', 2, 6, 16);
insert into candidate (id, name, country_id, district_id, ward_id) values (245, 'Clemmy', 2, null, 13);
insert into candidate (id, name, country_id, district_id, ward_id) values (246, 'Alfredo', null, 2, 4);
insert into candidate (id, name, country_id, district_id, ward_id) values (247, 'Adel', 1, 2, null);
insert into candidate (id, name, country_id, district_id, ward_id) values (248, 'Veronika', null, 3, null);
insert into candidate (id, name, country_id, district_id, ward_id) values (249, 'Elissa', null, 2, null);
insert into candidate (id, name, country_id, district_id, ward_id) values (250, 'Alwin', 2, null, 15);
insert into candidate (id, name, country_id, district_id, ward_id) values (251, 'Monti', 1, 3, 9);
insert into candidate (id, name, country_id, district_id, ward_id) values (252, 'Herby', 2, 4, 10);
insert into candidate (id, name, country_id, district_id, ward_id) values (253, 'Chryste', 1, null, 4);
insert into candidate (id, name, country_id, district_id, ward_id) values (254, 'Dunn', 1, null, null);
insert into candidate (id, name, country_id, district_id, ward_id) values (255, 'Merrill', 1, 2, 4);
insert into candidate (id, name, country_id, district_id, ward_id) values (256, 'Nannie', null, null, 15);
insert into candidate (id, name, country_id, district_id, ward_id) values (257, 'Brittney', 2, null, null);
insert into candidate (id, name, country_id, district_id, ward_id) values (258, 'Mycah', 1, null, null);
insert into candidate (id, name, country_id, district_id, ward_id) values (259, 'Marietta', 1, null, null);
insert into candidate (id, name, country_id, district_id, ward_id) values (260, 'Sheri', 2, null, 16);
insert into candidate (id, name, country_id, district_id, ward_id) values (261, 'Christoffer', 2, 4, null);
insert into candidate (id, name, country_id, district_id, ward_id) values (262, 'Corina', 1, null, 1);
insert into candidate (id, name, country_id, district_id, ward_id) values (263, 'Fayth', null, null, 17);
insert into candidate (id, name, country_id, district_id, ward_id) values (264, 'Earle', 1, 3, 7);
insert into candidate (id, name, country_id, district_id, ward_id) values (265, 'Elysia', 1, 2, 6);
insert into candidate (id, name, country_id, district_id, ward_id) values (266, 'Liz', null, 6, 17);
insert into candidate (id, name, country_id, district_id, ward_id) values (267, 'Arabele', 2, null, 10);
insert into candidate (id, name, country_id, district_id, ward_id) values (268, 'Renado', null, 5, 13);
insert into candidate (id, name, country_id, district_id, ward_id) values (269, 'Gleda', 1, 3, 7);
insert into candidate (id, name, country_id, district_id, ward_id) values (270, 'Merlina', 1, 1, null);
insert into candidate (id, name, country_id, district_id, ward_id) values (271, 'Rube', 2, 6, null);
insert into candidate (id, name, country_id, district_id, ward_id) values (272, 'Avram', null, 1, 3);
insert into candidate (id, name, country_id, district_id, ward_id) values (273, 'Ninon', 1, null, null);
insert into candidate (id, name, country_id, district_id, ward_id) values (274, 'Tully', 1, 1, 3);
insert into candidate (id, name, country_id, district_id, ward_id) values (275, 'Schuyler', 2, 5, 14);
insert into candidate (id, name, country_id, district_id, ward_id) values (276, 'Nevins', 2, null, null);
insert into candidate (id, name, country_id, district_id, ward_id) values (277, 'Dilan', null, 6, 16);
insert into candidate (id, name, country_id, district_id, ward_id) values (278, 'Edmund', 1, 1, 2);
insert into candidate (id, name, country_id, district_id, ward_id) values (279, 'Adeline', null, 3, 9);
insert into candidate (id, name, country_id, district_id, ward_id) values (280, 'Fonsie', 2, 6, 18);
insert into candidate (id, name, country_id, district_id, ward_id) values (281, 'Renie', 1, 3, null);
insert into candidate (id, name, country_id, district_id, ward_id) values (282, 'Mallory', null, 2, null);
insert into candidate (id, name, country_id, district_id, ward_id) values (283, 'Armando', 2, 4, 10);
insert into candidate (id, name, country_id, district_id, ward_id) values (284, 'Adolpho', 1, null, 1);
insert into candidate (id, name, country_id, district_id, ward_id) values (285, 'Darn', 2, 6, null);
insert into candidate (id, name, country_id, district_id, ward_id) values (286, 'Dione', 2, null, 15);
insert into candidate (id, name, country_id, district_id, ward_id) values (287, 'Joeann', 1, 1, 2);
insert into candidate (id, name, country_id, district_id, ward_id) values (288, 'Axe', 2, 5, 14);
insert into candidate (id, name, country_id, district_id, ward_id) values (289, 'Calley', 1, 1, null);
insert into candidate (id, name, country_id, district_id, ward_id) values (290, 'Cyrill', null, null, 8);
insert into candidate (id, name, country_id, district_id, ward_id) values (291, 'Fernandina', 1, null, 7);
insert into candidate (id, name, country_id, district_id, ward_id) values (292, 'Kelci', 1, 3, 7);
insert into candidate (id, name, country_id, district_id, ward_id) values (293, 'Clarisse', 1, 3, 7);
insert into candidate (id, name, country_id, district_id, ward_id) values (294, 'Susana', null, 4, null);
insert into candidate (id, name, country_id, district_id, ward_id) values (295, 'Ned', 1, 1, null);
insert into candidate (id, name, country_id, district_id, ward_id) values (296, 'Ignacius', 2, null, null);
insert into candidate (id, name, country_id, district_id, ward_id) values (297, 'Mose', 2, 4, 10);
insert into candidate (id, name, country_id, district_id, ward_id) values (299, 'Rozamond', null, 6, null);
insert into candidate (id, name, country_id, district_id, ward_id) values (300, 'Augustin', 1, 1, null);
insert into candidate (id, name, country_id, district_id, ward_id) values (301, 'Mariana', null, 4, null);
insert into candidate (id, name, country_id, district_id, ward_id) values (302, 'Meredith', 2, 5, null);
insert into candidate (id, name, country_id, district_id, ward_id) values (303, 'Jesus', null, 2, 6);
insert into candidate (id, name, country_id, district_id, ward_id) values (304, 'Armando', null, null, 2);
insert into candidate (id, name, country_id, district_id, ward_id) values (305, 'Cammy', 2, 4, 11);
insert into candidate (id, name, country_id, district_id, ward_id) values (306, 'Winfred', 1, null, null);
insert into candidate (id, name, country_id, district_id, ward_id) values (307, 'Justine', 2, null, 11);
insert into candidate (id, name, country_id, district_id, ward_id) values (308, 'Jayme', null, null, 8);
insert into candidate (id, name, country_id, district_id, ward_id) values (309, 'Sebastiano', 1, null, null);
insert into candidate (id, name, country_id, district_id, ward_id) values (310, 'Annemarie', null, null, 6);
insert into candidate (id, name, country_id, district_id, ward_id) values (311, 'Sid', 2, null, null);
insert into candidate (id, name, country_id, district_id, ward_id) values (312, 'Chrotoem', 2, 4, null);
insert into candidate (id, name, country_id, district_id, ward_id) values (313, 'Artair', 1, 1, 2);
insert into candidate (id, name, country_id, district_id, ward_id) values (314, 'Kristi', null, 3, 9);
insert into candidate (id, name, country_id, district_id, ward_id) values (315, 'Hugo', 1, 1, 1);
insert into candidate (id, name, country_id, district_id, ward_id) values (316, 'Hertha', 1, null, 9);
insert into candidate (id, name, country_id, district_id, ward_id) values (317, 'Morganica', 2, 5, 13);
insert into candidate (id, name, country_id, district_id, ward_id) values (318, 'Reinhold', null, null, 6);
insert into candidate (id, name, country_id, district_id, ward_id) values (319, 'Gordon', 2, null, 14);
insert into candidate (id, name, country_id, district_id, ward_id) values (320, 'Hank', null, null, 15);
insert into candidate (id, name, country_id, district_id, ward_id) values (321, 'Bella', 1, 2, 6);
insert into candidate (id, name, country_id, district_id, ward_id) values (322, 'Alisander', 2, 6, null);
insert into candidate (id, name, country_id, district_id, ward_id) values (323, 'Edan', 2, null, 16);
insert into candidate (id, name, country_id, district_id, ward_id) values (324, 'Ford', null, null, 6);
insert into candidate (id, name, country_id, district_id, ward_id) values (326, 'Haily', null, 3, null);
insert into candidate (id, name, country_id, district_id, ward_id) values (327, 'Tab', 1, null, 3);
insert into candidate (id, name, country_id, district_id, ward_id) values (328, 'Esteban', null, null, 6);
insert into candidate (id, name, country_id, district_id, ward_id) values (329, 'Mata', 2, null, 13);
insert into candidate (id, name, country_id, district_id, ward_id) values (330, 'Aron', 2, null, 15);
insert into candidate (id, name, country_id, district_id, ward_id) values (331, 'Ariadne', 2, 6, 16);
insert into candidate (id, name, country_id, district_id, ward_id) values (332, 'Margret', 2, null, 14);
insert into candidate (id, name, country_id, district_id, ward_id) values (334, 'Ashlin', 1, null, 5);
insert into candidate (id, name, country_id, district_id, ward_id) values (335, 'Shelby', 1, null, 3);
insert into candidate (id, name, country_id, district_id, ward_id) values (336, 'Noak', 1, 1, null);
insert into candidate (id, name, country_id, district_id, ward_id) values (337, 'Riley', 2, 5, 15);
insert into candidate (id, name, country_id, district_id, ward_id) values (338, 'Valenka', 2, null, 14);
insert into candidate (id, name, country_id, district_id, ward_id) values (339, 'Taddeo', null, 1, 3);
insert into candidate (id, name, country_id, district_id, ward_id) values (340, 'Tasha', null, 6, null);
insert into candidate (id, name, country_id, district_id, ward_id) values (341, 'Dolf', null, null, 11);
insert into candidate (id, name, country_id, district_id, ward_id) values (342, 'Corissa', 1, 1, null);
insert into candidate (id, name, country_id, district_id, ward_id) values (343, 'Rodolfo', 2, 6, null);
insert into candidate (id, name, country_id, district_id, ward_id) values (344, 'Warde', null, 4, null);
insert into candidate (id, name, country_id, district_id, ward_id) values (345, 'Giulietta', 2, null, 11);
insert into candidate (id, name, country_id, district_id, ward_id) values (346, 'Clemmy', null, 2, null);
insert into candidate (id, name, country_id, district_id, ward_id) values (347, 'Janenna', 2, null, 12);
insert into candidate (id, name, country_id, district_id, ward_id) values (348, 'Rosalyn', null, null, 3);
insert into candidate (id, name, country_id, district_id, ward_id) values (349, 'Vasily', null, 5, null);
insert into candidate (id, name, country_id, district_id, ward_id) values (350, 'Immanuel', 1, 3, 7);
insert into candidate (id, name, country_id, district_id, ward_id) values (351, 'Ambros', 1, 1, 1);
insert into candidate (id, name, country_id, district_id, ward_id) values (352, 'Marybeth', null, 3, 8);
insert into candidate (id, name, country_id, district_id, ward_id) values (353, 'Ailbert', 1, null, 5);
insert into candidate (id, name, country_id, district_id, ward_id) values (354, 'Nico', null, 5, 14);
insert into candidate (id, name, country_id, district_id, ward_id) values (355, 'Matthew', 1, 3, 8);
insert into candidate (id, name, country_id, district_id, ward_id) values (356, 'Regan', 1, 1, 3);
insert into candidate (id, name, country_id, district_id, ward_id) values (357, 'Demetria', 1, null, null);
insert into candidate (id, name, country_id, district_id, ward_id) values (358, 'Renate', 1, 1, 2);
insert into candidate (id, name, country_id, district_id, ward_id) values (359, 'Clara', 2, 5, null);
insert into candidate (id, name, country_id, district_id, ward_id) values (360, 'Tobye', null, 3, null);
insert into candidate (id, name, country_id, district_id, ward_id) values (361, 'Blithe', 2, null, 15);
insert into candidate (id, name, country_id, district_id, ward_id) values (362, 'Cortie', 1, 3, null);
insert into candidate (id, name, country_id, district_id, ward_id) values (363, 'Cale', 1, 1, null);
insert into candidate (id, name, country_id, district_id, ward_id) values (364, 'Ofilia', 1, 1, 2);
insert into candidate (id, name, country_id, district_id, ward_id) values (365, 'Steward', 1, 2, 6);
insert into candidate (id, name, country_id, district_id, ward_id) values (366, 'Gratiana', null, 4, 10);
insert into candidate (id, name, country_id, district_id, ward_id) values (367, 'Gerrilee', 2, 5, 15);
insert into candidate (id, name, country_id, district_id, ward_id) values (368, 'Nye', 1, 3, null);
insert into candidate (id, name, country_id, district_id, ward_id) values (369, 'Maudie', null, 3, 9);
insert into candidate (id, name, country_id, district_id, ward_id) values (370, 'Kennith', 2, null, 15);
insert into candidate (id, name, country_id, district_id, ward_id) values (371, 'Wildon', 1, 1, null);
insert into candidate (id, name, country_id, district_id, ward_id) values (372, 'Vale', 1, 2, 4);
insert into candidate (id, name, country_id, district_id, ward_id) values (373, 'Stormie', null, 3, 9);
insert into candidate (id, name, country_id, district_id, ward_id) values (374, 'Mischa', 2, null, null);
insert into candidate (id, name, country_id, district_id, ward_id) values (375, 'Rosemonde', 2, null, 18);
insert into candidate (id, name, country_id, district_id, ward_id) values (376, 'Rossy', 2, 5, 15);
insert into candidate (id, name, country_id, district_id, ward_id) values (377, 'Tab', 2, null, 15);
insert into candidate (id, name, country_id, district_id, ward_id) values (378, 'Baldwin', 2, 5, 14);
insert into candidate (id, name, country_id, district_id, ward_id) values (379, 'Whit', 2, 4, null);
insert into candidate (id, name, country_id, district_id, ward_id) values (380, 'Analise', 1, null, 6);
insert into candidate (id, name, country_id, district_id, ward_id) values (381, 'Liz', 2, null, null);
insert into candidate (id, name, country_id, district_id, ward_id) values (382, 'Felic', null, 2, 5);
insert into candidate (id, name, country_id, district_id, ward_id) values (383, 'Bella', null, null, 3);
insert into candidate (id, name, country_id, district_id, ward_id) values (384, 'Cornall', null, 6, 16);
insert into candidate (id, name, country_id, district_id, ward_id) values (385, 'Dickie', null, null, 8);
insert into candidate (id, name, country_id, district_id, ward_id) values (387, 'Carena', 1, null, 7);
insert into candidate (id, name, country_id, district_id, ward_id) values (389, 'Jourdain', null, 5, 13);
insert into candidate (id, name, country_id, district_id, ward_id) values (390, 'Renault', null, null, 9);
insert into candidate (id, name, country_id, district_id, ward_id) values (391, 'Bentlee', 1, 1, 1);
insert into candidate (id, name, country_id, district_id, ward_id) values (392, 'Christabel', null, 5, 14);
insert into candidate (id, name, country_id, district_id, ward_id) values (393, 'Arabella', 2, 5, 13);
insert into candidate (id, name, country_id, district_id, ward_id) values (394, 'Townsend', 1, null, 2);
insert into candidate (id, name, country_id, district_id, ward_id) values (395, 'Harriette', null, null, 6);
insert into candidate (id, name, country_id, district_id, ward_id) values (396, 'Catherina', 1, 3, 9);
insert into candidate (id, name, country_id, district_id, ward_id) values (397, 'Mitchell', 1, 3, 8);
insert into candidate (id, name, country_id, district_id, ward_id) values (398, 'Junina', 2, 4, 11);
insert into candidate (id, name, country_id, district_id, ward_id) values (399, 'Cloe', null, null, 2);
insert into candidate (id, name, country_id, district_id, ward_id) values (400, 'Wileen', null, 3, 7);
insert into candidate (id, name, country_id, district_id, ward_id) values (401, 'Deena', null, 1, null);
insert into candidate (id, name, country_id, district_id, ward_id) values (402, 'Melisande', null, 1, null);
insert into candidate (id, name, country_id, district_id, ward_id) values (403, 'Gary', 2, null, 11);
insert into candidate (id, name, country_id, district_id, ward_id) values (404, 'Eirena', null, 1, null);
insert into candidate (id, name, country_id, district_id, ward_id) values (405, 'Griffith', 1, null, null);
insert into candidate (id, name, country_id, district_id, ward_id) values (406, 'Sal', 1, 2, 4);
insert into candidate (id, name, country_id, district_id, ward_id) values (407, 'Shandee', 2, 4, 12);
insert into candidate (id, name, country_id, district_id, ward_id) values (408, 'Reyna', 2, 5, null);
insert into candidate (id, name, country_id, district_id, ward_id) values (409, 'Ardelle', 2, 5, 14);
insert into candidate (id, name, country_id, district_id, ward_id) values (410, 'Cathryn', 1, null, null);
insert into candidate (id, name, country_id, district_id, ward_id) values (411, 'Ezri', 1, null, 6);
insert into candidate (id, name, country_id, district_id, ward_id) values (412, 'Amie', 1, null, 7);
insert into candidate (id, name, country_id, district_id, ward_id) values (413, 'Isabel', null, 5, 14);
insert into candidate (id, name, country_id, district_id, ward_id) values (414, 'Timothee', 2, 5, 13);
insert into candidate (id, name, country_id, district_id, ward_id) values (415, 'Doe', 2, null, 11);
insert into candidate (id, name, country_id, district_id, ward_id) values (417, 'Finley', 2, null, 15);
insert into candidate (id, name, country_id, district_id, ward_id) values (418, 'Dionis', 1, 2, 5);
insert into candidate (id, name, country_id, district_id, ward_id) values (419, 'Nico', 1, 1, 2);
insert into candidate (id, name, country_id, district_id, ward_id) values (421, 'Lilia', 1, 1, null);
insert into candidate (id, name, country_id, district_id, ward_id) values (423, 'Matilde', 1, 1, 1);
insert into candidate (id, name, country_id, district_id, ward_id) values (424, 'Niels', null, 4, 10);
insert into candidate (id, name, country_id, district_id, ward_id) values (425, 'Gwynne', 2, null, 13);
insert into candidate (id, name, country_id, district_id, ward_id) values (426, 'Shelba', 2, 5, null);
insert into candidate (id, name, country_id, district_id, ward_id) values (427, 'Bunni', 1, null, 6);
insert into candidate (id, name, country_id, district_id, ward_id) values (428, 'Lilli', 2, null, null);
insert into candidate (id, name, country_id, district_id, ward_id) values (429, 'Lurline', null, 5, null);
insert into candidate (id, name, country_id, district_id, ward_id) values (430, 'Alis', 2, null, 12);
insert into candidate (id, name, country_id, district_id, ward_id) values (431, 'Pearla', 2, null, 10);
insert into candidate (id, name, country_id, district_id, ward_id) values (432, 'Katrinka', 2, 4, 10);
insert into candidate (id, name, country_id, district_id, ward_id) values (433, 'Sylvan', null, 1, 2);
insert into candidate (id, name, country_id, district_id, ward_id) values (434, 'Rennie', 2, 6, 16);
insert into candidate (id, name, country_id, district_id, ward_id) values (435, 'Alwyn', 1, 3, null);
insert into candidate (id, name, country_id, district_id, ward_id) values (437, 'Inglis', null, 5, null);
insert into candidate (id, name, country_id, district_id, ward_id) values (438, 'Torr', null, 2, 5);
insert into candidate (id, name, country_id, district_id, ward_id) values (439, 'Rolando', 1, 2, 5);
insert into candidate (id, name, country_id, district_id, ward_id) values (440, 'Albrecht', 1, 1, 3);
insert into candidate (id, name, country_id, district_id, ward_id) values (441, 'Trefor', 2, 5, 14);
insert into candidate (id, name, country_id, district_id, ward_id) values (442, 'Edi', null, 6, 16);
insert into candidate (id, name, country_id, district_id, ward_id) values (443, 'Merralee', 2, 6, 18);
insert into candidate (id, name, country_id, district_id, ward_id) values (444, 'Maribeth', 2, 5, null);
insert into candidate (id, name, country_id, district_id, ward_id) values (445, 'Mortimer', null, 6, 17);
insert into candidate (id, name, country_id, district_id, ward_id) values (446, 'Con', 2, null, 14);
insert into candidate (id, name, country_id, district_id, ward_id) values (447, 'Dayna', 1, null, null);
insert into candidate (id, name, country_id, district_id, ward_id) values (448, 'Clyde', null, 5, 13);
insert into candidate (id, name, country_id, district_id, ward_id) values (449, 'Joy', null, 1, null);
insert into candidate (id, name, country_id, district_id, ward_id) values (450, 'Zabrina', 1, null, 4);
insert into candidate (id, name, country_id, district_id, ward_id) values (451, 'Wendall', null, null, 3);
insert into candidate (id, name, country_id, district_id, ward_id) values (452, 'Leila', 2, null, 15);
insert into candidate (id, name, country_id, district_id, ward_id) values (453, 'Marylinda', null, null, 18);
insert into candidate (id, name, country_id, district_id, ward_id) values (454, 'Markos', null, 3, null);
insert into candidate (id, name, country_id, district_id, ward_id) values (455, 'Lyndy', null, 5, null);
insert into candidate (id, name, country_id, district_id, ward_id) values (456, 'Obadiah', 1, 2, 4);
insert into candidate (id, name, country_id, district_id, ward_id) values (457, 'Moises', 2, null, 18);
insert into candidate (id, name, country_id, district_id, ward_id) values (458, 'Annetta', 1, 3, 8);
insert into candidate (id, name, country_id, district_id, ward_id) values (459, 'Gabriela', 2, 5, null);
insert into candidate (id, name, country_id, district_id, ward_id) values (460, 'Evelyn', 2, 6, 18);
insert into candidate (id, name, country_id, district_id, ward_id) values (461, 'Finley', 2, 6, null);
insert into candidate (id, name, country_id, district_id, ward_id) values (462, 'Ursula', 2, 6, 17);
insert into candidate (id, name, country_id, district_id, ward_id) values (463, 'Miguela', null, null, 18);
insert into candidate (id, name, country_id, district_id, ward_id) values (464, 'Torrence', null, null, 11);
insert into candidate (id, name, country_id, district_id, ward_id) values (465, 'Morry', 2, 4, 12);
insert into candidate (id, name, country_id, district_id, ward_id) values (466, 'Carney', 2, 5, 14);
insert into candidate (id, name, country_id, district_id, ward_id) values (467, 'Saxe', 1, 1, 1);
insert into candidate (id, name, country_id, district_id, ward_id) values (468, 'Demetra', null, null, 2);
insert into candidate (id, name, country_id, district_id, ward_id) values (469, 'Jermaine', 1, 2, 5);
insert into candidate (id, name, country_id, district_id, ward_id) values (470, 'Junia', null, 2, 6);
insert into candidate (id, name, country_id, district_id, ward_id) values (471, 'Addia', 1, null, 9);
insert into candidate (id, name, country_id, district_id, ward_id) values (472, 'Nancy', 2, null, 16);
insert into candidate (id, name, country_id, district_id, ward_id) values (473, 'Margret', null, 4, null);
insert into candidate (id, name, country_id, district_id, ward_id) values (474, 'Karleen', null, 6, 18);
insert into candidate (id, name, country_id, district_id, ward_id) values (475, 'Fernanda', 2, 6, 18);
insert into candidate (id, name, country_id, district_id, ward_id) values (476, 'Jamie', 1, null, 5);
insert into candidate (id, name, country_id, district_id, ward_id) values (477, 'Claudia', 2, 6, 17);
insert into candidate (id, name, country_id, district_id, ward_id) values (478, 'Antonino', 2, 4, null);
insert into candidate (id, name, country_id, district_id, ward_id) values (479, 'Keriann', null, 6, 17);
insert into candidate (id, name, country_id, district_id, ward_id) values (480, 'Gaby', 1, 3, 9);
insert into candidate (id, name, country_id, district_id, ward_id) values (481, 'Liam', 2, null, null);
insert into candidate (id, name, country_id, district_id, ward_id) values (482, 'Haven', 2, 5, 14);
insert into candidate (id, name, country_id, district_id, ward_id) values (483, 'Harrison', null, 4, 11);
insert into candidate (id, name, country_id, district_id, ward_id) values (484, 'Olivier', 2, 6, null);
insert into candidate (id, name, country_id, district_id, ward_id) values (485, 'Hynda', 1, null, 3);
insert into candidate (id, name, country_id, district_id, ward_id) values (486, 'Sybilla', 2, 6, 16);
insert into candidate (id, name, country_id, district_id, ward_id) values (487, 'Cordie', 1, 1, 2);
insert into candidate (id, name, country_id, district_id, ward_id) values (488, 'Nollie', 2, 6, 16);
insert into candidate (id, name, country_id, district_id, ward_id) values (489, 'Darcey', 1, 2, 5);
insert into candidate (id, name, country_id, district_id, ward_id) values (490, 'Barnett', 1, null, null);
insert into candidate (id, name, country_id, district_id, ward_id) values (491, 'Scotti', 1, 3, null);
insert into candidate (id, name, country_id, district_id, ward_id) values (492, 'Francklin', 1, null, 3);
insert into candidate (id, name, country_id, district_id, ward_id) values (493, 'Tonie', null, 1, 1);
insert into candidate (id, name, country_id, district_id, ward_id) values (494, 'Sybyl', 2, 5, 15);
insert into candidate (id, name, country_id, district_id, ward_id) values (495, 'Bing', 2, 4, 11);
insert into candidate (id, name, country_id, district_id, ward_id) values (496, 'Evy', 1, 1, 1);
insert into candidate (id, name, country_id, district_id, ward_id) values (497, 'Allyson', null, 3, 8);
insert into candidate (id, name, country_id, district_id, ward_id) values (498, 'Fair', 2, 4, 12);
insert into candidate (id, name, country_id, district_id, ward_id) values (499, 'Flin', null, 3, 8);
insert into candidate (id, name, country_id, district_id, ward_id) values (500, 'Hugibert', 2, 4, 11);
insert into candidate (id, name, country_id, district_id, ward_id) values (501, 'Konstantin', null, 5, 15);
insert into candidate (id, name, country_id, district_id, ward_id) values (502, 'Hashim', 2, 6, 16);
insert into candidate (id, name, country_id, district_id, ward_id) values (503, 'Weber', null, 4, null);
insert into candidate (id, name, country_id, district_id, ward_id) values (504, 'Cindee', 1, 1, null);
insert into candidate (id, name, country_id, district_id, ward_id) values (505, 'Gerald', 1, 1, 1);
insert into candidate (id, name, country_id, district_id, ward_id) values (506, 'Hestia', 1, null, null);
insert into candidate (id, name, country_id, district_id, ward_id) values (507, 'Maurise', 1, 1, null);
insert into candidate (id, name, country_id, district_id, ward_id) values (508, 'Kyrstin', 2, 5, 14);
insert into candidate (id, name, country_id, district_id, ward_id) values (509, 'Granger', null, 1, 3);
insert into candidate (id, name, country_id, district_id, ward_id) values (510, 'Shannen', null, 4, null);
insert into candidate (id, name, country_id, district_id, ward_id) values (511, 'Benny', null, null, 10);
insert into candidate (id, name, country_id, district_id, ward_id) values (512, 'Alanna', 1, 3, 9);
insert into candidate (id, name, country_id, district_id, ward_id) values (513, 'Ewan', null, 2, 6);
insert into candidate (id, name, country_id, district_id, ward_id) values (514, 'Elsworth', 1, 1, 2);
insert into candidate (id, name, country_id, district_id, ward_id) values (515, 'Vin', 2, 6, null);
insert into candidate (id, name, country_id, district_id, ward_id) values (516, 'Hasheem', 2, 5, 15);
insert into candidate (id, name, country_id, district_id, ward_id) values (517, 'Ted', null, 1, null);
insert into candidate (id, name, country_id, district_id, ward_id) values (518, 'Regen', null, 1, 2);
insert into candidate (id, name, country_id, district_id, ward_id) values (519, 'Bear', 2, 6, 17);
insert into candidate (id, name, country_id, district_id, ward_id) values (520, 'Tiler', 2, 5, null);
insert into candidate (id, name, country_id, district_id, ward_id) values (521, 'Marji', 2, null, 15);
insert into candidate (id, name, country_id, district_id, ward_id) values (522, 'Catina', null, 1, null);
insert into candidate (id, name, country_id, district_id, ward_id) values (523, 'Estel', 2, 4, null);
insert into candidate (id, name, country_id, district_id, ward_id) values (524, 'Mattie', 2, 4, 12);
insert into candidate (id, name, country_id, district_id, ward_id) values (525, 'Donia', 2, 5, 14);
insert into candidate (id, name, country_id, district_id, ward_id) values (526, 'Lisetta', 2, 6, 18);
insert into candidate (id, name, country_id, district_id, ward_id) values (527, 'Marietta', 1, 1, null);
insert into candidate (id, name, country_id, district_id, ward_id) values (528, 'Ludovika', 2, 6, null);
insert into candidate (id, name, country_id, district_id, ward_id) values (529, 'Helge', 1, 1, 1);
insert into candidate (id, name, country_id, district_id, ward_id) values (530, 'Alon', 1, 2, 6);
insert into candidate (id, name, country_id, district_id, ward_id) values (531, 'Adora', 2, 6, 18);
insert into candidate (id, name, country_id, district_id, ward_id) values (532, 'Franky', 1, null, 9);
insert into candidate (id, name, country_id, district_id, ward_id) values (533, 'Manolo', null, 1, null);
insert into candidate (id, name, country_id, district_id, ward_id) values (534, 'Thane', null, null, 13);
insert into candidate (id, name, country_id, district_id, ward_id) values (535, 'Carine', 1, 1, 2);
insert into candidate (id, name, country_id, district_id, ward_id) values (536, 'Merrill', 1, null, null);
insert into candidate (id, name, country_id, district_id, ward_id) values (538, 'Kerry', null, 4, null);
insert into candidate (id, name, country_id, district_id, ward_id) values (539, 'Mame', null, 1, 1);
insert into candidate (id, name, country_id, district_id, ward_id) values (540, 'Luci', 2, 5, 15);
insert into candidate (id, name, country_id, district_id, ward_id) values (541, 'Duncan', 1, 3, 9);
insert into candidate (id, name, country_id, district_id, ward_id) values (542, 'Sherill', null, null, 14);
insert into candidate (id, name, country_id, district_id, ward_id) values (543, 'Cristobal', null, 6, null);
insert into candidate (id, name, country_id, district_id, ward_id) values (544, 'Indira', 2, null, 14);
insert into candidate (id, name, country_id, district_id, ward_id) values (545, 'Kaine', null, 4, 12);
insert into candidate (id, name, country_id, district_id, ward_id) values (546, 'Ardisj', null, 2, 6);
insert into candidate (id, name, country_id, district_id, ward_id) values (547, 'Haily', 1, 3, 8);
insert into candidate (id, name, country_id, district_id, ward_id) values (548, 'Caron', 2, 5, 14);
insert into candidate (id, name, country_id, district_id, ward_id) values (549, 'Skipper', 2, 4, 12);
insert into candidate (id, name, country_id, district_id, ward_id) values (550, 'Wilfred', 1, 3, 9);
insert into candidate (id, name, country_id, district_id, ward_id) values (551, 'Elvin', 2, 5, 14);
insert into candidate (id, name, country_id, district_id, ward_id) values (552, 'Amanda', 2, null, 14);
insert into candidate (id, name, country_id, district_id, ward_id) values (553, 'Sanson', null, 6, 16);
insert into candidate (id, name, country_id, district_id, ward_id) values (554, 'Josepha', null, 2, 5);
insert into candidate (id, name, country_id, district_id, ward_id) values (555, 'Troy', 2, null, 12);
insert into candidate (id, name, country_id, district_id, ward_id) values (556, 'Dav', null, 1, null);
insert into candidate (id, name, country_id, district_id, ward_id) values (557, 'Lesley', 1, 2, null);
insert into candidate (id, name, country_id, district_id, ward_id) values (558, 'Fran', 2, 6, null);
insert into candidate (id, name, country_id, district_id, ward_id) values (559, 'Elwira', 1, 2, 4);
insert into candidate (id, name, country_id, district_id, ward_id) values (560, 'Iain', 1, 3, 9);
insert into candidate (id, name, country_id, district_id, ward_id) values (561, 'Kristien', 1, null, 5);
insert into candidate (id, name, country_id, district_id, ward_id) values (562, 'Jemie', null, 4, 11);
insert into candidate (id, name, country_id, district_id, ward_id) values (563, 'Rolando', null, null, 18);
insert into candidate (id, name, country_id, district_id, ward_id) values (564, 'Tanya', 2, 4, 11);
insert into candidate (id, name, country_id, district_id, ward_id) values (565, 'Tris', null, null, 4);
insert into candidate (id, name, country_id, district_id, ward_id) values (566, 'Nolana', 2, 5, null);
insert into candidate (id, name, country_id, district_id, ward_id) values (567, 'Symon', 1, 1, null);
insert into candidate (id, name, country_id, district_id, ward_id) values (568, 'Karilynn', 2, null, null);
insert into candidate (id, name, country_id, district_id, ward_id) values (569, 'Rhody', null, 4, null);
insert into candidate (id, name, country_id, district_id, ward_id) values (570, 'Lin', null, 1, 2);
insert into candidate (id, name, country_id, district_id, ward_id) values (571, 'Kaylyn', null, 2, 5);
insert into candidate (id, name, country_id, district_id, ward_id) values (572, 'Erroll', 2, 6, null);
insert into candidate (id, name, country_id, district_id, ward_id) values (573, 'Rina', 2, null, 12);
insert into candidate (id, name, country_id, district_id, ward_id) values (574, 'Yardley', 2, 5, 13);
insert into candidate (id, name, country_id, district_id, ward_id) values (575, 'Collete', 2, null, null);
insert into candidate (id, name, country_id, district_id, ward_id) values (576, 'Ives', 1, 3, null);
insert into candidate (id, name, country_id, district_id, ward_id) values (577, 'Almire', null, 1, null);
insert into candidate (id, name, country_id, district_id, ward_id) values (578, 'Morie', 2, 5, 13);
insert into candidate (id, name, country_id, district_id, ward_id) values (579, 'Jolene', 1, 1, null);
insert into candidate (id, name, country_id, district_id, ward_id) values (580, 'Felipa', 1, 3, 7);
insert into candidate (id, name, country_id, district_id, ward_id) values (581, 'Joshia', null, 1, null);
insert into candidate (id, name, country_id, district_id, ward_id) values (582, 'Clarissa', 2, 6, 17);
insert into candidate (id, name, country_id, district_id, ward_id) values (583, 'Alysa', 2, 5, null);
insert into candidate (id, name, country_id, district_id, ward_id) values (584, 'Ardath', 1, null, 7);
insert into candidate (id, name, country_id, district_id, ward_id) values (585, 'Corrie', null, null, 3);
insert into candidate (id, name, country_id, district_id, ward_id) values (586, 'Deana', 2, null, 11);
insert into candidate (id, name, country_id, district_id, ward_id) values (587, 'Lesly', null, 3, 9);
insert into candidate (id, name, country_id, district_id, ward_id) values (588, 'Millisent', null, 4, null);
insert into candidate (id, name, country_id, district_id, ward_id) values (589, 'Cyrille', 2, 5, 13);
insert into candidate (id, name, country_id, district_id, ward_id) values (590, 'Amberly', 2, null, null);
insert into candidate (id, name, country_id, district_id, ward_id) values (591, 'Austine', 1, 1, null);
insert into candidate (id, name, country_id, district_id, ward_id) values (592, 'Jewell', 1, null, 5);
insert into candidate (id, name, country_id, district_id, ward_id) values (593, 'Louisa', 2, 6, 16);
insert into candidate (id, name, country_id, district_id, ward_id) values (594, 'Christophe', 1, 2, 5);
insert into candidate (id, name, country_id, district_id, ward_id) values (595, 'Felicdad', 2, null, null);
insert into candidate (id, name, country_id, district_id, ward_id) values (596, 'Zilvia', 1, 3, null);
insert into candidate (id, name, country_id, district_id, ward_id) values (597, 'Alaster', 2, 4, 12);
insert into candidate (id, name, country_id, district_id, ward_id) values (598, 'Brinna', 1, 2, null);
insert into candidate (id, name, country_id, district_id, ward_id) values (599, 'Andrey', 2, 6, 16);
insert into candidate (id, name, country_id, district_id, ward_id) values (600, 'Jenny', 2, null, 16);
insert into candidate (id, name, country_id, district_id, ward_id) values (601, 'Allyn', 1, 3, null);
insert into candidate (id, name, country_id, district_id, ward_id) values (602, 'Aleda', 2, 6, 17);
insert into candidate (id, name, country_id, district_id, ward_id) values (603, 'Carolann', 2, null, 12);
insert into candidate (id, name, country_id, district_id, ward_id) values (604, 'Blakeley', 2, 5, 13);
insert into candidate (id, name, country_id, district_id, ward_id) values (605, 'Kellen', null, 6, null);
insert into candidate (id, name, country_id, district_id, ward_id) values (606, 'Benoite', 2, 4, null);
insert into candidate (id, name, country_id, district_id, ward_id) values (607, 'Shane', 1, 3, 8);
insert into candidate (id, name, country_id, district_id, ward_id) values (608, 'Murial', 1, null, 6);
insert into candidate (id, name, country_id, district_id, ward_id) values (609, 'Monique', 2, null, null);
insert into candidate (id, name, country_id, district_id, ward_id) values (610, 'Martin', 2, null, null);
insert into candidate (id, name, country_id, district_id, ward_id) values (611, 'Ginnifer', 2, 6, 16);
insert into candidate (id, name, country_id, district_id, ward_id) values (612, 'Lemar', 2, 6, 16);
insert into candidate (id, name, country_id, district_id, ward_id) values (613, 'Jeff', 1, null, 7);
insert into candidate (id, name, country_id, district_id, ward_id) values (614, 'Ignacio', 2, null, null);
insert into candidate (id, name, country_id, district_id, ward_id) values (615, 'Massimo', 1, 3, null);
insert into candidate (id, name, country_id, district_id, ward_id) values (616, 'Lew', 2, 6, 17);
insert into candidate (id, name, country_id, district_id, ward_id) values (617, 'Perry', 2, 6, null);
insert into candidate (id, name, country_id, district_id, ward_id) values (618, 'Vaughan', null, 2, 5);
insert into candidate (id, name, country_id, district_id, ward_id) values (619, 'Mark', 1, null, 9);
insert into candidate (id, name, country_id, district_id, ward_id) values (620, 'Jo-anne', null, 5, 13);
insert into candidate (id, name, country_id, district_id, ward_id) values (621, 'Darice', 1, null, 2);
insert into candidate (id, name, country_id, district_id, ward_id) values (622, 'Ann-marie', null, 3, null);
insert into candidate (id, name, country_id, district_id, ward_id) values (623, 'Misty', 1, null, 4);
insert into candidate (id, name, country_id, district_id, ward_id) values (624, 'Cymbre', null, 1, 2);
insert into candidate (id, name, country_id, district_id, ward_id) values (625, 'Montgomery', 1, 3, 7);
insert into candidate (id, name, country_id, district_id, ward_id) values (626, 'Nealon', null, 5, 15);
insert into candidate (id, name, country_id, district_id, ward_id) values (627, 'Zorine', null, 2, null);
insert into candidate (id, name, country_id, district_id, ward_id) values (628, 'Cate', 2, 4, 12);
insert into candidate (id, name, country_id, district_id, ward_id) values (629, 'Pooh', null, null, 15);
insert into candidate (id, name, country_id, district_id, ward_id) values (630, 'Tiler', 2, null, 13);
insert into candidate (id, name, country_id, district_id, ward_id) values (631, 'Benedikt', 1, 2, 4);
insert into candidate (id, name, country_id, district_id, ward_id) values (632, 'Lissy', 2, 5, null);
insert into candidate (id, name, country_id, district_id, ward_id) values (633, 'Sheffie', 1, 2, 6);
insert into candidate (id, name, country_id, district_id, ward_id) values (634, 'Zena', null, null, 6);
insert into candidate (id, name, country_id, district_id, ward_id) values (635, 'Phoebe', 1, null, null);
insert into candidate (id, name, country_id, district_id, ward_id) values (636, 'Lannie', 1, null, 5);
insert into candidate (id, name, country_id, district_id, ward_id) values (637, 'Estevan', null, null, 14);
insert into candidate (id, name, country_id, district_id, ward_id) values (638, 'Nana', 2, 5, 13);
insert into candidate (id, name, country_id, district_id, ward_id) values (639, 'Dari', null, 1, 2);
insert into candidate (id, name, country_id, district_id, ward_id) values (640, 'Sarine', 1, 2, 4);
insert into candidate (id, name, country_id, district_id, ward_id) values (641, 'Halie', 2, null, null);
insert into candidate (id, name, country_id, district_id, ward_id) values (642, 'Elvera', 2, null, null);
insert into candidate (id, name, country_id, district_id, ward_id) values (643, 'Lorrie', 2, 4, 11);
insert into candidate (id, name, country_id, district_id, ward_id) values (644, 'Walliw', null, 3, null);
insert into candidate (id, name, country_id, district_id, ward_id) values (645, 'Chip', null, 4, null);
insert into candidate (id, name, country_id, district_id, ward_id) values (646, 'Maurits', 2, null, null);
insert into candidate (id, name, country_id, district_id, ward_id) values (647, 'Una', 1, null, 1);
insert into candidate (id, name, country_id, district_id, ward_id) values (648, 'Davon', 2, 5, 15);
insert into candidate (id, name, country_id, district_id, ward_id) values (649, 'Constance', null, 6, 17);
insert into candidate (id, name, country_id, district_id, ward_id) values (650, 'Yettie', 1, 1, 1);
insert into candidate (id, name, country_id, district_id, ward_id) values (651, 'Pierette', null, 6, 17);
insert into candidate (id, name, country_id, district_id, ward_id) values (652, 'Edy', 1, 1, 3);
insert into candidate (id, name, country_id, district_id, ward_id) values (653, 'Xavier', null, null, 12);
insert into candidate (id, name, country_id, district_id, ward_id) values (654, 'Titos', 1, null, null);
insert into candidate (id, name, country_id, district_id, ward_id) values (655, 'Chiquia', null, 1, 2);
insert into candidate (id, name, country_id, district_id, ward_id) values (656, 'Mile', 1, null, 4);
insert into candidate (id, name, country_id, district_id, ward_id) values (657, 'Gypsy', 1, null, 1);
insert into candidate (id, name, country_id, district_id, ward_id) values (658, 'Nisse', 2, 6, null);
insert into candidate (id, name, country_id, district_id, ward_id) values (659, 'Tristan', 2, 4, null);
insert into candidate (id, name, country_id, district_id, ward_id) values (660, 'Lilla', 2, 5, 15);
insert into candidate (id, name, country_id, district_id, ward_id) values (661, 'Wynne', 2, 5, null);
insert into candidate (id, name, country_id, district_id, ward_id) values (662, 'Abbye', 1, 1, 3);
insert into candidate (id, name, country_id, district_id, ward_id) values (663, 'Amby', 1, null, 9);
insert into candidate (id, name, country_id, district_id, ward_id) values (664, 'Geralda', null, 4, 10);
insert into candidate (id, name, country_id, district_id, ward_id) values (665, 'Gwenni', 2, null, 17);
insert into candidate (id, name, country_id, district_id, ward_id) values (666, 'Elias', 2, null, 10);
insert into candidate (id, name, country_id, district_id, ward_id) values (667, 'Berny', 1, null, 7);
insert into candidate (id, name, country_id, district_id, ward_id) values (668, 'Chelsae', 2, 6, 18);
insert into candidate (id, name, country_id, district_id, ward_id) values (669, 'Alfonse', 2, null, null);
insert into candidate (id, name, country_id, district_id, ward_id) values (670, 'Lockwood', null, 6, 18);
insert into candidate (id, name, country_id, district_id, ward_id) values (671, 'Joete', 1, null, null);
insert into candidate (id, name, country_id, district_id, ward_id) values (672, 'Kip', 2, null, null);
insert into candidate (id, name, country_id, district_id, ward_id) values (673, 'Aurilia', 1, 1, 3);
insert into candidate (id, name, country_id, district_id, ward_id) values (674, 'Odelia', 1, 1, 3);
insert into candidate (id, name, country_id, district_id, ward_id) values (675, 'Raye', null, null, 18);
insert into candidate (id, name, country_id, district_id, ward_id) values (676, 'Maure', 2, 4, null);
insert into candidate (id, name, country_id, district_id, ward_id) values (677, 'Jethro', null, 1, 3);
insert into candidate (id, name, country_id, district_id, ward_id) values (678, 'Westleigh', null, 5, null);
insert into candidate (id, name, country_id, district_id, ward_id) values (679, 'Robyn', null, 4, 12);
insert into candidate (id, name, country_id, district_id, ward_id) values (680, 'Teresina', 2, null, null);
insert into candidate (id, name, country_id, district_id, ward_id) values (681, 'Bianca', null, null, 3);
insert into candidate (id, name, country_id, district_id, ward_id) values (682, 'Eddy', 1, 2, null);
insert into candidate (id, name, country_id, district_id, ward_id) values (683, 'Malissa', 1, 3, 8);
insert into candidate (id, name, country_id, district_id, ward_id) values (684, 'Gert', 2, null, 11);
insert into candidate (id, name, country_id, district_id, ward_id) values (685, 'Evyn', 2, null, null);
insert into candidate (id, name, country_id, district_id, ward_id) values (686, 'Galina', 2, 6, 17);
insert into candidate (id, name, country_id, district_id, ward_id) values (687, 'Layne', null, 5, null);
insert into candidate (id, name, country_id, district_id, ward_id) values (688, 'Jaquelin', 1, 1, null);
insert into candidate (id, name, country_id, district_id, ward_id) values (689, 'Ardene', 1, null, null);
insert into candidate (id, name, country_id, district_id, ward_id) values (690, 'Glynda', null, 2, 6);
insert into candidate (id, name, country_id, district_id, ward_id) values (691, 'Bertie', 2, 4, null);
insert into candidate (id, name, country_id, district_id, ward_id) values (692, 'Crichton', 2, 5, 13);
insert into candidate (id, name, country_id, district_id, ward_id) values (693, 'Osgood', 1, null, 3);
insert into candidate (id, name, country_id, district_id, ward_id) values (694, 'Gary', null, 3, 8);
insert into candidate (id, name, country_id, district_id, ward_id) values (695, 'Margy', null, 6, null);
insert into candidate (id, name, country_id, district_id, ward_id) values (696, 'Virge', null, 5, null);
insert into candidate (id, name, country_id, district_id, ward_id) values (698, 'Kaleena', 1, 3, null);
insert into candidate (id, name, country_id, district_id, ward_id) values (699, 'Claudine', 2, null, null);
insert into candidate (id, name, country_id, district_id, ward_id) values (700, 'Catharine', null, 4, 11);
insert into candidate (id, name, country_id, district_id, ward_id) values (701, 'Marys', 2, null, 15);
insert into candidate (id, name, country_id, district_id, ward_id) values (702, 'Skylar', null, 1, null);
insert into candidate (id, name, country_id, district_id, ward_id) values (703, 'Blake', 2, null, 10);
insert into candidate (id, name, country_id, district_id, ward_id) values (704, 'Malia', null, 4, null);
insert into candidate (id, name, country_id, district_id, ward_id) values (705, 'Modesta', 2, null, 12);
insert into candidate (id, name, country_id, district_id, ward_id) values (706, 'Cammy', 1, null, null);
insert into candidate (id, name, country_id, district_id, ward_id) values (707, 'Florentia', null, 2, 6);
insert into candidate (id, name, country_id, district_id, ward_id) values (708, 'Erwin', 1, null, 7);
insert into candidate (id, name, country_id, district_id, ward_id) values (709, 'Dyanna', null, 4, 11);
insert into candidate (id, name, country_id, district_id, ward_id) values (710, 'Tana', null, 6, 18);
insert into candidate (id, name, country_id, district_id, ward_id) values (711, 'Coletta', 2, null, null);
insert into candidate (id, name, country_id, district_id, ward_id) values (712, 'Eugen', 2, 6, 17);
insert into candidate (id, name, country_id, district_id, ward_id) values (713, 'Kerwin', null, 1, 2);
insert into candidate (id, name, country_id, district_id, ward_id) values (714, 'Sergio', 1, 1, 2);
insert into candidate (id, name, country_id, district_id, ward_id) values (715, 'Birch', 1, 1, 1);
insert into candidate (id, name, country_id, district_id, ward_id) values (716, 'Chaim', 1, 3, null);
insert into candidate (id, name, country_id, district_id, ward_id) values (717, 'Twila', 1, 1, null);
insert into candidate (id, name, country_id, district_id, ward_id) values (718, 'Matteo', null, null, 18);
insert into candidate (id, name, country_id, district_id, ward_id) values (720, 'Abram', 2, 5, 14);
insert into candidate (id, name, country_id, district_id, ward_id) values (721, 'Melisa', null, 5, null);
insert into candidate (id, name, country_id, district_id, ward_id) values (722, 'Reg', 1, 3, null);
insert into candidate (id, name, country_id, district_id, ward_id) values (723, 'Micah', null, 5, 14);
insert into candidate (id, name, country_id, district_id, ward_id) values (725, 'Terza', 2, 4, 10);
insert into candidate (id, name, country_id, district_id, ward_id) values (726, 'Lavena', 1, 1, 1);
insert into candidate (id, name, country_id, district_id, ward_id) values (727, 'Giuditta', 1, 2, null);
insert into candidate (id, name, country_id, district_id, ward_id) values (728, 'Nonie', null, 4, 10);
insert into candidate (id, name, country_id, district_id, ward_id) values (729, 'Marcelline', null, 3, null);
insert into candidate (id, name, country_id, district_id, ward_id) values (730, 'Sharona', null, 6, null);
insert into candidate (id, name, country_id, district_id, ward_id) values (731, 'Benjamen', 1, null, null);
insert into candidate (id, name, country_id, district_id, ward_id) values (732, 'Jerrome', 1, 2, 5);
insert into candidate (id, name, country_id, district_id, ward_id) values (733, 'Dosi', 2, 6, 17);
insert into candidate (id, name, country_id, district_id, ward_id) values (734, 'Rosy', null, null, 3);
insert into candidate (id, name, country_id, district_id, ward_id) values (735, 'Karalynn', 2, 5, 14);
insert into candidate (id, name, country_id, district_id, ward_id) values (736, 'Clare', 2, 4, null);
insert into candidate (id, name, country_id, district_id, ward_id) values (737, 'Damita', null, 3, 8);
insert into candidate (id, name, country_id, district_id, ward_id) values (738, 'Loralyn', null, 1, 2);
insert into candidate (id, name, country_id, district_id, ward_id) values (739, 'Jacynth', 2, null, 11);
insert into candidate (id, name, country_id, district_id, ward_id) values (740, 'Flem', 1, 3, null);
insert into candidate (id, name, country_id, district_id, ward_id) values (741, 'Ivan', 2, null, null);
insert into candidate (id, name, country_id, district_id, ward_id) values (742, 'Farrand', null, null, 18);
insert into candidate (id, name, country_id, district_id, ward_id) values (743, 'Nappy', null, 5, 13);
insert into candidate (id, name, country_id, district_id, ward_id) values (744, 'Caitlin', 1, null, 9);
insert into candidate (id, name, country_id, district_id, ward_id) values (745, 'Chaim', null, 4, 12);
insert into candidate (id, name, country_id, district_id, ward_id) values (746, 'Torrin', 1, null, null);
insert into candidate (id, name, country_id, district_id, ward_id) values (747, 'Ruperto', 1, 3, 7);
insert into candidate (id, name, country_id, district_id, ward_id) values (748, 'Berkeley', 2, null, 16);
insert into candidate (id, name, country_id, district_id, ward_id) values (749, 'Darcee', null, 2, 5);
insert into candidate (id, name, country_id, district_id, ward_id) values (750, 'Gilly', 1, null, null);
insert into candidate (id, name, country_id, district_id, ward_id) values (751, 'Jarrett', null, 3, 8);
insert into candidate (id, name, country_id, district_id, ward_id) values (752, 'Bud', 1, 1, 1);
insert into candidate (id, name, country_id, district_id, ward_id) values (753, 'Emmalyn', 1, 1, 3);
insert into candidate (id, name, country_id, district_id, ward_id) values (754, 'Dean', 1, 3, 9);
insert into candidate (id, name, country_id, district_id, ward_id) values (755, 'Bard', 1, 1, 3);
insert into candidate (id, name, country_id, district_id, ward_id) values (756, 'Man', 2, 6, null);
insert into candidate (id, name, country_id, district_id, ward_id) values (757, 'Ric', 2, null, 12);
insert into candidate (id, name, country_id, district_id, ward_id) values (758, 'Goldarina', 1, 1, 1);
insert into candidate (id, name, country_id, district_id, ward_id) values (759, 'Marci', 2, 5, 13);
insert into candidate (id, name, country_id, district_id, ward_id) values (760, 'Camila', 2, 5, 14);
insert into candidate (id, name, country_id, district_id, ward_id) values (761, 'Lisbeth', null, 3, 7);
insert into candidate (id, name, country_id, district_id, ward_id) values (762, 'Ardella', 2, null, 13);
insert into candidate (id, name, country_id, district_id, ward_id) values (763, 'Cord', 1, null, 1);
insert into candidate (id, name, country_id, district_id, ward_id) values (764, 'Karrie', null, 5, 15);
insert into candidate (id, name, country_id, district_id, ward_id) values (765, 'Alexis', 1, null, 8);
insert into candidate (id, name, country_id, district_id, ward_id) values (766, 'Ettore', 1, null, null);
insert into candidate (id, name, country_id, district_id, ward_id) values (767, 'Adeline', 1, 2, null);
insert into candidate (id, name, country_id, district_id, ward_id) values (768, 'Dina', 2, 5, 14);
insert into candidate (id, name, country_id, district_id, ward_id) values (769, 'Windy', 1, 1, null);
insert into candidate (id, name, country_id, district_id, ward_id) values (770, 'Bren', 1, null, 7);
insert into candidate (id, name, country_id, district_id, ward_id) values (771, 'Caryn', 1, 2, 5);
insert into candidate (id, name, country_id, district_id, ward_id) values (772, 'Micheal', 2, 5, null);
insert into candidate (id, name, country_id, district_id, ward_id) values (773, 'Madelene', 1, 3, 8);
insert into candidate (id, name, country_id, district_id, ward_id) values (774, 'Chauncey', null, 2, 6);
insert into candidate (id, name, country_id, district_id, ward_id) values (775, 'Kassia', null, null, 13);
insert into candidate (id, name, country_id, district_id, ward_id) values (776, 'Karyl', 2, 6, null);
insert into candidate (id, name, country_id, district_id, ward_id) values (777, 'Maureen', 1, 1, 2);
insert into candidate (id, name, country_id, district_id, ward_id) values (779, 'Arturo', 1, 1, 3);
insert into candidate (id, name, country_id, district_id, ward_id) values (780, 'Correy', null, 2, null);
insert into candidate (id, name, country_id, district_id, ward_id) values (782, 'Cornie', 2, 4, 12);
insert into candidate (id, name, country_id, district_id, ward_id) values (783, 'Culley', 1, null, 1);
insert into candidate (id, name, country_id, district_id, ward_id) values (784, 'Mace', 2, 5, null);
insert into candidate (id, name, country_id, district_id, ward_id) values (785, 'Georgine', 2, 6, 16);
insert into candidate (id, name, country_id, district_id, ward_id) values (786, 'Madonna', 1, 1, 2);
insert into candidate (id, name, country_id, district_id, ward_id) values (787, 'Colas', 1, 1, 1);
insert into candidate (id, name, country_id, district_id, ward_id) values (788, 'Buckie', 1, 3, null);
insert into candidate (id, name, country_id, district_id, ward_id) values (789, 'Marita', 1, 2, 4);
insert into candidate (id, name, country_id, district_id, ward_id) values (790, 'Duffy', 2, null, 18);
insert into candidate (id, name, country_id, district_id, ward_id) values (791, 'Frazer', null, 2, 6);
insert into candidate (id, name, country_id, district_id, ward_id) values (792, 'Glynnis', 1, 2, null);
insert into candidate (id, name, country_id, district_id, ward_id) values (793, 'Danielle', 1, null, 8);
insert into candidate (id, name, country_id, district_id, ward_id) values (794, 'Shermie', 1, 2, null);
insert into candidate (id, name, country_id, district_id, ward_id) values (795, 'Michelina', 2, 6, 18);
insert into candidate (id, name, country_id, district_id, ward_id) values (796, 'Brewster', null, 4, 11);
insert into candidate (id, name, country_id, district_id, ward_id) values (797, 'Maurizio', 2, 5, 13);
insert into candidate (id, name, country_id, district_id, ward_id) values (798, 'Ettie', 1, null, 4);
insert into candidate (id, name, country_id, district_id, ward_id) values (799, 'Scotty', null, null, 14);
insert into candidate (id, name, country_id, district_id, ward_id) values (803, 'Clim', 1, 3, null);
insert into candidate (id, name, country_id, district_id, ward_id) values (804, 'Phillipe', 2, null, 13);
insert into candidate (id, name, country_id, district_id, ward_id) values (805, 'Travis', 2, null, 16);
insert into candidate (id, name, country_id, district_id, ward_id) values (806, 'Manya', null, null, 4);
insert into candidate (id, name, country_id, district_id, ward_id) values (807, 'Jacob', null, 3, null);
insert into candidate (id, name, country_id, district_id, ward_id) values (808, 'Myrtle', 2, 4, null);
insert into candidate (id, name, country_id, district_id, ward_id) values (809, 'Trixy', 1, 2, 5);
insert into candidate (id, name, country_id, district_id, ward_id) values (810, 'Xenos', 2, 5, null);
insert into candidate (id, name, country_id, district_id, ward_id) values (811, 'Marcile', 2, null, 15);
insert into candidate (id, name, country_id, district_id, ward_id) values (812, 'Shanon', null, 6, 18);
insert into candidate (id, name, country_id, district_id, ward_id) values (813, 'Patrice', null, 5, 14);
insert into candidate (id, name, country_id, district_id, ward_id) values (814, 'Ella', 1, null, 7);
insert into candidate (id, name, country_id, district_id, ward_id) values (815, 'Gennifer', 2, 5, null);
insert into candidate (id, name, country_id, district_id, ward_id) values (816, 'Barbi', null, 6, 16);
insert into candidate (id, name, country_id, district_id, ward_id) values (817, 'Gusta', 1, 1, 3);
insert into candidate (id, name, country_id, district_id, ward_id) values (818, 'Doug', null, null, 9);
insert into candidate (id, name, country_id, district_id, ward_id) values (819, 'Maryellen', 1, 1, 2);
insert into candidate (id, name, country_id, district_id, ward_id) values (820, 'Jobi', 2, 4, 11);
insert into candidate (id, name, country_id, district_id, ward_id) values (821, 'Lissy', null, 4, 11);
insert into candidate (id, name, country_id, district_id, ward_id) values (822, 'Siouxie', 2, null, null);
insert into candidate (id, name, country_id, district_id, ward_id) values (823, 'Indira', 1, null, 8);
insert into candidate (id, name, country_id, district_id, ward_id) values (824, 'Nanny', 1, null, 2);
insert into candidate (id, name, country_id, district_id, ward_id) values (825, 'Mychal', 2, null, null);
insert into candidate (id, name, country_id, district_id, ward_id) values (826, 'Arleen', null, 4, 10);
insert into candidate (id, name, country_id, district_id, ward_id) values (827, 'Tasia', 1, null, 1);
insert into candidate (id, name, country_id, district_id, ward_id) values (828, 'Pavlov', 1, 3, 7);
insert into candidate (id, name, country_id, district_id, ward_id) values (829, 'Paule', 2, 5, null);
insert into candidate (id, name, country_id, district_id, ward_id) values (830, 'Romona', 2, 6, 17);
insert into candidate (id, name, country_id, district_id, ward_id) values (831, 'Feodor', 1, 2, 6);
insert into candidate (id, name, country_id, district_id, ward_id) values (832, 'Tamqrah', 1, 2, 5);
insert into candidate (id, name, country_id, district_id, ward_id) values (833, 'Tiphani', null, 3, 9);
insert into candidate (id, name, country_id, district_id, ward_id) values (834, 'Zena', null, 1, 1);
insert into candidate (id, name, country_id, district_id, ward_id) values (835, 'Ryann', 2, 5, 14);
insert into candidate (id, name, country_id, district_id, ward_id) values (836, 'Prentiss', 1, 3, 9);
insert into candidate (id, name, country_id, district_id, ward_id) values (837, 'Moria', 1, 2, 4);
insert into candidate (id, name, country_id, district_id, ward_id) values (839, 'Rodrick', 2, 4, null);
insert into candidate (id, name, country_id, district_id, ward_id) values (840, 'Tymothy', null, null, 17);
insert into candidate (id, name, country_id, district_id, ward_id) values (841, 'Frayda', null, 1, 1);
insert into candidate (id, name, country_id, district_id, ward_id) values (842, 'Hendrick', 2, null, 12);
insert into candidate (id, name, country_id, district_id, ward_id) values (843, 'Abdul', 1, 2, null);
insert into candidate (id, name, country_id, district_id, ward_id) values (845, 'Ruthi', 2, 6, null);
insert into candidate (id, name, country_id, district_id, ward_id) values (846, 'Brad', 1, 2, null);
insert into candidate (id, name, country_id, district_id, ward_id) values (847, 'Zaneta', 1, null, null);
insert into candidate (id, name, country_id, district_id, ward_id) values (848, 'Audrey', 1, null, 5);
insert into candidate (id, name, country_id, district_id, ward_id) values (849, 'Bryanty', 1, null, null);
insert into candidate (id, name, country_id, district_id, ward_id) values (850, 'Chick', 2, null, 13);
insert into candidate (id, name, country_id, district_id, ward_id) values (851, 'Tull', 2, null, 13);
insert into candidate (id, name, country_id, district_id, ward_id) values (852, 'Tabina', 1, 3, null);
insert into candidate (id, name, country_id, district_id, ward_id) values (853, 'Shelden', 1, null, 2);
insert into candidate (id, name, country_id, district_id, ward_id) values (854, 'Trina', 1, 1, 2);
insert into candidate (id, name, country_id, district_id, ward_id) values (855, 'Emmery', 1, 1, null);
insert into candidate (id, name, country_id, district_id, ward_id) values (856, 'Melloney', 2, 6, 18);
insert into candidate (id, name, country_id, district_id, ward_id) values (857, 'Lian', null, 5, 14);
insert into candidate (id, name, country_id, district_id, ward_id) values (858, 'Susi', 2, 5, 14);
insert into candidate (id, name, country_id, district_id, ward_id) values (859, 'Rooney', 1, 2, null);
insert into candidate (id, name, country_id, district_id, ward_id) values (860, 'Vickie', 1, 1, null);
insert into candidate (id, name, country_id, district_id, ward_id) values (861, 'Ingmar', 1, 1, 3);
insert into candidate (id, name, country_id, district_id, ward_id) values (862, 'Wallis', 2, null, 15);
insert into candidate (id, name, country_id, district_id, ward_id) values (863, 'Madison', null, 5, null);
insert into candidate (id, name, country_id, district_id, ward_id) values (864, 'Shepard', null, null, 2);
insert into candidate (id, name, country_id, district_id, ward_id) values (865, 'Iggy', null, 1, 1);
insert into candidate (id, name, country_id, district_id, ward_id) values (866, 'Suzie', 1, 1, 2);
insert into candidate (id, name, country_id, district_id, ward_id) values (867, 'Ortensia', 2, 5, 13);
insert into candidate (id, name, country_id, district_id, ward_id) values (868, 'Trenna', 2, null, 11);
insert into candidate (id, name, country_id, district_id, ward_id) values (869, 'Ave', null, 6, 17);
insert into candidate (id, name, country_id, district_id, ward_id) values (870, 'Nyssa', 1, 1, null);
insert into candidate (id, name, country_id, district_id, ward_id) values (871, 'Bronny', 1, 1, 3);
insert into candidate (id, name, country_id, district_id, ward_id) values (872, 'Bamby', 1, 3, 9);
insert into candidate (id, name, country_id, district_id, ward_id) values (873, 'Vanna', 1, 1, 1);
insert into candidate (id, name, country_id, district_id, ward_id) values (874, 'Julita', null, null, 1);
insert into candidate (id, name, country_id, district_id, ward_id) values (875, 'Merrick', 1, null, 6);
insert into candidate (id, name, country_id, district_id, ward_id) values (877, 'Lisabeth', 1, null, 8);
insert into candidate (id, name, country_id, district_id, ward_id) values (878, 'Anjela', 2, 5, 13);
insert into candidate (id, name, country_id, district_id, ward_id) values (879, 'Richmond', null, 1, 1);
insert into candidate (id, name, country_id, district_id, ward_id) values (880, 'Dorice', null, 2, null);
insert into candidate (id, name, country_id, district_id, ward_id) values (881, 'Lizabeth', 2, 4, 11);
insert into candidate (id, name, country_id, district_id, ward_id) values (882, 'Domingo', 2, 4, 12);
insert into candidate (id, name, country_id, district_id, ward_id) values (883, 'Garrek', 1, null, 9);
insert into candidate (id, name, country_id, district_id, ward_id) values (884, 'Benedicto', 1, 2, null);
insert into candidate (id, name, country_id, district_id, ward_id) values (885, 'Ancell', null, 5, 15);
insert into candidate (id, name, country_id, district_id, ward_id) values (886, 'Marlene', 2, null, 10);
insert into candidate (id, name, country_id, district_id, ward_id) values (887, 'Madonna', null, 3, null);
insert into candidate (id, name, country_id, district_id, ward_id) values (888, 'Kym', 2, 4, null);
insert into candidate (id, name, country_id, district_id, ward_id) values (889, 'Iggy', null, 2, 6);
insert into candidate (id, name, country_id, district_id, ward_id) values (890, 'Jesselyn', null, null, 2);
insert into candidate (id, name, country_id, district_id, ward_id) values (891, 'Rosette', null, 2, null);
insert into candidate (id, name, country_id, district_id, ward_id) values (892, 'Marika', null, null, 16);
insert into candidate (id, name, country_id, district_id, ward_id) values (893, 'Lilly', 2, 6, 16);
insert into candidate (id, name, country_id, district_id, ward_id) values (894, 'Ted', null, 4, 12);
insert into candidate (id, name, country_id, district_id, ward_id) values (895, 'Dori', 1, 1, null);
insert into candidate (id, name, country_id, district_id, ward_id) values (896, 'Ferrell', 1, 2, null);
insert into candidate (id, name, country_id, district_id, ward_id) values (897, 'Wally', 1, null, 1);
insert into candidate (id, name, country_id, district_id, ward_id) values (898, 'Noreen', 1, 2, 6);
insert into candidate (id, name, country_id, district_id, ward_id) values (899, 'Armand', 2, 5, 14);
insert into candidate (id, name, country_id, district_id, ward_id) values (900, 'Fania', null, 5, 13);
insert into candidate (id, name, country_id, district_id, ward_id) values (901, 'Filberte', null, null, 3);
insert into candidate (id, name, country_id, district_id, ward_id) values (902, 'Melissa', 1, null, 7);
insert into candidate (id, name, country_id, district_id, ward_id) values (903, 'Timothy', 2, 4, 12);
insert into candidate (id, name, country_id, district_id, ward_id) values (904, 'Isa', 1, 2, null);
insert into candidate (id, name, country_id, district_id, ward_id) values (905, 'Blanche', 1, 2, null);
insert into candidate (id, name, country_id, district_id, ward_id) values (906, 'Reed', null, 3, null);
insert into candidate (id, name, country_id, district_id, ward_id) values (907, 'Rosalind', 2, null, 16);
insert into candidate (id, name, country_id, district_id, ward_id) values (908, 'Obadias', null, 4, null);
insert into candidate (id, name, country_id, district_id, ward_id) values (909, 'Adda', null, 1, 1);
insert into candidate (id, name, country_id, district_id, ward_id) values (910, 'Lib', 2, 4, 12);
insert into candidate (id, name, country_id, district_id, ward_id) values (911, 'Yoshi', null, 2, null);
insert into candidate (id, name, country_id, district_id, ward_id) values (912, 'Yvette', null, 4, null);
insert into candidate (id, name, country_id, district_id, ward_id) values (913, 'Maurene', 2, 5, null);
insert into candidate (id, name, country_id, district_id, ward_id) values (914, 'Benn', 1, null, 4);
insert into candidate (id, name, country_id, district_id, ward_id) values (915, 'Jock', 1, null, 3);
insert into candidate (id, name, country_id, district_id, ward_id) values (916, 'Merill', 1, 2, 6);
insert into candidate (id, name, country_id, district_id, ward_id) values (917, 'Marianna', null, 3, null);
insert into candidate (id, name, country_id, district_id, ward_id) values (918, 'Emilia', null, 5, null);
insert into candidate (id, name, country_id, district_id, ward_id) values (919, 'Maximilianus', null, 4, 10);
insert into candidate (id, name, country_id, district_id, ward_id) values (920, 'Marinna', 1, 1, 2);
insert into candidate (id, name, country_id, district_id, ward_id) values (921, 'Lucian', 1, null, null);
insert into candidate (id, name, country_id, district_id, ward_id) values (922, 'Gavrielle', 1, 2, 4);
insert into candidate (id, name, country_id, district_id, ward_id) values (923, 'Orazio', null, null, 4);
insert into candidate (id, name, country_id, district_id, ward_id) values (924, 'Elora', 2, 4, 11);
insert into candidate (id, name, country_id, district_id, ward_id) values (925, 'Bamby', 1, 1, 3);
insert into candidate (id, name, country_id, district_id, ward_id) values (926, 'Netty', 1, null, 5);
insert into candidate (id, name, country_id, district_id, ward_id) values (927, 'Gavan', 1, null, 4);
insert into candidate (id, name, country_id, district_id, ward_id) values (928, 'Renee', 1, 2, null);
insert into candidate (id, name, country_id, district_id, ward_id) values (929, 'Estelle', null, null, 9);
insert into candidate (id, name, country_id, district_id, ward_id) values (930, 'Knox', 1, null, null);
insert into candidate (id, name, country_id, district_id, ward_id) values (931, 'Lindy', 2, 6, 18);
insert into candidate (id, name, country_id, district_id, ward_id) values (932, 'Wolfgang', null, 2, 4);
insert into candidate (id, name, country_id, district_id, ward_id) values (933, 'Mareah', 2, null, 14);
insert into candidate (id, name, country_id, district_id, ward_id) values (934, 'Vinnie', null, null, 15);
insert into candidate (id, name, country_id, district_id, ward_id) values (935, 'Ax', 2, 6, null);
insert into candidate (id, name, country_id, district_id, ward_id) values (936, 'Tomasina', null, 6, null);
insert into candidate (id, name, country_id, district_id, ward_id) values (937, 'Flory', 2, 5, 14);
insert into candidate (id, name, country_id, district_id, ward_id) values (938, 'Lonnie', 1, null, 9);
insert into candidate (id, name, country_id, district_id, ward_id) values (939, 'Jamie', 1, 1, 1);
insert into candidate (id, name, country_id, district_id, ward_id) values (940, 'Brett', 1, 1, null);
insert into candidate (id, name, country_id, district_id, ward_id) values (941, 'Dev', null, 2, 6);
insert into candidate (id, name, country_id, district_id, ward_id) values (942, 'Dolores', null, 3, 9);
insert into candidate (id, name, country_id, district_id, ward_id) values (943, 'Kassie', 1, null, null);
insert into candidate (id, name, country_id, district_id, ward_id) values (944, 'Prince', 2, null, null);
insert into candidate (id, name, country_id, district_id, ward_id) values (945, 'Clement', null, 1, null);
insert into candidate (id, name, country_id, district_id, ward_id) values (946, 'Adan', 1, 3, 7);
insert into candidate (id, name, country_id, district_id, ward_id) values (947, 'Gwenneth', 2, 4, 12);
insert into candidate (id, name, country_id, district_id, ward_id) values (948, 'Renie', null, 4, 10);
insert into candidate (id, name, country_id, district_id, ward_id) values (949, 'Clarisse', 1, 3, 8);
insert into candidate (id, name, country_id, district_id, ward_id) values (950, 'Guglielma', null, 3, 9);
insert into candidate (id, name, country_id, district_id, ward_id) values (951, 'Anderson', 2, 5, null);
insert into candidate (id, name, country_id, district_id, ward_id) values (952, 'Reece', 2, 4, 11);
insert into candidate (id, name, country_id, district_id, ward_id) values (953, 'Chen', 2, null, null);
insert into candidate (id, name, country_id, district_id, ward_id) values (954, 'Debor', 2, 4, 12);
insert into candidate (id, name, country_id, district_id, ward_id) values (955, 'Klemens', 1, null, 8);
insert into candidate (id, name, country_id, district_id, ward_id) values (956, 'Lucio', 1, null, 3);
insert into candidate (id, name, country_id, district_id, ward_id) values (957, 'Crosby', 2, 6, 18);
insert into candidate (id, name, country_id, district_id, ward_id) values (959, 'Josee', 2, 4, null);
insert into candidate (id, name, country_id, district_id, ward_id) values (960, 'Ame', 2, 5, null);
insert into candidate (id, name, country_id, district_id, ward_id) values (961, 'Marji', null, 3, null);
insert into candidate (id, name, country_id, district_id, ward_id) values (962, 'Aeriel', null, 1, 1);
insert into candidate (id, name, country_id, district_id, ward_id) values (963, 'Fern', 2, 6, 18);
insert into candidate (id, name, country_id, district_id, ward_id) values (965, 'Lanie', 2, 5, 14);
insert into candidate (id, name, country_id, district_id, ward_id) values (966, 'Mal', null, 6, null);
insert into candidate (id, name, country_id, district_id, ward_id) values (967, 'Gaultiero', 2, null, 12);
insert into candidate (id, name, country_id, district_id, ward_id) values (968, 'Odilia', 1, null, null);
insert into candidate (id, name, country_id, district_id, ward_id) values (969, 'Constantina', null, 1, 3);
insert into candidate (id, name, country_id, district_id, ward_id) values (970, 'Maisie', 1, 1, 3);
insert into candidate (id, name, country_id, district_id, ward_id) values (971, 'Torin', 1, 2, 4);
insert into candidate (id, name, country_id, district_id, ward_id) values (972, 'Vivianne', null, 3, 8);
insert into candidate (id, name, country_id, district_id, ward_id) values (973, 'Avrit', null, null, 7);
insert into candidate (id, name, country_id, district_id, ward_id) values (974, 'Dyanne', 1, null, 8);
insert into candidate (id, name, country_id, district_id, ward_id) values (975, 'Korie', 2, 4, 10);
insert into candidate (id, name, country_id, district_id, ward_id) values (976, 'Blisse', 2, 5, null);
insert into candidate (id, name, country_id, district_id, ward_id) values (978, 'Leta', 1, null, null);
insert into candidate (id, name, country_id, district_id, ward_id) values (979, 'Marya', 1, 3, 7);
insert into candidate (id, name, country_id, district_id, ward_id) values (980, 'Ashil', null, 1, null);
insert into candidate (id, name, country_id, district_id, ward_id) values (981, 'Averil', 1, 3, 9);
insert into candidate (id, name, country_id, district_id, ward_id) values (983, 'Alejandrina', 1, 3, 7);
insert into candidate (id, name, country_id, district_id, ward_id) values (984, 'Si', 2, null, 15);
insert into candidate (id, name, country_id, district_id, ward_id) values (985, 'Iosep', 1, null, null);
insert into candidate (id, name, country_id, district_id, ward_id) values (986, 'Jackson', 1, 3, null);
insert into candidate (id, name, country_id, district_id, ward_id) values (987, 'Flemming', null, 3, null);
insert into candidate (id, name, country_id, district_id, ward_id) values (988, 'Rhody', 1, null, 7);
insert into candidate (id, name, country_id, district_id, ward_id) values (989, 'Saxe', null, 6, 18);
insert into candidate (id, name, country_id, district_id, ward_id) values (990, 'Hilarius', 2, 5, 13);
insert into candidate (id, name, country_id, district_id, ward_id) values (991, 'Norene', null, 5, 15);
insert into candidate (id, name, country_id, district_id, ward_id) values (993, 'Veronique', null, null, 6);
insert into candidate (id, name, country_id, district_id, ward_id) values (994, 'Gwendolyn', 2, 4, null);
insert into candidate (id, name, country_id, district_id, ward_id) values (995, 'Modestia', 2, 4, 11);
insert into candidate (id, name, country_id, district_id, ward_id) values (996, 'Bennett', 2, 6, 18);
insert into candidate (id, name, country_id, district_id, ward_id) values (997, 'Irena', null, 6, null);
insert into candidate (id, name, country_id, district_id, ward_id) values (998, 'Brien', 2, null, 12);
insert into candidate (id, name, country_id, district_id, ward_id) values (999, 'Cullan', null, 1, null);
insert into candidate (id, name, country_id, district_id, ward_id) values (1000, 'Flori', 1, null, null);

-- some polls may have less candidates than required
INSERT INTO poll (id,candidates_count,description,name,open_from,open_until,voting_mode,creator_id) VALUES (1,6,'enim. Etiam imperdiet dictum magna. Ut tincidunt','laoreet ipsum.','2020-11-19 05:40:26','2020-12-28 06:22:02','EXACTLY','1'),(2,7,'mollis lectus pede et risus. Quisque libero lacus,','eu, ligula.','2020-11-17 08:11:55','2020-12-08 22:03:39','AT_MOST','1'),(3,6,'arcu et pede. Nunc sed orci lobortis augue','enim','2020-11-09 09:19:36','2020-12-06 12:14:04','EXACTLY','1'),(4,6,'rutrum. Fusce dolor quam, elementum at,','vulputate, risus','2020-11-24 17:09:47','2020-12-12 11:56:03','EXACTLY','1'),(5,3,'semper egestas, urna justo faucibus lectus, a sollicitudin orci','at','2020-11-02 15:44:46','2020-12-20 04:21:48','EXACTLY','1'),(6,5,'Cum sociis natoque penatibus et','et','2020-11-06 13:54:08','2020-12-12 10:50:33','EXACTLY','1'),(7,6,'tincidunt orci quis lectus. Nullam','nisi nibh lacinia','2020-11-28 06:15:35','2020-12-01 08:28:12','EXACTLY','1'),(8,6,'magna. Phasellus dolor elit, pellentesque a, facilisis non, bibendum sed,','vel arcu','2020-11-01 19:01:49','2020-12-29 21:20:00','AT_MOST','1'),(9,3,'cursus et, magna. Praesent interdum ligula eu enim. Etiam','lacus. Aliquam rutrum','2020-11-06 10:18:53','2020-12-07 20:13:09','EXACTLY','1'),(10,2,'ornare lectus justo eu arcu. Morbi sit amet','dolor.','2020-11-12 17:14:19','2020-12-13 09:51:58','AT_MOST','1');
INSERT INTO poll (id,candidates_count,description,name,open_from,open_until,voting_mode,creator_id) VALUES (11,5,'luctus et ultrices posuere cubilia Curae; Donec tincidunt. Donec','lacus','2020-11-22 06:45:57','2020-12-27 03:57:50','AT_MOST','1'),(12,8,'Ut semper pretium neque. Morbi quis urna. Nunc quis','velit egestas lacinia.','2020-11-19 17:28:59','2020-12-08 04:18:48','EXACTLY','1'),(13,8,'eros. Proin ultrices. Duis volutpat','sociis natoque','2020-11-09 13:27:50','2020-12-15 03:36:54','AT_MOST','1'),(14,2,'sagittis placerat. Cras dictum ultricies ligula.','amet, consectetuer adipiscing','2020-11-13 10:35:20','2020-12-20 13:09:22','EXACTLY','1'),(15,6,'a, dui. Cras pellentesque. Sed dictum. Proin eget','tincidunt, nunc','2020-11-17 22:34:52','2020-12-22 02:58:01','AT_MOST','1'),(16,6,'vel est tempor bibendum. Donec felis','lobortis tellus','2020-11-01 09:00:56','2020-12-11 15:57:02','EXACTLY','1'),(17,4,'lectus. Nullam suscipit, est ac','risus. Nunc ac','2020-11-15 11:46:34','2020-12-14 11:54:28','AT_MOST','1'),(18,9,'tortor. Integer aliquam adipiscing lacus. Ut nec urna','Class aptent taciti','2020-11-22 02:09:16','2020-12-15 05:43:55','AT_MOST','1'),(19,4,'aliquam eros turpis non enim. Mauris quis','erat semper','2020-11-22 07:53:42','2020-12-27 14:25:04','AT_MOST','1'),(20,8,'Quisque ac libero nec ligula consectetuer','nec ligula consectetuer','2020-11-13 20:11:28','2020-12-16 05:57:37','AT_MOST','1');
INSERT INTO poll (id,candidates_count,description,name,open_from,open_until,voting_mode,creator_id) VALUES (21,6,'pede. Praesent eu dui. Cum sociis natoque penatibus','Donec nibh','2020-11-14 21:54:44','2020-12-02 10:56:28','EXACTLY','1'),(22,2,'nec urna et arcu imperdiet','convallis dolor. Quisque','2020-11-12 11:32:03','2020-12-26 20:23:41','EXACTLY','1'),(23,3,'nonummy ac, feugiat non, lobortis quis,','et, magna. Praesent','2020-11-01 20:08:15','2020-12-07 10:47:46','AT_MOST','1'),(24,8,'lorem eu metus. In lorem. Donec elementum,','quis','2020-11-09 21:59:56','2020-12-21 03:59:10','EXACTLY','1'),(25,3,'nibh sit amet orci. Ut sagittis lobortis','neque','2020-11-09 05:58:43','2020-12-22 14:44:41','AT_MOST','1'),(26,5,'mi tempor lorem, eget mollis lectus pede et','in','2020-11-11 00:58:19','2020-12-11 00:57:58','AT_MOST','1'),(27,2,'vestibulum. Mauris magna. Duis dignissim tempor arcu. Vestibulum ut eros','sem magna nec','2020-11-21 17:08:46','2020-12-02 07:05:08','AT_MOST','1'),(28,5,'at pede. Cras vulputate velit','sem molestie','2020-11-25 11:53:56','2020-12-22 19:01:40','AT_MOST','1'),(29,6,'Curae; Donec tincidunt. Donec vitae erat','arcu. Aliquam','2020-11-15 16:39:15','2020-12-20 12:51:38','EXACTLY','1'),(30,4,'Curabitur egestas nunc sed libero. Proin','auctor, velit','2020-11-21 08:24:59','2020-12-28 17:44:53','AT_MOST','1');
INSERT INTO poll (id,candidates_count,description,name,open_from,open_until,voting_mode,creator_id) VALUES (31,7,'ligula. Nullam feugiat placerat velit.','dolor egestas rhoncus.','2020-11-24 16:27:34','2020-12-13 05:59:50','AT_MOST','1'),(32,8,'Phasellus fermentum convallis ligula. Donec luctus aliquet odio. Etiam ligula','Etiam','2020-11-05 02:06:36','2020-12-08 03:42:29','AT_MOST','1'),(33,6,'amet, consectetuer adipiscing elit. Aliquam auctor,','molestie sodales.','2020-11-25 20:51:49','2020-12-09 23:48:07','EXACTLY','1'),(34,3,'leo elementum sem, vitae aliquam','id enim.','2020-11-06 16:33:21','2020-12-27 06:24:23','AT_MOST','1'),(35,7,'faucibus ut, nulla. Cras eu tellus eu augue porttitor','ut','2020-11-01 22:08:52','2020-12-31 14:30:15','EXACTLY','1'),(36,6,'erat. Sed nunc est, mollis non, cursus non,','Nullam suscipit, est','2020-11-20 15:24:08','2020-12-17 18:37:28','EXACTLY','1'),(37,8,'fermentum risus, at fringilla purus mauris a','Nullam enim.','2020-11-29 08:10:24','2020-12-26 14:06:59','EXACTLY','1'),(38,9,'nunc est, mollis non, cursus non, egestas a, dui.','vel, convallis in,','2020-11-16 10:15:06','2020-12-06 12:44:32','AT_MOST','1'),(39,3,'orci sem eget massa. Suspendisse eleifend. Cras','vitae,','2020-11-30 10:23:42','2020-12-06 15:06:14','EXACTLY','1'),(40,9,'urna et arcu imperdiet ullamcorper. Duis at lacus. Quisque purus','Sed','2020-11-23 02:35:30','2020-12-07 02:15:44','EXACTLY','1');
INSERT INTO poll (id,candidates_count,description,name,open_from,open_until,voting_mode,creator_id) VALUES (41,2,'natoque penatibus et magnis dis parturient','Quisque ac libero','2020-11-25 11:41:58','2020-12-25 15:09:41','EXACTLY','1'),(42,10,'fringilla cursus purus. Nullam scelerisque neque sed sem egestas blandit.','nascetur','2020-11-14 23:56:39','2020-12-11 02:02:27','AT_MOST','1'),(43,8,'sed pede. Cum sociis natoque penatibus et magnis','in','2020-11-04 04:38:49','2020-12-02 21:04:19','EXACTLY','1'),(44,3,'consequat, lectus sit amet luctus vulputate, nisi','Nulla','2020-11-20 10:52:59','2020-12-05 04:09:22','AT_MOST','1'),(45,9,'Phasellus ornare. Fusce mollis. Duis sit amet','eu','2020-11-12 21:05:54','2020-12-19 13:48:22','EXACTLY','1'),(46,6,'nonummy ac, feugiat non, lobortis','ac facilisis','2020-11-21 19:13:45','2020-12-05 11:32:18','AT_MOST','1'),(47,2,'mauris blandit mattis. Cras eget nisi dictum','in, hendrerit','2020-11-18 14:05:03','2020-12-06 04:12:00','EXACTLY','1'),(48,4,'ipsum. Suspendisse non leo. Vivamus nibh dolor, nonummy','nunc ac','2020-11-25 04:24:31','2020-12-06 15:47:18','AT_MOST','1'),(49,9,'et nunc. Quisque ornare tortor at risus. Nunc ac sem','ultrices, mauris','2020-11-17 01:37:59','2020-12-24 16:02:38','AT_MOST','1'),(50,7,'in, tempus eu, ligula. Aenean euismod mauris eu elit. Nulla','purus, accumsan interdum','2020-11-25 13:02:27','2020-12-28 04:33:07','EXACTLY','1');
INSERT INTO poll (id,candidates_count,description,name,open_from,open_until,voting_mode,creator_id) VALUES (51,9,'et magnis dis parturient montes,','augue id ante','2020-11-19 17:39:36','2020-12-31 23:06:32','AT_MOST','1'),(52,2,'ut erat. Sed nunc est, mollis non,','Suspendisse aliquet,','2020-11-03 07:46:12','2020-12-09 05:50:46','AT_MOST','1'),(53,4,'dictum cursus. Nunc mauris elit, dictum eu, eleifend','dolor dolor,','2020-11-21 12:57:54','2020-12-04 07:07:44','EXACTLY','1'),(54,9,'et malesuada fames ac turpis egestas. Aliquam fringilla cursus','iaculis enim,','2020-11-21 04:43:47','2020-12-23 04:54:17','AT_MOST','1'),(55,4,'amet ultricies sem magna nec','nec','2020-11-13 05:21:03','2020-12-09 05:51:34','EXACTLY','1'),(56,7,'per conubia nostra, per inceptos hymenaeos. Mauris','neque vitae semper','2020-11-26 14:09:25','2020-12-19 08:29:27','EXACTLY','1'),(57,6,'Phasellus libero mauris, aliquam eu, accumsan sed, facilisis vitae,','magna. Lorem','2020-11-27 19:11:21','2020-12-01 06:48:42','EXACTLY','1'),(58,4,'egestas. Sed pharetra, felis eget varius ultrices, mauris ipsum','aliquam arcu. Aliquam','2020-11-15 21:45:32','2020-12-16 00:56:02','AT_MOST','1'),(59,10,'ante, iaculis nec, eleifend non, dapibus rutrum, justo.','massa non ante','2020-11-14 06:42:46','2020-12-09 06:54:57','EXACTLY','1'),(60,6,'Duis a mi fringilla mi','Nunc','2020-11-20 02:03:35','2020-12-22 21:25:24','EXACTLY','1');
INSERT INTO poll (id,candidates_count,description,name,open_from,open_until,voting_mode,creator_id) VALUES (61,2,'non sapien molestie orci tincidunt adipiscing. Mauris molestie','Phasellus','2020-11-03 02:06:29','2020-12-09 08:23:34','EXACTLY','1'),(62,10,'gravida sit amet, dapibus id,','nascetur','2020-11-12 23:09:14','2020-12-07 00:29:59','AT_MOST','1'),(63,4,'Sed molestie. Sed id risus quis diam luctus lobortis. Class','penatibus','2020-11-28 17:56:09','2020-12-18 08:23:27','EXACTLY','1'),(64,8,'Phasellus at augue id ante dictum cursus. Nunc mauris','accumsan','2020-11-23 13:12:40','2020-12-05 03:32:29','AT_MOST','1'),(65,7,'eu turpis. Nulla aliquet. Proin velit. Sed malesuada augue','sollicitudin','2020-11-19 04:47:36','2020-12-13 13:10:01','AT_MOST','1'),(66,7,'Nunc pulvinar arcu et pede. Nunc','Suspendisse','2020-11-19 22:30:27','2020-12-26 07:07:06','EXACTLY','1'),(67,8,'lorem fringilla ornare placerat, orci lacus vestibulum lorem,','Cras','2020-11-05 21:53:16','2020-12-28 23:58:58','EXACTLY','1'),(68,7,'interdum. Nunc sollicitudin commodo ipsum. Suspendisse non leo.','sapien molestie orci','2020-11-17 20:13:46','2020-12-29 06:05:25','AT_MOST','1'),(69,8,'Sed auctor odio a purus. Duis elementum, dui','iaculis nec,','2020-11-03 15:49:34','2020-12-05 19:59:02','EXACTLY','1'),(70,8,'blandit at, nisi. Cum sociis natoque penatibus et magnis','lacus pede sagittis','2020-11-07 22:08:53','2020-12-22 22:18:32','EXACTLY','1');
INSERT INTO poll (id,candidates_count,description,name,open_from,open_until,voting_mode,creator_id) VALUES (71,6,'imperdiet non, vestibulum nec, euismod in, dolor. Fusce','Integer urna.','2020-11-10 21:02:20','2020-12-14 10:12:13','EXACTLY','1'),(72,8,'mauris, aliquam eu, accumsan sed,','ornare','2020-11-23 18:39:40','2020-12-29 04:26:59','EXACTLY','1'),(73,3,'pede sagittis augue, eu tempor','magna','2020-11-07 15:51:09','2020-12-29 05:05:53','EXACTLY','1'),(74,2,'penatibus et magnis dis parturient','id','2020-11-28 22:19:10','2020-12-14 05:13:46','EXACTLY','1'),(75,10,'Praesent eu nulla at sem molestie sodales. Mauris','accumsan','2020-11-08 01:42:11','2020-12-29 17:41:46','EXACTLY','1'),(76,9,'tellus. Nunc lectus pede, ultrices a,','metus sit amet','2020-11-26 20:53:26','2020-12-06 20:02:55','EXACTLY','1'),(77,8,'erat neque non quam. Pellentesque habitant morbi tristique senectus et','eget metus.','2020-11-21 17:55:20','2020-12-17 08:11:46','EXACTLY','1'),(78,4,'morbi tristique senectus et netus et','magnis dis parturient','2020-11-10 06:06:36','2020-12-22 00:36:08','AT_MOST','1'),(79,5,'tincidunt dui augue eu tellus. Phasellus elit','lectus ante','2020-11-16 02:30:52','2020-12-04 09:22:27','EXACTLY','1'),(80,8,'at sem molestie sodales. Mauris','per conubia','2020-11-28 23:23:36','2020-12-31 13:25:30','AT_MOST','1');
INSERT INTO poll (id,candidates_count,description,name,open_from,open_until,voting_mode,creator_id) VALUES (81,3,'augue. Sed molestie. Sed id risus quis diam luctus lobortis.','tristique','2020-11-16 22:41:16','2020-12-24 04:47:51','AT_MOST','1'),(82,3,'Fusce diam nunc, ullamcorper eu, euismod ac,','Curabitur sed tortor.','2020-11-17 18:42:30','2020-12-03 11:56:00','AT_MOST','1'),(83,10,'quam vel sapien imperdiet ornare. In','ultrices posuere','2020-11-10 04:49:02','2020-12-29 03:08:07','AT_MOST','1'),(84,7,'ornare sagittis felis. Donec tempor, est ac mattis','Quisque ac libero','2020-11-30 21:51:54','2020-12-03 06:34:30','EXACTLY','1'),(85,8,'Duis gravida. Praesent eu nulla at sem','semper tellus id','2020-11-02 21:30:22','2020-12-31 03:45:09','AT_MOST','1'),(86,6,'lorem semper auctor. Mauris vel turpis. Aliquam adipiscing lobortis','sapien.','2020-11-07 13:48:07','2020-12-31 10:43:46','AT_MOST','1'),(87,2,'convallis erat, eget tincidunt dui','Etiam vestibulum massa','2020-11-13 19:24:52','2020-12-14 16:32:12','AT_MOST','1'),(88,3,'auctor velit. Aliquam nisl. Nulla','vulputate, nisi sem','2020-11-12 00:06:25','2020-12-26 16:06:38','AT_MOST','1'),(89,2,'Quisque imperdiet, erat nonummy ultricies ornare, elit elit fermentum','augue','2020-11-16 05:26:28','2020-12-23 02:08:05','AT_MOST','1'),(90,6,'urna. Vivamus molestie dapibus ligula. Aliquam','felis','2020-11-05 19:31:15','2020-12-22 04:11:43','AT_MOST','1');
INSERT INTO poll (id,candidates_count,description,name,open_from,open_until,voting_mode,creator_id) VALUES (91,9,'magna. Sed eu eros. Nam consequat dolor vitae','orci. Ut semper','2020-11-28 13:51:05','2020-12-13 23:20:18','EXACTLY','1'),(92,6,'vel, convallis in, cursus et, eros. Proin ultrices.','lacinia.','2020-11-03 06:01:47','2020-12-03 04:34:26','AT_MOST','1'),(93,5,'tincidunt congue turpis. In condimentum. Donec at arcu. Vestibulum','Duis gravida.','2020-11-22 04:26:44','2020-12-02 14:15:41','AT_MOST','1'),(94,2,'ipsum dolor sit amet, consectetuer adipiscing elit. Aliquam auctor,','dapibus gravida.','2020-11-22 23:22:09','2020-12-04 00:07:44','EXACTLY','1'),(95,5,'non nisi. Aenean eget metus. In nec orci. Donec nibh.','pede','2020-11-16 09:18:08','2020-12-23 23:54:10','AT_MOST','1'),(96,10,'ut nisi a odio semper','dui,','2020-11-26 03:05:40','2020-12-18 14:51:15','EXACTLY','1'),(97,4,'Suspendisse dui. Fusce diam nunc,','ridiculus mus.','2020-11-18 21:20:42','2020-12-29 16:07:47','AT_MOST','1'),(98,2,'Nunc ac sem ut dolor dapibus gravida.','neque.','2020-11-13 10:19:34','2020-12-24 07:25:55','AT_MOST','1'),(99,6,'suscipit nonummy. Fusce fermentum fermentum arcu. Vestibulum ante ipsum primis','est. Mauris','2020-11-16 10:40:16','2020-12-17 18:43:08','EXACTLY','1'),(100,4,'erat, in consectetuer ipsum nunc id','feugiat.','2020-11-30 08:07:09','2020-12-19 11:27:25','AT_MOST','1');

INSERT INTO user_polls_created (user_id,polls_created_id) VALUES (1,1),(1,2),(1,3),(1,4),(1,5),(1,6),(1,7),(1,8),(1,9),(1,10);
INSERT INTO user_polls_created (user_id,polls_created_id) VALUES (1,11),(1,12),(1,13),(1,14),(1,15),(1,16),(1,17),(1,18),(1,19),(1,20);
INSERT INTO user_polls_created (user_id,polls_created_id) VALUES (1,21),(1,22),(1,23),(1,24),(1,25),(1,26),(1,27),(1,28),(1,29),(1,30);
INSERT INTO user_polls_created (user_id,polls_created_id) VALUES (1,31),(1,32),(1,33),(1,34),(1,35),(1,36),(1,37),(1,38),(1,39),(1,40);
INSERT INTO user_polls_created (user_id,polls_created_id) VALUES (1,41),(1,42),(1,43),(1,44),(1,45),(1,46),(1,47),(1,48),(1,49),(1,50);
INSERT INTO user_polls_created (user_id,polls_created_id) VALUES (1,51),(1,52),(1,53),(1,54),(1,55),(1,56),(1,57),(1,58),(1,59),(1,60);
INSERT INTO user_polls_created (user_id,polls_created_id) VALUES (1,61),(1,62),(1,63),(1,64),(1,65),(1,66),(1,67),(1,68),(1,69),(1,70);
INSERT INTO user_polls_created (user_id,polls_created_id) VALUES (1,71),(1,72),(1,73),(1,74),(1,75),(1,76),(1,77),(1,78),(1,79),(1,80);
INSERT INTO user_polls_created (user_id,polls_created_id) VALUES (1,81),(1,82),(1,83),(1,84),(1,85),(1,86),(1,87),(1,88),(1,89),(1,90);
INSERT INTO user_polls_created (user_id,polls_created_id) VALUES (1,91),(1,92),(1,93),(1,94),(1,95),(1,96),(1,97),(1,98),(1,99),(1,100);

-- some polls may have less candidates than required
insert into polls_candidates (poll_id, candidate_id) values (79, 758);
insert into polls_candidates (poll_id, candidate_id) values (74, 864);
insert into polls_candidates (poll_id, candidate_id) values (82, 840);
insert into polls_candidates (poll_id, candidate_id) values (84, 862);
insert into polls_candidates (poll_id, candidate_id) values (14, 468);
insert into polls_candidates (poll_id, candidate_id) values (96, 593);
insert into polls_candidates (poll_id, candidate_id) values (64, 444);
insert into polls_candidates (poll_id, candidate_id) values (21, 335);
insert into polls_candidates (poll_id, candidate_id) values (82, 972);
insert into polls_candidates (poll_id, candidate_id) values (92, 140);
insert into polls_candidates (poll_id, candidate_id) values (97, 547);
insert into polls_candidates (poll_id, candidate_id) values (72, 342);
insert into polls_candidates (poll_id, candidate_id) values (44, 340);
insert into polls_candidates (poll_id, candidate_id) values (46, 280);
insert into polls_candidates (poll_id, candidate_id) values (32, 822);
insert into polls_candidates (poll_id, candidate_id) values (56, 407);
insert into polls_candidates (poll_id, candidate_id) values (35, 673);
insert into polls_candidates (poll_id, candidate_id) values (78, 334);
insert into polls_candidates (poll_id, candidate_id) values (64, 766);
insert into polls_candidates (poll_id, candidate_id) values (51, 297);
insert into polls_candidates (poll_id, candidate_id) values (64, 535);
insert into polls_candidates (poll_id, candidate_id) values (38, 973);
insert into polls_candidates (poll_id, candidate_id) values (64, 528);
insert into polls_candidates (poll_id, candidate_id) values (10, 342);
insert into polls_candidates (poll_id, candidate_id) values (54, 482);
insert into polls_candidates (poll_id, candidate_id) values (18, 656);
insert into polls_candidates (poll_id, candidate_id) values (68, 613);
insert into polls_candidates (poll_id, candidate_id) values (44, 407);
insert into polls_candidates (poll_id, candidate_id) values (70, 874);
insert into polls_candidates (poll_id, candidate_id) values (87, 91);
insert into polls_candidates (poll_id, candidate_id) values (29, 959);
insert into polls_candidates (poll_id, candidate_id) values (21, 371);
insert into polls_candidates (poll_id, candidate_id) values (11, 775);
insert into polls_candidates (poll_id, candidate_id) values (69, 219);
insert into polls_candidates (poll_id, candidate_id) values (10, 46);
insert into polls_candidates (poll_id, candidate_id) values (70, 881);
insert into polls_candidates (poll_id, candidate_id) values (60, 966);
insert into polls_candidates (poll_id, candidate_id) values (59, 423);
insert into polls_candidates (poll_id, candidate_id) values (56, 396);
insert into polls_candidates (poll_id, candidate_id) values (38, 718);
insert into polls_candidates (poll_id, candidate_id) values (88, 814);
insert into polls_candidates (poll_id, candidate_id) values (52, 42);
insert into polls_candidates (poll_id, candidate_id) values (27, 473);
insert into polls_candidates (poll_id, candidate_id) values (29, 535);
insert into polls_candidates (poll_id, candidate_id) values (47, 767);
insert into polls_candidates (poll_id, candidate_id) values (58, 315);
insert into polls_candidates (poll_id, candidate_id) values (22, 998);
insert into polls_candidates (poll_id, candidate_id) values (20, 271);
insert into polls_candidates (poll_id, candidate_id) values (97, 330);
insert into polls_candidates (poll_id, candidate_id) values (32, 803);
insert into polls_candidates (poll_id, candidate_id) values (46, 777);
insert into polls_candidates (poll_id, candidate_id) values (83, 243);
insert into polls_candidates (poll_id, candidate_id) values (37, 971);
insert into polls_candidates (poll_id, candidate_id) values (51, 533);
insert into polls_candidates (poll_id, candidate_id) values (56, 715);
insert into polls_candidates (poll_id, candidate_id) values (57, 588);
insert into polls_candidates (poll_id, candidate_id) values (70, 624);
insert into polls_candidates (poll_id, candidate_id) values (5, 161);
insert into polls_candidates (poll_id, candidate_id) values (78, 138);
insert into polls_candidates (poll_id, candidate_id) values (93, 571);
insert into polls_candidates (poll_id, candidate_id) values (1, 585);
insert into polls_candidates (poll_id, candidate_id) values (92, 389);
insert into polls_candidates (poll_id, candidate_id) values (44, 665);
insert into polls_candidates (poll_id, candidate_id) values (95, 469);
insert into polls_candidates (poll_id, candidate_id) values (79, 128);
insert into polls_candidates (poll_id, candidate_id) values (23, 332);
insert into polls_candidates (poll_id, candidate_id) values (79, 557);
insert into polls_candidates (poll_id, candidate_id) values (95, 175);
insert into polls_candidates (poll_id, candidate_id) values (50, 13);
insert into polls_candidates (poll_id, candidate_id) values (21, 449);
insert into polls_candidates (poll_id, candidate_id) values (24, 991);
insert into polls_candidates (poll_id, candidate_id) values (87, 242);
insert into polls_candidates (poll_id, candidate_id) values (84, 389);
insert into polls_candidates (poll_id, candidate_id) values (31, 814);
insert into polls_candidates (poll_id, candidate_id) values (97, 13);
insert into polls_candidates (poll_id, candidate_id) values (42, 768);
insert into polls_candidates (poll_id, candidate_id) values (29, 969);
insert into polls_candidates (poll_id, candidate_id) values (33, 390);
insert into polls_candidates (poll_id, candidate_id) values (75, 430);
insert into polls_candidates (poll_id, candidate_id) values (96, 973);
insert into polls_candidates (poll_id, candidate_id) values (44, 785);
insert into polls_candidates (poll_id, candidate_id) values (23, 706);
insert into polls_candidates (poll_id, candidate_id) values (85, 972);
insert into polls_candidates (poll_id, candidate_id) values (33, 720);
insert into polls_candidates (poll_id, candidate_id) values (26, 47);
insert into polls_candidates (poll_id, candidate_id) values (29, 628);
insert into polls_candidates (poll_id, candidate_id) values (72, 845);
insert into polls_candidates (poll_id, candidate_id) values (47, 104);
insert into polls_candidates (poll_id, candidate_id) values (76, 837);
insert into polls_candidates (poll_id, candidate_id) values (16, 64);
insert into polls_candidates (poll_id, candidate_id) values (47, 32);
insert into polls_candidates (poll_id, candidate_id) values (74, 178);
insert into polls_candidates (poll_id, candidate_id) values (4, 253);
insert into polls_candidates (poll_id, candidate_id) values (75, 390);
insert into polls_candidates (poll_id, candidate_id) values (60, 615);
insert into polls_candidates (poll_id, candidate_id) values (25, 649);
insert into polls_candidates (poll_id, candidate_id) values (49, 947);
insert into polls_candidates (poll_id, candidate_id) values (50, 272);
insert into polls_candidates (poll_id, candidate_id) values (90, 250);
insert into polls_candidates (poll_id, candidate_id) values (55, 658);
insert into polls_candidates (poll_id, candidate_id) values (15, 483);
insert into polls_candidates (poll_id, candidate_id) values (98, 227);
insert into polls_candidates (poll_id, candidate_id) values (68, 20);
insert into polls_candidates (poll_id, candidate_id) values (42, 602);
insert into polls_candidates (poll_id, candidate_id) values (68, 315);
insert into polls_candidates (poll_id, candidate_id) values (95, 154);
insert into polls_candidates (poll_id, candidate_id) values (31, 495);
insert into polls_candidates (poll_id, candidate_id) values (6, 536);
insert into polls_candidates (poll_id, candidate_id) values (80, 708);
insert into polls_candidates (poll_id, candidate_id) values (76, 374);
insert into polls_candidates (poll_id, candidate_id) values (54, 557);
insert into polls_candidates (poll_id, candidate_id) values (72, 589);
insert into polls_candidates (poll_id, candidate_id) values (64, 765);
insert into polls_candidates (poll_id, candidate_id) values (89, 983);
insert into polls_candidates (poll_id, candidate_id) values (47, 891);
insert into polls_candidates (poll_id, candidate_id) values (60, 916);
insert into polls_candidates (poll_id, candidate_id) values (87, 574);
insert into polls_candidates (poll_id, candidate_id) values (9, 768);
insert into polls_candidates (poll_id, candidate_id) values (31, 641);
insert into polls_candidates (poll_id, candidate_id) values (75, 943);
insert into polls_candidates (poll_id, candidate_id) values (76, 281);
insert into polls_candidates (poll_id, candidate_id) values (49, 620);
insert into polls_candidates (poll_id, candidate_id) values (24, 621);
insert into polls_candidates (poll_id, candidate_id) values (62, 34);
insert into polls_candidates (poll_id, candidate_id) values (78, 20);
insert into polls_candidates (poll_id, candidate_id) values (75, 920);
insert into polls_candidates (poll_id, candidate_id) values (55, 26);
insert into polls_candidates (poll_id, candidate_id) values (89, 116);
insert into polls_candidates (poll_id, candidate_id) values (35, 514);
insert into polls_candidates (poll_id, candidate_id) values (93, 735);
insert into polls_candidates (poll_id, candidate_id) values (83, 73);
insert into polls_candidates (poll_id, candidate_id) values (65, 727);
insert into polls_candidates (poll_id, candidate_id) values (73, 253);
insert into polls_candidates (poll_id, candidate_id) values (2, 413);
insert into polls_candidates (poll_id, candidate_id) values (70, 52);
insert into polls_candidates (poll_id, candidate_id) values (37, 704);
insert into polls_candidates (poll_id, candidate_id) values (27, 100);
insert into polls_candidates (poll_id, candidate_id) values (45, 729);
insert into polls_candidates (poll_id, candidate_id) values (18, 458);
insert into polls_candidates (poll_id, candidate_id) values (15, 645);
insert into polls_candidates (poll_id, candidate_id) values (56, 733);
insert into polls_candidates (poll_id, candidate_id) values (83, 154);
insert into polls_candidates (poll_id, candidate_id) values (94, 286);
insert into polls_candidates (poll_id, candidate_id) values (75, 306);
insert into polls_candidates (poll_id, candidate_id) values (46, 941);
insert into polls_candidates (poll_id, candidate_id) values (2, 738);
insert into polls_candidates (poll_id, candidate_id) values (23, 586);
insert into polls_candidates (poll_id, candidate_id) values (91, 182);
insert into polls_candidates (poll_id, candidate_id) values (31, 557);
insert into polls_candidates (poll_id, candidate_id) values (20, 882);
insert into polls_candidates (poll_id, candidate_id) values (25, 317);
insert into polls_candidates (poll_id, candidate_id) values (89, 658);
insert into polls_candidates (poll_id, candidate_id) values (86, 152);
insert into polls_candidates (poll_id, candidate_id) values (84, 322);
insert into polls_candidates (poll_id, candidate_id) values (9, 985);
insert into polls_candidates (poll_id, candidate_id) values (48, 293);
insert into polls_candidates (poll_id, candidate_id) values (58, 938);
insert into polls_candidates (poll_id, candidate_id) values (55, 813);
insert into polls_candidates (poll_id, candidate_id) values (63, 863);
insert into polls_candidates (poll_id, candidate_id) values (90, 806);
insert into polls_candidates (poll_id, candidate_id) values (16, 456);
insert into polls_candidates (poll_id, candidate_id) values (43, 552);
insert into polls_candidates (poll_id, candidate_id) values (95, 427);
insert into polls_candidates (poll_id, candidate_id) values (11, 516);
insert into polls_candidates (poll_id, candidate_id) values (69, 3);
insert into polls_candidates (poll_id, candidate_id) values (89, 809);
insert into polls_candidates (poll_id, candidate_id) values (20, 1);
insert into polls_candidates (poll_id, candidate_id) values (40, 123);
insert into polls_candidates (poll_id, candidate_id) values (84, 19);
insert into polls_candidates (poll_id, candidate_id) values (97, 337);
insert into polls_candidates (poll_id, candidate_id) values (7, 846);
insert into polls_candidates (poll_id, candidate_id) values (54, 246);
insert into polls_candidates (poll_id, candidate_id) values (96, 690);
insert into polls_candidates (poll_id, candidate_id) values (58, 34);
insert into polls_candidates (poll_id, candidate_id) values (30, 228);
insert into polls_candidates (poll_id, candidate_id) values (49, 840);
insert into polls_candidates (poll_id, candidate_id) values (51, 441);
insert into polls_candidates (poll_id, candidate_id) values (7, 971);
insert into polls_candidates (poll_id, candidate_id) values (39, 37);
insert into polls_candidates (poll_id, candidate_id) values (32, 66);
insert into polls_candidates (poll_id, candidate_id) values (37, 113);
insert into polls_candidates (poll_id, candidate_id) values (62, 300);
insert into polls_candidates (poll_id, candidate_id) values (66, 257);
insert into polls_candidates (poll_id, candidate_id) values (34, 72);
insert into polls_candidates (poll_id, candidate_id) values (47, 952);
insert into polls_candidates (poll_id, candidate_id) values (53, 91);
insert into polls_candidates (poll_id, candidate_id) values (25, 464);
insert into polls_candidates (poll_id, candidate_id) values (58, 577);
insert into polls_candidates (poll_id, candidate_id) values (69, 399);
insert into polls_candidates (poll_id, candidate_id) values (58, 656);
insert into polls_candidates (poll_id, candidate_id) values (15, 538);
insert into polls_candidates (poll_id, candidate_id) values (55, 646);
insert into polls_candidates (poll_id, candidate_id) values (49, 364);
insert into polls_candidates (poll_id, candidate_id) values (81, 753);
insert into polls_candidates (poll_id, candidate_id) values (63, 370);
insert into polls_candidates (poll_id, candidate_id) values (15, 138);
insert into polls_candidates (poll_id, candidate_id) values (77, 352);
insert into polls_candidates (poll_id, candidate_id) values (44, 143);
insert into polls_candidates (poll_id, candidate_id) values (36, 438);
insert into polls_candidates (poll_id, candidate_id) values (95, 716);
insert into polls_candidates (poll_id, candidate_id) values (98, 522);
insert into polls_candidates (poll_id, candidate_id) values (57, 723);
insert into polls_candidates (poll_id, candidate_id) values (8, 324);
insert into polls_candidates (poll_id, candidate_id) values (50, 735);
insert into polls_candidates (poll_id, candidate_id) values (62, 457);
insert into polls_candidates (poll_id, candidate_id) values (74, 476);
insert into polls_candidates (poll_id, candidate_id) values (15, 102);
insert into polls_candidates (poll_id, candidate_id) values (53, 854);
insert into polls_candidates (poll_id, candidate_id) values (17, 51);
insert into polls_candidates (poll_id, candidate_id) values (70, 883);
insert into polls_candidates (poll_id, candidate_id) values (100, 28);
insert into polls_candidates (poll_id, candidate_id) values (4, 600);
insert into polls_candidates (poll_id, candidate_id) values (99, 250);
insert into polls_candidates (poll_id, candidate_id) values (24, 804);
insert into polls_candidates (poll_id, candidate_id) values (45, 980);
insert into polls_candidates (poll_id, candidate_id) values (67, 131);
insert into polls_candidates (poll_id, candidate_id) values (3, 898);
insert into polls_candidates (poll_id, candidate_id) values (12, 202);
insert into polls_candidates (poll_id, candidate_id) values (22, 337);
insert into polls_candidates (poll_id, candidate_id) values (42, 595);
insert into polls_candidates (poll_id, candidate_id) values (24, 952);
insert into polls_candidates (poll_id, candidate_id) values (59, 179);
insert into polls_candidates (poll_id, candidate_id) values (88, 874);
insert into polls_candidates (poll_id, candidate_id) values (96, 443);
insert into polls_candidates (poll_id, candidate_id) values (82, 588);
insert into polls_candidates (poll_id, candidate_id) values (18, 446);
insert into polls_candidates (poll_id, candidate_id) values (58, 834);
insert into polls_candidates (poll_id, candidate_id) values (12, 749);
insert into polls_candidates (poll_id, candidate_id) values (90, 923);
insert into polls_candidates (poll_id, candidate_id) values (92, 142);
insert into polls_candidates (poll_id, candidate_id) values (25, 598);
insert into polls_candidates (poll_id, candidate_id) values (46, 539);
insert into polls_candidates (poll_id, candidate_id) values (67, 274);
insert into polls_candidates (poll_id, candidate_id) values (50, 33);
insert into polls_candidates (poll_id, candidate_id) values (85, 211);
insert into polls_candidates (poll_id, candidate_id) values (30, 860);
insert into polls_candidates (poll_id, candidate_id) values (92, 237);
insert into polls_candidates (poll_id, candidate_id) values (68, 222);
insert into polls_candidates (poll_id, candidate_id) values (87, 843);
insert into polls_candidates (poll_id, candidate_id) values (94, 515);
insert into polls_candidates (poll_id, candidate_id) values (6, 276);
insert into polls_candidates (poll_id, candidate_id) values (77, 202);
insert into polls_candidates (poll_id, candidate_id) values (38, 419);
insert into polls_candidates (poll_id, candidate_id) values (43, 256);
insert into polls_candidates (poll_id, candidate_id) values (19, 5);
insert into polls_candidates (poll_id, candidate_id) values (46, 895);
insert into polls_candidates (poll_id, candidate_id) values (3, 799);
insert into polls_candidates (poll_id, candidate_id) values (34, 357);
insert into polls_candidates (poll_id, candidate_id) values (45, 462);
insert into polls_candidates (poll_id, candidate_id) values (52, 264);
insert into polls_candidates (poll_id, candidate_id) values (64, 941);
insert into polls_candidates (poll_id, candidate_id) values (65, 314);
insert into polls_candidates (poll_id, candidate_id) values (37, 995);
insert into polls_candidates (poll_id, candidate_id) values (46, 751);
insert into polls_candidates (poll_id, candidate_id) values (99, 962);
insert into polls_candidates (poll_id, candidate_id) values (97, 69);
insert into polls_candidates (poll_id, candidate_id) values (55, 969);
insert into polls_candidates (poll_id, candidate_id) values (18, 61);
insert into polls_candidates (poll_id, candidate_id) values (83, 102);
insert into polls_candidates (poll_id, candidate_id) values (27, 277);
insert into polls_candidates (poll_id, candidate_id) values (26, 409);
insert into polls_candidates (poll_id, candidate_id) values (53, 848);
insert into polls_candidates (poll_id, candidate_id) values (63, 171);
insert into polls_candidates (poll_id, candidate_id) values (55, 252);
insert into polls_candidates (poll_id, candidate_id) values (3, 197);
insert into polls_candidates (poll_id, candidate_id) values (56, 349);
insert into polls_candidates (poll_id, candidate_id) values (95, 517);
insert into polls_candidates (poll_id, candidate_id) values (39, 670);
insert into polls_candidates (poll_id, candidate_id) values (45, 503);
insert into polls_candidates (poll_id, candidate_id) values (84, 78);
insert into polls_candidates (poll_id, candidate_id) values (31, 187);
insert into polls_candidates (poll_id, candidate_id) values (18, 808);
insert into polls_candidates (poll_id, candidate_id) values (53, 914);
insert into polls_candidates (poll_id, candidate_id) values (57, 324);
insert into polls_candidates (poll_id, candidate_id) values (54, 353);
insert into polls_candidates (poll_id, candidate_id) values (2, 102);
insert into polls_candidates (poll_id, candidate_id) values (61, 147);
insert into polls_candidates (poll_id, candidate_id) values (20, 722);
insert into polls_candidates (poll_id, candidate_id) values (9, 702);
insert into polls_candidates (poll_id, candidate_id) values (17, 529);
insert into polls_candidates (poll_id, candidate_id) values (89, 524);
insert into polls_candidates (poll_id, candidate_id) values (91, 994);
insert into polls_candidates (poll_id, candidate_id) values (95, 144);
insert into polls_candidates (poll_id, candidate_id) values (46, 390);
insert into polls_candidates (poll_id, candidate_id) values (4, 774);
insert into polls_candidates (poll_id, candidate_id) values (30, 570);
insert into polls_candidates (poll_id, candidate_id) values (90, 693);
insert into polls_candidates (poll_id, candidate_id) values (26, 353);
insert into polls_candidates (poll_id, candidate_id) values (49, 257);
insert into polls_candidates (poll_id, candidate_id) values (16, 51);
insert into polls_candidates (poll_id, candidate_id) values (35, 428);
insert into polls_candidates (poll_id, candidate_id) values (71, 90);
insert into polls_candidates (poll_id, candidate_id) values (22, 563);
insert into polls_candidates (poll_id, candidate_id) values (82, 177);
insert into polls_candidates (poll_id, candidate_id) values (98, 846);
insert into polls_candidates (poll_id, candidate_id) values (29, 234);
insert into polls_candidates (poll_id, candidate_id) values (61, 154);
insert into polls_candidates (poll_id, candidate_id) values (30, 115);
insert into polls_candidates (poll_id, candidate_id) values (73, 810);
insert into polls_candidates (poll_id, candidate_id) values (30, 790);
insert into polls_candidates (poll_id, candidate_id) values (37, 146);
insert into polls_candidates (poll_id, candidate_id) values (13, 764);
insert into polls_candidates (poll_id, candidate_id) values (50, 817);
insert into polls_candidates (poll_id, candidate_id) values (6, 554);
insert into polls_candidates (poll_id, candidate_id) values (35, 402);
insert into polls_candidates (poll_id, candidate_id) values (7, 872);
insert into polls_candidates (poll_id, candidate_id) values (30, 917);
insert into polls_candidates (poll_id, candidate_id) values (35, 821);
insert into polls_candidates (poll_id, candidate_id) values (48, 805);
insert into polls_candidates (poll_id, candidate_id) values (65, 703);
insert into polls_candidates (poll_id, candidate_id) values (79, 623);
insert into polls_candidates (poll_id, candidate_id) values (51, 364);
insert into polls_candidates (poll_id, candidate_id) values (16, 765);
insert into polls_candidates (poll_id, candidate_id) values (43, 71);
insert into polls_candidates (poll_id, candidate_id) values (89, 346);
insert into polls_candidates (poll_id, candidate_id) values (50, 18);
insert into polls_candidates (poll_id, candidate_id) values (17, 373);
insert into polls_candidates (poll_id, candidate_id) values (95, 577);
insert into polls_candidates (poll_id, candidate_id) values (68, 19);
insert into polls_candidates (poll_id, candidate_id) values (8, 108);
insert into polls_candidates (poll_id, candidate_id) values (22, 833);
insert into polls_candidates (poll_id, candidate_id) values (75, 218);
insert into polls_candidates (poll_id, candidate_id) values (75, 737);
insert into polls_candidates (poll_id, candidate_id) values (39, 681);
insert into polls_candidates (poll_id, candidate_id) values (42, 427);
insert into polls_candidates (poll_id, candidate_id) values (45, 306);
insert into polls_candidates (poll_id, candidate_id) values (71, 625);
insert into polls_candidates (poll_id, candidate_id) values (51, 705);
insert into polls_candidates (poll_id, candidate_id) values (45, 740);
insert into polls_candidates (poll_id, candidate_id) values (93, 562);
insert into polls_candidates (poll_id, candidate_id) values (2, 624);
insert into polls_candidates (poll_id, candidate_id) values (55, 480);
insert into polls_candidates (poll_id, candidate_id) values (90, 496);
insert into polls_candidates (poll_id, candidate_id) values (7, 108);
insert into polls_candidates (poll_id, candidate_id) values (60, 649);
insert into polls_candidates (poll_id, candidate_id) values (86, 811);
insert into polls_candidates (poll_id, candidate_id) values (27, 644);
insert into polls_candidates (poll_id, candidate_id) values (24, 214);
insert into polls_candidates (poll_id, candidate_id) values (96, 796);
insert into polls_candidates (poll_id, candidate_id) values (50, 77);
insert into polls_candidates (poll_id, candidate_id) values (12, 843);
insert into polls_candidates (poll_id, candidate_id) values (70, 133);
insert into polls_candidates (poll_id, candidate_id) values (81, 142);
insert into polls_candidates (poll_id, candidate_id) values (34, 317);
insert into polls_candidates (poll_id, candidate_id) values (20, 771);
insert into polls_candidates (poll_id, candidate_id) values (51, 193);
insert into polls_candidates (poll_id, candidate_id) values (52, 252);
insert into polls_candidates (poll_id, candidate_id) values (24, 114);
insert into polls_candidates (poll_id, candidate_id) values (85, 910);
insert into polls_candidates (poll_id, candidate_id) values (92, 4);
insert into polls_candidates (poll_id, candidate_id) values (81, 36);
insert into polls_candidates (poll_id, candidate_id) values (13, 359);
insert into polls_candidates (poll_id, candidate_id) values (75, 220);
insert into polls_candidates (poll_id, candidate_id) values (72, 614);
insert into polls_candidates (poll_id, candidate_id) values (58, 263);
insert into polls_candidates (poll_id, candidate_id) values (1, 547);
insert into polls_candidates (poll_id, candidate_id) values (42, 349);
insert into polls_candidates (poll_id, candidate_id) values (3, 770);
insert into polls_candidates (poll_id, candidate_id) values (27, 608);
insert into polls_candidates (poll_id, candidate_id) values (54, 880);
insert into polls_candidates (poll_id, candidate_id) values (20, 47);
insert into polls_candidates (poll_id, candidate_id) values (29, 521);
insert into polls_candidates (poll_id, candidate_id) values (41, 685);
insert into polls_candidates (poll_id, candidate_id) values (34, 798);
insert into polls_candidates (poll_id, candidate_id) values (21, 41);
insert into polls_candidates (poll_id, candidate_id) values (4, 224);
insert into polls_candidates (poll_id, candidate_id) values (29, 200);
insert into polls_candidates (poll_id, candidate_id) values (97, 953);
insert into polls_candidates (poll_id, candidate_id) values (7, 836);
insert into polls_candidates (poll_id, candidate_id) values (12, 780);
insert into polls_candidates (poll_id, candidate_id) values (39, 209);
insert into polls_candidates (poll_id, candidate_id) values (29, 326);
insert into polls_candidates (poll_id, candidate_id) values (77, 452);
insert into polls_candidates (poll_id, candidate_id) values (98, 209);
insert into polls_candidates (poll_id, candidate_id) values (39, 629);
insert into polls_candidates (poll_id, candidate_id) values (74, 218);
insert into polls_candidates (poll_id, candidate_id) values (75, 19);
insert into polls_candidates (poll_id, candidate_id) values (29, 530);
insert into polls_candidates (poll_id, candidate_id) values (44, 479);
insert into polls_candidates (poll_id, candidate_id) values (7, 313);
insert into polls_candidates (poll_id, candidate_id) values (28, 520);
insert into polls_candidates (poll_id, candidate_id) values (98, 97);
insert into polls_candidates (poll_id, candidate_id) values (62, 506);
insert into polls_candidates (poll_id, candidate_id) values (92, 674);
insert into polls_candidates (poll_id, candidate_id) values (81, 456);
insert into polls_candidates (poll_id, candidate_id) values (37, 521);
insert into polls_candidates (poll_id, candidate_id) values (36, 241);
insert into polls_candidates (poll_id, candidate_id) values (1, 929);
insert into polls_candidates (poll_id, candidate_id) values (9, 4);
insert into polls_candidates (poll_id, candidate_id) values (66, 65);
insert into polls_candidates (poll_id, candidate_id) values (96, 899);
insert into polls_candidates (poll_id, candidate_id) values (46, 268);
insert into polls_candidates (poll_id, candidate_id) values (83, 182);
insert into polls_candidates (poll_id, candidate_id) values (89, 394);
insert into polls_candidates (poll_id, candidate_id) values (82, 153);
insert into polls_candidates (poll_id, candidate_id) values (91, 304);
insert into polls_candidates (poll_id, candidate_id) values (20, 467);
insert into polls_candidates (poll_id, candidate_id) values (19, 698);
insert into polls_candidates (poll_id, candidate_id) values (29, 344);
insert into polls_candidates (poll_id, candidate_id) values (82, 739);
insert into polls_candidates (poll_id, candidate_id) values (93, 623);
insert into polls_candidates (poll_id, candidate_id) values (44, 449);
insert into polls_candidates (poll_id, candidate_id) values (60, 84);
insert into polls_candidates (poll_id, candidate_id) values (61, 671);
insert into polls_candidates (poll_id, candidate_id) values (24, 507);
insert into polls_candidates (poll_id, candidate_id) values (80, 722);
insert into polls_candidates (poll_id, candidate_id) values (51, 979);
insert into polls_candidates (poll_id, candidate_id) values (40, 584);
insert into polls_candidates (poll_id, candidate_id) values (23, 821);
insert into polls_candidates (poll_id, candidate_id) values (40, 387);
insert into polls_candidates (poll_id, candidate_id) values (63, 345);
insert into polls_candidates (poll_id, candidate_id) values (70, 342);
insert into polls_candidates (poll_id, candidate_id) values (27, 373);
insert into polls_candidates (poll_id, candidate_id) values (76, 278);
insert into polls_candidates (poll_id, candidate_id) values (47, 479);
insert into polls_candidates (poll_id, candidate_id) values (64, 974);
insert into polls_candidates (poll_id, candidate_id) values (26, 672);
insert into polls_candidates (poll_id, candidate_id) values (15, 275);
insert into polls_candidates (poll_id, candidate_id) values (69, 573);
insert into polls_candidates (poll_id, candidate_id) values (19, 235);
insert into polls_candidates (poll_id, candidate_id) values (2, 424);
insert into polls_candidates (poll_id, candidate_id) values (70, 839);
insert into polls_candidates (poll_id, candidate_id) values (35, 725);
insert into polls_candidates (poll_id, candidate_id) values (14, 370);
insert into polls_candidates (poll_id, candidate_id) values (76, 194);
insert into polls_candidates (poll_id, candidate_id) values (1, 13);
insert into polls_candidates (poll_id, candidate_id) values (35, 261);
insert into polls_candidates (poll_id, candidate_id) values (15, 350);
insert into polls_candidates (poll_id, candidate_id) values (63, 125);
insert into polls_candidates (poll_id, candidate_id) values (69, 370);
insert into polls_candidates (poll_id, candidate_id) values (55, 503);
insert into polls_candidates (poll_id, candidate_id) values (83, 36);
insert into polls_candidates (poll_id, candidate_id) values (4, 91);
insert into polls_candidates (poll_id, candidate_id) values (89, 211);
insert into polls_candidates (poll_id, candidate_id) values (97, 327);
insert into polls_candidates (poll_id, candidate_id) values (70, 873);
insert into polls_candidates (poll_id, candidate_id) values (41, 591);
insert into polls_candidates (poll_id, candidate_id) values (93, 663);
insert into polls_candidates (poll_id, candidate_id) values (33, 493);
insert into polls_candidates (poll_id, candidate_id) values (82, 141);
insert into polls_candidates (poll_id, candidate_id) values (2, 877);
insert into polls_candidates (poll_id, candidate_id) values (24, 712);
insert into polls_candidates (poll_id, candidate_id) values (50, 305);
insert into polls_candidates (poll_id, candidate_id) values (49, 831);
insert into polls_candidates (poll_id, candidate_id) values (88, 223);
insert into polls_candidates (poll_id, candidate_id) values (12, 644);
insert into polls_candidates (poll_id, candidate_id) values (64, 214);
insert into polls_candidates (poll_id, candidate_id) values (52, 743);
insert into polls_candidates (poll_id, candidate_id) values (85, 303);
insert into polls_candidates (poll_id, candidate_id) values (89, 765);
insert into polls_candidates (poll_id, candidate_id) values (27, 502);
insert into polls_candidates (poll_id, candidate_id) values (89, 768);
insert into polls_candidates (poll_id, candidate_id) values (17, 819);
insert into polls_candidates (poll_id, candidate_id) values (59, 722);
insert into polls_candidates (poll_id, candidate_id) values (80, 210);
insert into polls_candidates (poll_id, candidate_id) values (49, 418);
insert into polls_candidates (poll_id, candidate_id) values (9, 124);
insert into polls_candidates (poll_id, candidate_id) values (4, 418);
insert into polls_candidates (poll_id, candidate_id) values (44, 594);
insert into polls_candidates (poll_id, candidate_id) values (58, 752);
insert into polls_candidates (poll_id, candidate_id) values (13, 591);
insert into polls_candidates (poll_id, candidate_id) values (15, 190);
insert into polls_candidates (poll_id, candidate_id) values (100, 773);
insert into polls_candidates (poll_id, candidate_id) values (50, 302);
insert into polls_candidates (poll_id, candidate_id) values (33, 327);
insert into polls_candidates (poll_id, candidate_id) values (89, 359);
insert into polls_candidates (poll_id, candidate_id) values (35, 852);
insert into polls_candidates (poll_id, candidate_id) values (38, 38);
insert into polls_candidates (poll_id, candidate_id) values (75, 879);
insert into polls_candidates (poll_id, candidate_id) values (77, 315);
insert into polls_candidates (poll_id, candidate_id) values (34, 533);
insert into polls_candidates (poll_id, candidate_id) values (15, 33);
insert into polls_candidates (poll_id, candidate_id) values (38, 916);
insert into polls_candidates (poll_id, candidate_id) values (3, 263);
insert into polls_candidates (poll_id, candidate_id) values (27, 121);
insert into polls_candidates (poll_id, candidate_id) values (82, 602);
insert into polls_candidates (poll_id, candidate_id) values (24, 727);
insert into polls_candidates (poll_id, candidate_id) values (61, 913);
insert into polls_candidates (poll_id, candidate_id) values (100, 403);
insert into polls_candidates (poll_id, candidate_id) values (6, 996);
insert into polls_candidates (poll_id, candidate_id) values (68, 450);
insert into polls_candidates (poll_id, candidate_id) values (64, 406);
insert into polls_candidates (poll_id, candidate_id) values (41, 330);
insert into polls_candidates (poll_id, candidate_id) values (49, 74);
insert into polls_candidates (poll_id, candidate_id) values (81, 718);
insert into polls_candidates (poll_id, candidate_id) values (23, 449);
insert into polls_candidates (poll_id, candidate_id) values (18, 831);
insert into polls_candidates (poll_id, candidate_id) values (12, 755);
insert into polls_candidates (poll_id, candidate_id) values (72, 677);
insert into polls_candidates (poll_id, candidate_id) values (60, 834);
insert into polls_candidates (poll_id, candidate_id) values (91, 449);
insert into polls_candidates (poll_id, candidate_id) values (4, 441);
insert into polls_candidates (poll_id, candidate_id) values (25, 211);
insert into polls_candidates (poll_id, candidate_id) values (7, 471);
insert into polls_candidates (poll_id, candidate_id) values (40, 353);
insert into polls_candidates (poll_id, candidate_id) values (22, 192);
insert into polls_candidates (poll_id, candidate_id) values (84, 36);
insert into polls_candidates (poll_id, candidate_id) values (29, 732);
insert into polls_candidates (poll_id, candidate_id) values (11, 807);
insert into polls_candidates (poll_id, candidate_id) values (3, 399);
insert into polls_candidates (poll_id, candidate_id) values (77, 812);
insert into polls_candidates (poll_id, candidate_id) values (23, 299);
insert into polls_candidates (poll_id, candidate_id) values (48, 887);
insert into polls_candidates (poll_id, candidate_id) values (75, 973);
insert into polls_candidates (poll_id, candidate_id) values (81, 637);
insert into polls_candidates (poll_id, candidate_id) values (10, 111);
insert into polls_candidates (poll_id, candidate_id) values (95, 821);
insert into polls_candidates (poll_id, candidate_id) values (41, 732);
insert into polls_candidates (poll_id, candidate_id) values (74, 117);
insert into polls_candidates (poll_id, candidate_id) values (98, 882);
insert into polls_candidates (poll_id, candidate_id) values (30, 962);
insert into polls_candidates (poll_id, candidate_id) values (99, 769);
insert into polls_candidates (poll_id, candidate_id) values (17, 709);
insert into polls_candidates (poll_id, candidate_id) values (98, 729);
insert into polls_candidates (poll_id, candidate_id) values (2, 74);
insert into polls_candidates (poll_id, candidate_id) values (54, 290);
insert into polls_candidates (poll_id, candidate_id) values (41, 424);
insert into polls_candidates (poll_id, candidate_id) values (65, 972);
insert into polls_candidates (poll_id, candidate_id) values (17, 616);
insert into polls_candidates (poll_id, candidate_id) values (52, 659);
insert into polls_candidates (poll_id, candidate_id) values (33, 564);
insert into polls_candidates (poll_id, candidate_id) values (23, 109);
insert into polls_candidates (poll_id, candidate_id) values (29, 990);
insert into polls_candidates (poll_id, candidate_id) values (77, 937);
insert into polls_candidates (poll_id, candidate_id) values (17, 465);
insert into polls_candidates (poll_id, candidate_id) values (52, 991);
insert into polls_candidates (poll_id, candidate_id) values (77, 579);
insert into polls_candidates (poll_id, candidate_id) values (93, 242);
insert into polls_candidates (poll_id, candidate_id) values (41, 329);
insert into polls_candidates (poll_id, candidate_id) values (9, 663);
insert into polls_candidates (poll_id, candidate_id) values (68, 97);
insert into polls_candidates (poll_id, candidate_id) values (13, 535);
insert into polls_candidates (poll_id, candidate_id) values (56, 341);
insert into polls_candidates (poll_id, candidate_id) values (30, 494);
insert into polls_candidates (poll_id, candidate_id) values (21, 706);
insert into polls_candidates (poll_id, candidate_id) values (63, 500);
insert into polls_candidates (poll_id, candidate_id) values (52, 942);
insert into polls_candidates (poll_id, candidate_id) values (56, 229);
insert into polls_candidates (poll_id, candidate_id) values (93, 803);
insert into polls_candidates (poll_id, candidate_id) values (84, 334);
insert into polls_candidates (poll_id, candidate_id) values (44, 606);
insert into polls_candidates (poll_id, candidate_id) values (59, 132);
insert into polls_candidates (poll_id, candidate_id) values (85, 426);
insert into polls_candidates (poll_id, candidate_id) values (72, 487);
insert into polls_candidates (poll_id, candidate_id) values (82, 787);
insert into polls_candidates (poll_id, candidate_id) values (59, 97);
insert into polls_candidates (poll_id, candidate_id) values (13, 201);
insert into polls_candidates (poll_id, candidate_id) values (67, 526);
insert into polls_candidates (poll_id, candidate_id) values (43, 384);
insert into polls_candidates (poll_id, candidate_id) values (49, 317);
insert into polls_candidates (poll_id, candidate_id) values (81, 999);
insert into polls_candidates (poll_id, candidate_id) values (4, 812);
insert into polls_candidates (poll_id, candidate_id) values (29, 84);
insert into polls_candidates (poll_id, candidate_id) values (89, 792);
insert into polls_candidates (poll_id, candidate_id) values (100, 955);
insert into polls_candidates (poll_id, candidate_id) values (94, 266);
insert into polls_candidates (poll_id, candidate_id) values (4, 37);
insert into polls_candidates (poll_id, candidate_id) values (13, 99);
insert into polls_candidates (poll_id, candidate_id) values (51, 960);
insert into polls_candidates (poll_id, candidate_id) values (15, 600);
insert into polls_candidates (poll_id, candidate_id) values (89, 908);
insert into polls_candidates (poll_id, candidate_id) values (46, 582);
insert into polls_candidates (poll_id, candidate_id) values (77, 84);
insert into polls_candidates (poll_id, candidate_id) values (43, 460);
insert into polls_candidates (poll_id, candidate_id) values (69, 253);
insert into polls_candidates (poll_id, candidate_id) values (39, 939);
insert into polls_candidates (poll_id, candidate_id) values (25, 583);
insert into polls_candidates (poll_id, candidate_id) values (85, 922);
insert into polls_candidates (poll_id, candidate_id) values (11, 95);
insert into polls_candidates (poll_id, candidate_id) values (45, 238);
insert into polls_candidates (poll_id, candidate_id) values (36, 15);
insert into polls_candidates (poll_id, candidate_id) values (28, 707);
insert into polls_candidates (poll_id, candidate_id) values (93, 198);
insert into polls_candidates (poll_id, candidate_id) values (20, 371);
insert into polls_candidates (poll_id, candidate_id) values (85, 750);
insert into polls_candidates (poll_id, candidate_id) values (23, 805);
insert into polls_candidates (poll_id, candidate_id) values (92, 241);
insert into polls_candidates (poll_id, candidate_id) values (28, 643);
insert into polls_candidates (poll_id, candidate_id) values (30, 665);
insert into polls_candidates (poll_id, candidate_id) values (13, 562);
insert into polls_candidates (poll_id, candidate_id) values (11, 191);
insert into polls_candidates (poll_id, candidate_id) values (43, 247);
insert into polls_candidates (poll_id, candidate_id) values (8, 880);
insert into polls_candidates (poll_id, candidate_id) values (51, 430);
insert into polls_candidates (poll_id, candidate_id) values (72, 201);
insert into polls_candidates (poll_id, candidate_id) values (20, 430);
insert into polls_candidates (poll_id, candidate_id) values (73, 345);
insert into polls_candidates (poll_id, candidate_id) values (66, 275);
insert into polls_candidates (poll_id, candidate_id) values (31, 214);
insert into polls_candidates (poll_id, candidate_id) values (32, 816);
insert into polls_candidates (poll_id, candidate_id) values (78, 429);
insert into polls_candidates (poll_id, candidate_id) values (92, 532);
insert into polls_candidates (poll_id, candidate_id) values (1, 433);
insert into polls_candidates (poll_id, candidate_id) values (51, 751);
insert into polls_candidates (poll_id, candidate_id) values (47, 817);
insert into polls_candidates (poll_id, candidate_id) values (16, 987);
insert into polls_candidates (poll_id, candidate_id) values (42, 413);
insert into polls_candidates (poll_id, candidate_id) values (80, 712);
insert into polls_candidates (poll_id, candidate_id) values (96, 64);
insert into polls_candidates (poll_id, candidate_id) values (85, 720);
insert into polls_candidates (poll_id, candidate_id) values (81, 146);
insert into polls_candidates (poll_id, candidate_id) values (47, 489);
insert into polls_candidates (poll_id, candidate_id) values (8, 286);
insert into polls_candidates (poll_id, candidate_id) values (38, 949);
insert into polls_candidates (poll_id, candidate_id) values (93, 109);
insert into polls_candidates (poll_id, candidate_id) values (52, 51);
insert into polls_candidates (poll_id, candidate_id) values (34, 275);
insert into polls_candidates (poll_id, candidate_id) values (76, 512);
insert into polls_candidates (poll_id, candidate_id) values (80, 395);
insert into polls_candidates (poll_id, candidate_id) values (73, 542);
insert into polls_candidates (poll_id, candidate_id) values (61, 764);
insert into polls_candidates (poll_id, candidate_id) values (33, 375);
insert into polls_candidates (poll_id, candidate_id) values (92, 832);
insert into polls_candidates (poll_id, candidate_id) values (84, 162);
insert into polls_candidates (poll_id, candidate_id) values (27, 145);
insert into polls_candidates (poll_id, candidate_id) values (99, 519);
insert into polls_candidates (poll_id, candidate_id) values (91, 915);
insert into polls_candidates (poll_id, candidate_id) values (42, 685);
insert into polls_candidates (poll_id, candidate_id) values (26, 822);
insert into polls_candidates (poll_id, candidate_id) values (32, 48);
insert into polls_candidates (poll_id, candidate_id) values (96, 556);
insert into polls_candidates (poll_id, candidate_id) values (38, 383);
insert into polls_candidates (poll_id, candidate_id) values (35, 734);
insert into polls_candidates (poll_id, candidate_id) values (45, 691);
insert into polls_candidates (poll_id, candidate_id) values (11, 677);
insert into polls_candidates (poll_id, candidate_id) values (62, 624);
insert into polls_candidates (poll_id, candidate_id) values (75, 302);
insert into polls_candidates (poll_id, candidate_id) values (46, 509);
insert into polls_candidates (poll_id, candidate_id) values (31, 656);
insert into polls_candidates (poll_id, candidate_id) values (83, 376);
insert into polls_candidates (poll_id, candidate_id) values (98, 813);
insert into polls_candidates (poll_id, candidate_id) values (64, 1000);
insert into polls_candidates (poll_id, candidate_id) values (48, 913);
insert into polls_candidates (poll_id, candidate_id) values (71, 55);
insert into polls_candidates (poll_id, candidate_id) values (82, 151);
insert into polls_candidates (poll_id, candidate_id) values (23, 846);
insert into polls_candidates (poll_id, candidate_id) values (51, 15);
insert into polls_candidates (poll_id, candidate_id) values (83, 823);
insert into polls_candidates (poll_id, candidate_id) values (94, 968);
insert into polls_candidates (poll_id, candidate_id) values (44, 259);
insert into polls_candidates (poll_id, candidate_id) values (19, 948);
insert into polls_candidates (poll_id, candidate_id) values (6, 859);
insert into polls_candidates (poll_id, candidate_id) values (13, 849);
insert into polls_candidates (poll_id, candidate_id) values (79, 525);
insert into polls_candidates (poll_id, candidate_id) values (99, 581);
insert into polls_candidates (poll_id, candidate_id) values (92, 265);
insert into polls_candidates (poll_id, candidate_id) values (18, 713);
insert into polls_candidates (poll_id, candidate_id) values (89, 531);
insert into polls_candidates (poll_id, candidate_id) values (67, 824);
insert into polls_candidates (poll_id, candidate_id) values (78, 349);
insert into polls_candidates (poll_id, candidate_id) values (56, 616);
insert into polls_candidates (poll_id, candidate_id) values (90, 468);
insert into polls_candidates (poll_id, candidate_id) values (64, 731);
insert into polls_candidates (poll_id, candidate_id) values (58, 434);
insert into polls_candidates (poll_id, candidate_id) values (76, 30);
insert into polls_candidates (poll_id, candidate_id) values (8, 957);
insert into polls_candidates (poll_id, candidate_id) values (77, 742);
insert into polls_candidates (poll_id, candidate_id) values (63, 945);
insert into polls_candidates (poll_id, candidate_id) values (98, 495);
insert into polls_candidates (poll_id, candidate_id) values (10, 803);
insert into polls_candidates (poll_id, candidate_id) values (51, 138);
insert into polls_candidates (poll_id, candidate_id) values (36, 969);
insert into polls_candidates (poll_id, candidate_id) values (60, 598);
insert into polls_candidates (poll_id, candidate_id) values (41, 380);
insert into polls_candidates (poll_id, candidate_id) values (14, 568);
insert into polls_candidates (poll_id, candidate_id) values (70, 134);
insert into polls_candidates (poll_id, candidate_id) values (45, 526);
insert into polls_candidates (poll_id, candidate_id) values (2, 453);
insert into polls_candidates (poll_id, candidate_id) values (69, 95);
insert into polls_candidates (poll_id, candidate_id) values (96, 743);
insert into polls_candidates (poll_id, candidate_id) values (85, 281);
insert into polls_candidates (poll_id, candidate_id) values (23, 86);
insert into polls_candidates (poll_id, candidate_id) values (56, 894);
insert into polls_candidates (poll_id, candidate_id) values (45, 518);
insert into polls_candidates (poll_id, candidate_id) values (16, 94);
insert into polls_candidates (poll_id, candidate_id) values (76, 749);
insert into polls_candidates (poll_id, candidate_id) values (91, 204);
insert into polls_candidates (poll_id, candidate_id) values (66, 993);
insert into polls_candidates (poll_id, candidate_id) values (42, 507);
insert into polls_candidates (poll_id, candidate_id) values (78, 734);
insert into polls_candidates (poll_id, candidate_id) values (97, 179);
insert into polls_candidates (poll_id, candidate_id) values (22, 574);
insert into polls_candidates (poll_id, candidate_id) values (75, 199);
insert into polls_candidates (poll_id, candidate_id) values (14, 716);
insert into polls_candidates (poll_id, candidate_id) values (60, 640);
insert into polls_candidates (poll_id, candidate_id) values (63, 114);
insert into polls_candidates (poll_id, candidate_id) values (20, 752);
insert into polls_candidates (poll_id, candidate_id) values (36, 408);
insert into polls_candidates (poll_id, candidate_id) values (55, 492);
insert into polls_candidates (poll_id, candidate_id) values (85, 575);
insert into polls_candidates (poll_id, candidate_id) values (38, 858);
insert into polls_candidates (poll_id, candidate_id) values (37, 571);
insert into polls_candidates (poll_id, candidate_id) values (38, 734);
insert into polls_candidates (poll_id, candidate_id) values (45, 429);
insert into polls_candidates (poll_id, candidate_id) values (32, 805);
insert into polls_candidates (poll_id, candidate_id) values (61, 528);
insert into polls_candidates (poll_id, candidate_id) values (64, 678);
insert into polls_candidates (poll_id, candidate_id) values (44, 777);
insert into polls_candidates (poll_id, candidate_id) values (77, 139);
insert into polls_candidates (poll_id, candidate_id) values (63, 579);
insert into polls_candidates (poll_id, candidate_id) values (60, 328);
insert into polls_candidates (poll_id, candidate_id) values (63, 359);
insert into polls_candidates (poll_id, candidate_id) values (4, 370);
insert into polls_candidates (poll_id, candidate_id) values (99, 831);
insert into polls_candidates (poll_id, candidate_id) values (3, 765);
insert into polls_candidates (poll_id, candidate_id) values (3, 592);
insert into polls_candidates (poll_id, candidate_id) values (66, 904);
insert into polls_candidates (poll_id, candidate_id) values (35, 913);
insert into polls_candidates (poll_id, candidate_id) values (10, 72);
insert into polls_candidates (poll_id, candidate_id) values (12, 526);
insert into polls_candidates (poll_id, candidate_id) values (51, 25);
insert into polls_candidates (poll_id, candidate_id) values (78, 335);
insert into polls_candidates (poll_id, candidate_id) values (18, 13);
insert into polls_candidates (poll_id, candidate_id) values (60, 131);
insert into polls_candidates (poll_id, candidate_id) values (62, 502);
insert into polls_candidates (poll_id, candidate_id) values (23, 711);
insert into polls_candidates (poll_id, candidate_id) values (73, 477);
insert into polls_candidates (poll_id, candidate_id) values (5, 993);
insert into polls_candidates (poll_id, candidate_id) values (48, 25);
insert into polls_candidates (poll_id, candidate_id) values (41, 542);
insert into polls_candidates (poll_id, candidate_id) values (33, 486);
insert into polls_candidates (poll_id, candidate_id) values (42, 937);
insert into polls_candidates (poll_id, candidate_id) values (38, 48);
insert into polls_candidates (poll_id, candidate_id) values (33, 270);
insert into polls_candidates (poll_id, candidate_id) values (26, 272);
insert into polls_candidates (poll_id, candidate_id) values (53, 394);
insert into polls_candidates (poll_id, candidate_id) values (86, 51);
insert into polls_candidates (poll_id, candidate_id) values (22, 824);
insert into polls_candidates (poll_id, candidate_id) values (65, 20);
insert into polls_candidates (poll_id, candidate_id) values (94, 886);
insert into polls_candidates (poll_id, candidate_id) values (58, 920);
insert into polls_candidates (poll_id, candidate_id) values (67, 951);
insert into polls_candidates (poll_id, candidate_id) values (67, 479);
insert into polls_candidates (poll_id, candidate_id) values (28, 782);
insert into polls_candidates (poll_id, candidate_id) values (95, 794);
insert into polls_candidates (poll_id, candidate_id) values (60, 443);
insert into polls_candidates (poll_id, candidate_id) values (69, 700);
insert into polls_candidates (poll_id, candidate_id) values (35, 67);
insert into polls_candidates (poll_id, candidate_id) values (72, 390);
insert into polls_candidates (poll_id, candidate_id) values (50, 398);
insert into polls_candidates (poll_id, candidate_id) values (78, 485);
insert into polls_candidates (poll_id, candidate_id) values (17, 870);
insert into polls_candidates (poll_id, candidate_id) values (27, 239);
insert into polls_candidates (poll_id, candidate_id) values (84, 804);
insert into polls_candidates (poll_id, candidate_id) values (69, 939);
insert into polls_candidates (poll_id, candidate_id) values (76, 529);
insert into polls_candidates (poll_id, candidate_id) values (43, 309);
insert into polls_candidates (poll_id, candidate_id) values (88, 240);
insert into polls_candidates (poll_id, candidate_id) values (47, 211);
insert into polls_candidates (poll_id, candidate_id) values (25, 71);
insert into polls_candidates (poll_id, candidate_id) values (61, 688);
insert into polls_candidates (poll_id, candidate_id) values (51, 929);
insert into polls_candidates (poll_id, candidate_id) values (6, 527);
insert into polls_candidates (poll_id, candidate_id) values (58, 77);
insert into polls_candidates (poll_id, candidate_id) values (87, 700);
insert into polls_candidates (poll_id, candidate_id) values (18, 426);
insert into polls_candidates (poll_id, candidate_id) values (17, 1);
insert into polls_candidates (poll_id, candidate_id) values (81, 203);
insert into polls_candidates (poll_id, candidate_id) values (61, 152);
insert into polls_candidates (poll_id, candidate_id) values (95, 560);
insert into polls_candidates (poll_id, candidate_id) values (32, 702);
insert into polls_candidates (poll_id, candidate_id) values (21, 48);
insert into polls_candidates (poll_id, candidate_id) values (44, 496);
insert into polls_candidates (poll_id, candidate_id) values (72, 978);
insert into polls_candidates (poll_id, candidate_id) values (61, 996);
insert into polls_candidates (poll_id, candidate_id) values (1, 123);
insert into polls_candidates (poll_id, candidate_id) values (52, 238);
insert into polls_candidates (poll_id, candidate_id) values (90, 899);
insert into polls_candidates (poll_id, candidate_id) values (95, 772);
insert into polls_candidates (poll_id, candidate_id) values (2, 775);
insert into polls_candidates (poll_id, candidate_id) values (1, 867);
insert into polls_candidates (poll_id, candidate_id) values (65, 863);
insert into polls_candidates (poll_id, candidate_id) values (56, 59);
insert into polls_candidates (poll_id, candidate_id) values (83, 772);
insert into polls_candidates (poll_id, candidate_id) values (58, 240);
insert into polls_candidates (poll_id, candidate_id) values (35, 468);
insert into polls_candidates (poll_id, candidate_id) values (84, 788);
insert into polls_candidates (poll_id, candidate_id) values (95, 460);
insert into polls_candidates (poll_id, candidate_id) values (97, 806);
insert into polls_candidates (poll_id, candidate_id) values (80, 204);
insert into polls_candidates (poll_id, candidate_id) values (29, 100);
insert into polls_candidates (poll_id, candidate_id) values (76, 521);
insert into polls_candidates (poll_id, candidate_id) values (81, 58);
insert into polls_candidates (poll_id, candidate_id) values (16, 299);
insert into polls_candidates (poll_id, candidate_id) values (25, 351);
insert into polls_candidates (poll_id, candidate_id) values (44, 536);
insert into polls_candidates (poll_id, candidate_id) values (96, 998);
insert into polls_candidates (poll_id, candidate_id) values (61, 916);
insert into polls_candidates (poll_id, candidate_id) values (50, 182);
insert into polls_candidates (poll_id, candidate_id) values (85, 726);
insert into polls_candidates (poll_id, candidate_id) values (34, 66);
insert into polls_candidates (poll_id, candidate_id) values (84, 148);
insert into polls_candidates (poll_id, candidate_id) values (87, 415);
insert into polls_candidates (poll_id, candidate_id) values (26, 190);
insert into polls_candidates (poll_id, candidate_id) values (52, 973);
insert into polls_candidates (poll_id, candidate_id) values (27, 315);
insert into polls_candidates (poll_id, candidate_id) values (42, 351);
insert into polls_candidates (poll_id, candidate_id) values (50, 4);
insert into polls_candidates (poll_id, candidate_id) values (20, 276);
insert into polls_candidates (poll_id, candidate_id) values (29, 82);
insert into polls_candidates (poll_id, candidate_id) values (18, 128);
insert into polls_candidates (poll_id, candidate_id) values (51, 171);
insert into polls_candidates (poll_id, candidate_id) values (36, 542);
insert into polls_candidates (poll_id, candidate_id) values (16, 326);
insert into polls_candidates (poll_id, candidate_id) values (3, 4);
insert into polls_candidates (poll_id, candidate_id) values (55, 529);
insert into polls_candidates (poll_id, candidate_id) values (98, 112);
insert into polls_candidates (poll_id, candidate_id) values (78, 347);
insert into polls_candidates (poll_id, candidate_id) values (11, 407);
insert into polls_candidates (poll_id, candidate_id) values (37, 468);
insert into polls_candidates (poll_id, candidate_id) values (93, 713);
insert into polls_candidates (poll_id, candidate_id) values (84, 89);
insert into polls_candidates (poll_id, candidate_id) values (11, 130);
insert into polls_candidates (poll_id, candidate_id) values (57, 35);
insert into polls_candidates (poll_id, candidate_id) values (4, 852);
insert into polls_candidates (poll_id, candidate_id) values (93, 628);
insert into polls_candidates (poll_id, candidate_id) values (34, 502);
insert into polls_candidates (poll_id, candidate_id) values (42, 689);
insert into polls_candidates (poll_id, candidate_id) values (8, 510);
insert into polls_candidates (poll_id, candidate_id) values (99, 706);
insert into polls_candidates (poll_id, candidate_id) values (70, 700);
insert into polls_candidates (poll_id, candidate_id) values (67, 722);
insert into polls_candidates (poll_id, candidate_id) values (51, 773);
insert into polls_candidates (poll_id, candidate_id) values (7, 145);
insert into polls_candidates (poll_id, candidate_id) values (67, 687);
insert into polls_candidates (poll_id, candidate_id) values (26, 970);
insert into polls_candidates (poll_id, candidate_id) values (96, 869);
insert into polls_candidates (poll_id, candidate_id) values (44, 810);
insert into polls_candidates (poll_id, candidate_id) values (3, 484);
insert into polls_candidates (poll_id, candidate_id) values (5, 888);
insert into polls_candidates (poll_id, candidate_id) values (100, 652);
insert into polls_candidates (poll_id, candidate_id) values (67, 483);
insert into polls_candidates (poll_id, candidate_id) values (51, 670);
insert into polls_candidates (poll_id, candidate_id) values (37, 666);
insert into polls_candidates (poll_id, candidate_id) values (37, 287);
insert into polls_candidates (poll_id, candidate_id) values (58, 561);
insert into polls_candidates (poll_id, candidate_id) values (85, 11);
insert into polls_candidates (poll_id, candidate_id) values (100, 689);
insert into polls_candidates (poll_id, candidate_id) values (17, 297);
insert into polls_candidates (poll_id, candidate_id) values (76, 693);
insert into polls_candidates (poll_id, candidate_id) values (7, 332);
insert into polls_candidates (poll_id, candidate_id) values (80, 803);
insert into polls_candidates (poll_id, candidate_id) values (71, 913);
insert into polls_candidates (poll_id, candidate_id) values (33, 945);
insert into polls_candidates (poll_id, candidate_id) values (52, 242);
insert into polls_candidates (poll_id, candidate_id) values (20, 707);
insert into polls_candidates (poll_id, candidate_id) values (65, 478);
insert into polls_candidates (poll_id, candidate_id) values (87, 748);
insert into polls_candidates (poll_id, candidate_id) values (91, 768);
insert into polls_candidates (poll_id, candidate_id) values (82, 421);
insert into polls_candidates (poll_id, candidate_id) values (73, 475);
insert into polls_candidates (poll_id, candidate_id) values (3, 889);
insert into polls_candidates (poll_id, candidate_id) values (83, 322);
insert into polls_candidates (poll_id, candidate_id) values (65, 759);
insert into polls_candidates (poll_id, candidate_id) values (19, 996);
insert into polls_candidates (poll_id, candidate_id) values (38, 22);
insert into polls_candidates (poll_id, candidate_id) values (27, 147);
insert into polls_candidates (poll_id, candidate_id) values (26, 736);
insert into polls_candidates (poll_id, candidate_id) values (50, 431);
insert into polls_candidates (poll_id, candidate_id) values (96, 911);
insert into polls_candidates (poll_id, candidate_id) values (55, 569);
insert into polls_candidates (poll_id, candidate_id) values (42, 87);
insert into polls_candidates (poll_id, candidate_id) values (57, 805);
insert into polls_candidates (poll_id, candidate_id) values (70, 159);
insert into polls_candidates (poll_id, candidate_id) values (34, 971);
insert into polls_candidates (poll_id, candidate_id) values (69, 896);
insert into polls_candidates (poll_id, candidate_id) values (65, 796);
insert into polls_candidates (poll_id, candidate_id) values (32, 237);
insert into polls_candidates (poll_id, candidate_id) values (89, 685);
insert into polls_candidates (poll_id, candidate_id) values (24, 899);
insert into polls_candidates (poll_id, candidate_id) values (21, 831);
insert into polls_candidates (poll_id, candidate_id) values (92, 217);
insert into polls_candidates (poll_id, candidate_id) values (86, 173);
insert into polls_candidates (poll_id, candidate_id) values (68, 694);
insert into polls_candidates (poll_id, candidate_id) values (25, 178);
insert into polls_candidates (poll_id, candidate_id) values (98, 638);
insert into polls_candidates (poll_id, candidate_id) values (42, 392);
insert into polls_candidates (poll_id, candidate_id) values (15, 644);
insert into polls_candidates (poll_id, candidate_id) values (23, 208);
insert into polls_candidates (poll_id, candidate_id) values (7, 830);
insert into polls_candidates (poll_id, candidate_id) values (14, 717);
insert into polls_candidates (poll_id, candidate_id) values (94, 394);
insert into polls_candidates (poll_id, candidate_id) values (77, 158);
insert into polls_candidates (poll_id, candidate_id) values (31, 254);
insert into polls_candidates (poll_id, candidate_id) values (48, 45);
insert into polls_candidates (poll_id, candidate_id) values (59, 253);
insert into polls_candidates (poll_id, candidate_id) values (61, 300);
insert into polls_candidates (poll_id, candidate_id) values (83, 240);
insert into polls_candidates (poll_id, candidate_id) values (31, 696);
insert into polls_candidates (poll_id, candidate_id) values (18, 135);
insert into polls_candidates (poll_id, candidate_id) values (8, 178);
insert into polls_candidates (poll_id, candidate_id) values (54, 552);
insert into polls_candidates (poll_id, candidate_id) values (68, 257);
insert into polls_candidates (poll_id, candidate_id) values (4, 601);
insert into polls_candidates (poll_id, candidate_id) values (10, 903);
insert into polls_candidates (poll_id, candidate_id) values (70, 599);
insert into polls_candidates (poll_id, candidate_id) values (8, 408);
insert into polls_candidates (poll_id, candidate_id) values (58, 380);
insert into polls_candidates (poll_id, candidate_id) values (91, 168);
insert into polls_candidates (poll_id, candidate_id) values (68, 503);
insert into polls_candidates (poll_id, candidate_id) values (16, 280);
insert into polls_candidates (poll_id, candidate_id) values (88, 880);
insert into polls_candidates (poll_id, candidate_id) values (63, 75);
insert into polls_candidates (poll_id, candidate_id) values (92, 402);
insert into polls_candidates (poll_id, candidate_id) values (78, 878);
insert into polls_candidates (poll_id, candidate_id) values (5, 97);
insert into polls_candidates (poll_id, candidate_id) values (25, 666);
insert into polls_candidates (poll_id, candidate_id) values (25, 90);
insert into polls_candidates (poll_id, candidate_id) values (24, 22);
insert into polls_candidates (poll_id, candidate_id) values (90, 603);
insert into polls_candidates (poll_id, candidate_id) values (95, 979);
insert into polls_candidates (poll_id, candidate_id) values (99, 358);
insert into polls_candidates (poll_id, candidate_id) values (83, 481);
insert into polls_candidates (poll_id, candidate_id) values (62, 526);
insert into polls_candidates (poll_id, candidate_id) values (6, 209);
insert into polls_candidates (poll_id, candidate_id) values (7, 466);
insert into polls_candidates (poll_id, candidate_id) values (59, 603);
insert into polls_candidates (poll_id, candidate_id) values (19, 103);
insert into polls_candidates (poll_id, candidate_id) values (4, 448);
insert into polls_candidates (poll_id, candidate_id) values (3, 432);
insert into polls_candidates (poll_id, candidate_id) values (34, 813);
insert into polls_candidates (poll_id, candidate_id) values (66, 881);
insert into polls_candidates (poll_id, candidate_id) values (98, 194);
insert into polls_candidates (poll_id, candidate_id) values (57, 759);
insert into polls_candidates (poll_id, candidate_id) values (55, 954);
insert into polls_candidates (poll_id, candidate_id) values (50, 171);
insert into polls_candidates (poll_id, candidate_id) values (27, 152);
insert into polls_candidates (poll_id, candidate_id) values (28, 183);
insert into polls_candidates (poll_id, candidate_id) values (84, 170);
insert into polls_candidates (poll_id, candidate_id) values (88, 58);
insert into polls_candidates (poll_id, candidate_id) values (2, 774);
insert into polls_candidates (poll_id, candidate_id) values (16, 220);
insert into polls_candidates (poll_id, candidate_id) values (8, 153);
insert into polls_candidates (poll_id, candidate_id) values (79, 197);
insert into polls_candidates (poll_id, candidate_id) values (52, 21);
insert into polls_candidates (poll_id, candidate_id) values (33, 588);
insert into polls_candidates (poll_id, candidate_id) values (97, 753);
insert into polls_candidates (poll_id, candidate_id) values (27, 193);
insert into polls_candidates (poll_id, candidate_id) values (35, 247);
insert into polls_candidates (poll_id, candidate_id) values (73, 161);
insert into polls_candidates (poll_id, candidate_id) values (58, 370);
insert into polls_candidates (poll_id, candidate_id) values (89, 415);
insert into polls_candidates (poll_id, candidate_id) values (63, 475);
insert into polls_candidates (poll_id, candidate_id) values (33, 400);
insert into polls_candidates (poll_id, candidate_id) values (4, 335);
insert into polls_candidates (poll_id, candidate_id) values (27, 136);
insert into polls_candidates (poll_id, candidate_id) values (46, 207);
insert into polls_candidates (poll_id, candidate_id) values (98, 368);
insert into polls_candidates (poll_id, candidate_id) values (72, 523);
insert into polls_candidates (poll_id, candidate_id) values (49, 452);
insert into polls_candidates (poll_id, candidate_id) values (83, 480);
insert into polls_candidates (poll_id, candidate_id) values (98, 619);
insert into polls_candidates (poll_id, candidate_id) values (91, 429);
insert into polls_candidates (poll_id, candidate_id) values (1, 175);
insert into polls_candidates (poll_id, candidate_id) values (60, 691);
insert into polls_candidates (poll_id, candidate_id) values (12, 674);
insert into polls_candidates (poll_id, candidate_id) values (82, 819);
insert into polls_candidates (poll_id, candidate_id) values (94, 647);
insert into polls_candidates (poll_id, candidate_id) values (19, 877);
insert into polls_candidates (poll_id, candidate_id) values (82, 993);
insert into polls_candidates (poll_id, candidate_id) values (80, 526);
insert into polls_candidates (poll_id, candidate_id) values (36, 962);
