insert into role (id, name) values
  ('1', 'ROLE_ADMIN'),
  ('2', 'ROLE_USER'),
  ('3', 'ROLE_MODERATOR'),
  ('4', 'ROLE_WARDADMIN'),
  ('5', 'ROLE_COMMITTEEADMIN');

insert into user (id, username, password, active) values
  ('1', 'admin', 'test', 1),
  ('2', 'user', 'test', 1),
  ('3', 'moderator', 'test', 1);

insert into country(id, name) values
('1', 'polandia'),
('2', 'cebulandia');

insert into district(id, name, country_id) values
('1', 'polandia_district1', '1'),
('2', 'polandia_district2', '1'),
('3', 'polandia_district3', '1'),
('4', 'cebulandia_district1', '2'),
('5', 'cebulandia_district2', '2'),
('6', 'cebulandia_district3', '2');

insert into ward(id, name, district_id, ward_admin_id) values
('1', 'p_d1_w1', '1', null),
('2', 'p_d1_w2', '1', null),
('3', 'p_d1_w3', '1', null),
('4', 'p_d2_w1', '2', null),
('5', 'p_d2_w2', '2', null),
('6', 'p_d2_w3', '2', null),
('7', 'p_d3_w1', '3', null),
('8', 'p_d3_w2', '3', null),
('9', 'p_d3_w3', '3', null),
('10', 'c_d1_w1', '4', null),
('11', 'c_d1_w2', '4', null),
('12', 'c_d1_w3', '4', null),
('13', 'c_d2_w1', '5', null),
('14', 'c_d2_w2', '5', null),
('15', 'c_d2_w3', '5', null),
('16', 'c_d3_w1', '6', null),
('17', 'c_d3_w2', '6', null),
('18', 'c_d3_w3', '6', null);

insert into committee(id, name, votes_placed, seats_granted) values
  (1, 'com1', 0, 0),
  (2, 'com2', 0, 0),
  (3, 'com3', 0, 0);

 insert into user (id, username, password, active, address, email, first_name, surname, country_id, district_id, ward_id) values
  ('5', 'candidate_wta_1', 'test', 1, 'address', 'mail@mail.com', 'candidate', 'wta_1', 1, 3, 7),
  ('6', 'candidate_wta_2', 'test', 1, 'address', 'mail@mail.com', 'candidate', 'wta_2', 1, 3, 7),
  ('7', 'candidate_wta_3', 'test', 1, 'address', 'mail@mail.com', 'candidate', 'wta_3', 1, 3, 8),
  ('8', 'candidate_wta_4', 'test', 1, 'address', 'mail@mail.com', 'candidate', 'wta_4', 1, 3, 9),
  ('9', 'candidate_tr_1', 'test', 1, 'address', 'mail@mail.com', 'candidate', 'tr_1', 1, 1, 1),
  ('10', 'candidate_tr_2', 'test', 1, 'address', 'mail@mail.com', 'candidate', 'tr_2', 1, 2, 6),
  ('11', 'candidate_tr_3', 'test', 1, 'address', 'mail@mail.com', 'candidate', 'tr_3', 1, 3, 7),
  ('12', 'candidate_tr_4', 'test', 1, 'address', 'mail@mail.com', 'candidate', 'tr_4', 1, 3, 8),
  ('4', 'candidate_irv_1', 'test', 1, 'address', 'mail@mail.com', 'candidate', 'irv_1', 1, 1, 1),
  ('13', 'candidate_irv_2', 'test', 1, 'address', 'mail@mail.com', 'candidate', 'irv_2', 1, 1, 1),
  ('14', 'candidate_irv_3', 'test', 1, 'address', 'mail@mail.com', 'candidate', 'irv_3', 1, 1, 1),
  ('15', 'candidate_irv_4', 'test', 1, 'address', 'mail@mail.com', 'candidate', 'irv_4', 1, 1, 1),
  ('16', 'wardadmin', 'test', 1, 'address', 'mail@mail.com', 'admin', 'ward', 1, 1, 1),
  ('17', 'com1admin', 'test', 1, 'address', 'mail@mail.com', 'admin', 'com1', 1, 1, 1),
  ('18', 'com2admin', 'test', 1, 'address', 'mail@mail.com', 'admin', 'com2', 1, 1, 1),
  ('19', 'com3admin', 'test', 1, 'address', 'mail@mail.com', 'admin', 'com3', 1, 1, 1),
  ('20', 'com1cand1', 'test', 1, 'address', 'mail@mail.com', 'cand1', 'com1', 2, 2, 6),
  ('21', 'com1cand2', 'test', 1, 'address', 'mail@mail.com', 'cand2', 'com1', 2, 2, 6),
  ('22', 'com1cand3', 'test', 1, 'address', 'mail@mail.com', 'cand3', 'com1', 2, 2, 6),
  ('23', 'com1cand4', 'test', 1, 'address', 'mail@mail.com', 'cand4', 'com1', 2, 2, 6),
  ('24', 'com1cand5', 'test', 1, 'address', 'mail@mail.com', 'cand5', 'com1', 2, 2, 6),
  ('25', 'com2cand1', 'test', 1, 'address', 'mail@mail.com', 'cand1', 'com2', 2, 2, 6),
  ('26', 'com2cand2', 'test', 1, 'address', 'mail@mail.com', 'cand2', 'com2', 2, 2, 6),
  ('27', 'com2cand3', 'test', 1, 'address', 'mail@mail.com', 'cand3', 'com2', 2, 2, 6),
  ('28', 'com2cand4', 'test', 1, 'address', 'mail@mail.com', 'cand4', 'com2', 2, 2, 6),
  ('29', 'com2cand5', 'test', 1, 'address', 'mail@mail.com', 'cand5', 'com2', 2, 2, 6),
  ('30', 'com3cand1', 'test', 1, 'address', 'mail@mail.com', 'cand1', 'com3', 2, 2, 6),
  ('31', 'com3cand2', 'test', 1, 'address', 'mail@mail.com', 'cand2', 'com3', 2, 2, 6),
  ('32', 'com3cand3', 'test', 1, 'address', 'mail@mail.com', 'cand3', 'com3', 2, 2, 6),
  ('33', 'com3cand4', 'test', 1, 'address', 'mail@mail.com', 'cand4', 'com3', 2, 2, 6),
  ('34', 'com3cand5', 'test', 1, 'address', 'mail@mail.com', 'cand5', 'com3', 2, 2, 6);

  update ward set ward_admin_id='16' where id='1';
  update ward set ward_admin_id='16' where id='2';
  update ward set ward_admin_id='16' where id='3';
  update ward set ward_admin_id='16' where id='4';

  update committee set committee_admin_id='17' where id='1';
  update committee set committee_admin_id='18' where id='2';
  update committee set committee_admin_id='19' where id='3';


insert into users_roles (user_id, role_id) values
-- admin
  ('1', '1'),
-- user
  ('2', '2'),
-- moderator
  ('3', '2'),
  ('3', '3'),
-- ward admin
  ('16', '2'),
  ('16', '4'),
-- committee admins
  ('17', '2'),
  ('18', '2'),
  ('19', '2'),
  ('17', '5'),
  ('18', '5'),
  ('19', '5'),
-- users
  ('4', '2'),
  ('5', '2'),
  ('6', '2'),
  ('7', '2'),
  ('8', '2'),
  ('9', '2'),
  ('10', '2'),
  ('11', '2'),
  ('12', '2'),
  ('13', '2'),
  ('14', '2'),
  ('15', '2'),
-- committee candidates
  ('20', '2'),
  ('21', '2'),
  ('22', '2'),
  ('23', '2'),
  ('24', '2'),
  ('25', '2'),
  ('26', '2'),
  ('27', '2'),
  ('28', '2'),
  ('29', '2'),
  ('30', '2'),
  ('31', '2'),
  ('32', '2'),
  ('33', '2'),
  ('34', '2');

  insert into election(id, name) values
  (1, 'election');

  insert into poll(id, candidates_count, description, name, open_from, open_until, poll_type, voting_mode, creator_id, election_id, country_id, district_id, ward_id, winning_candidates_count, poll_scope) values
  (1, 1, 'description', 'wta', '2018-11-19 05:40:26','2018-12-28 06:22:02', 'WINNER_TAKES_ALL', 'EXACTLY', 1, 1, null, 3, null, 1, 'DISTRICT'),
  (2, 1, 'description', 'tr', '2018-11-19 05:40:26','2018-12-28 06:22:02', 'TWO_ROUND', 'EXACTLY', 1, 1, 1, null, null, 1, 'COUNTRY'),
  (3, 3, 'description', 'irv', '2018-11-19 05:40:26','2018-12-28 06:22:02', 'INSTANT_RUNOFF_VOTING', 'EXACTLY', 1, 1, null, null, 1, 1, 'WARD'),
  (4, 1, 'description', 'dh', '2018-11-19 05:40:26','2018-12-28 06:22:02', 'DHONDT', 'EXACTLY', 1, 1, 1, null, null, 8, 'COUNTRY');

insert into candidate(id, name, country_id, district_id, ward_id, poll_id, user_id, place, votes_placed, committee_id) values
(1, 'wta_1', null, 3, null, 1, 5, 0, 0, null),
(2, 'wta_2', null, 3, null, 1, 6, 0, 0, null),
(3, 'wta_3', null, 3, null, 1, 7, 0, 0, null),
(4, 'wta_4', null, 3, null, 1, 8, 0, 0, null),
(5, 'tr_1', 1, null, null, 2, 9, 0, 0, null),
(6, 'tr_2', 1, null, null, 2, 10, 0, 0, null),
(7, 'tr_3', 1, null, null, 2, 11, 0, 0, null),
(8, 'tr_4', 1, null, null, 2, 12, 0, 0, null),
(9, 'irv_1', null, null, 1, 3, 4, 0, 0, null),
(10, 'irv_2', null, null, 1, 3, 13, 0, 0, null),
(11, 'irv_3', null, null, 1, 3, 14, 0, 0, null),
(12, 'irv_4', null, null, 1, 3, 15, 0, 0, null),
(13, 'dh_1', 1, null, null, 4, 20, 0, 0, 1),
(14, 'dh_2', 1, null, null, 4, 21, 0, 0, 1),
(15, 'dh_3', 1, null, null, 4, 22, 0, 0, 1),
(16, 'dh_4', 1, null, null, 4, 23, 0, 0, 1),
(17, 'dh_5', 1, null, null, 4, 24, 0, 0, 1),
(18, 'dh_6', 1, null, null, 4, 25, 0, 0, 2),
(19, 'dh_7', 1, null, null, 4, 26, 0, 0, 2),
(20, 'dh_8', 1, null, null, 4, 27, 0, 0, 2),
(21, 'dh_9', 1, null, null, 4, 28, 0, 0, 2),
(22, 'dh_10', 1, null, null, 4, 29, 0, 0, 2),
(23, 'dh_11', 1, null, null, 4, 30, 0, 0, 3),
(24, 'dh_12', 1, null, null, 4, 31, 0, 0, 3),
(25, 'dh_13', 1, null, null, 4, 32, 0, 0, 3),
(26, 'dh_14', 1, null, null, 4, 33, 0, 0, 3),
(27, 'dh_15', 1, null, null, 4, 34, 0, 0, 3);

insert into committee_candidate_order (id, candidate_id, committee_id, candidate_order) values (1, 13, 1, 1);
insert into committee_candidate_order (id, candidate_id, committee_id, candidate_order) values (2, 14, 1, 2);
insert into committee_candidate_order (id, candidate_id, committee_id, candidate_order) values (3, 15, 1, 3);
insert into committee_candidate_order (id, candidate_id, committee_id, candidate_order) values (4, 16, 1, 4);
insert into committee_candidate_order (id, candidate_id, committee_id, candidate_order) values (5, 17, 1, 5);
insert into committee_candidate_order (id, candidate_id, committee_id, candidate_order) values (6, 18, 2, 1);
insert into committee_candidate_order (id, candidate_id, committee_id, candidate_order) values (7, 19, 2, 2);
insert into committee_candidate_order (id, candidate_id, committee_id, candidate_order) values (8, 20, 2, 3);
insert into committee_candidate_order (id, candidate_id, committee_id, candidate_order) values (9, 21, 2, 4);
insert into committee_candidate_order (id, candidate_id, committee_id, candidate_order) values (10, 22, 2, 5);
insert into committee_candidate_order (id, candidate_id, committee_id, candidate_order) values (11, 23, 3, 1);
insert into committee_candidate_order (id, candidate_id, committee_id, candidate_order) values (12, 24, 3, 2);
insert into committee_candidate_order (id, candidate_id, committee_id, candidate_order) values (13, 25, 3, 3);
insert into committee_candidate_order (id, candidate_id, committee_id, candidate_order) values (14, 26, 3, 4);
insert into committee_candidate_order (id, candidate_id, committee_id, candidate_order) values (15, 27, 3, 5);


insert into vote (id, poll_id) values (1, 1);
insert into vote (id, poll_id) values (2, 1);
insert into vote (id, poll_id) values (3, 1);
insert into vote (id, poll_id) values (4, 1);
insert into vote (id, poll_id) values (5, 1);
insert into vote (id, poll_id) values (6, 1);
insert into vote (id, poll_id) values (7, 1);
insert into vote (id, poll_id) values (8, 1);
insert into vote (id, poll_id) values (9, 1);
insert into vote (id, poll_id) values (10, 1);
insert into vote (id, poll_id) values (11, 1);
insert into vote (id, poll_id) values (12, 1);
insert into vote (id, poll_id) values (13, 1);
insert into vote (id, poll_id) values (14, 1);
insert into vote (id, poll_id) values (15, 1);
insert into vote (id, poll_id) values (16, 1);
insert into vote (id, poll_id) values (17, 1);
insert into vote (id, poll_id) values (18, 1);
insert into vote (id, poll_id) values (19, 1);
insert into vote (id, poll_id) values (20, 1);
insert into vote (id, poll_id) values (21, 1);
insert into vote (id, poll_id) values (22, 1);
insert into vote (id, poll_id) values (23, 1);
insert into vote (id, poll_id) values (24, 1);
insert into vote (id, poll_id) values (25, 1);
insert into vote (id, poll_id) values (26, 1);
insert into vote (id, poll_id) values (27, 1);
insert into vote (id, poll_id) values (28, 1);
insert into vote (id, poll_id) values (29, 1);
insert into vote (id, poll_id) values (30, 1);
insert into vote (id, poll_id) values (31, 1);
insert into vote (id, poll_id) values (32, 1);
insert into vote (id, poll_id) values (33, 1);
insert into vote (id, poll_id) values (34, 1);
insert into vote (id, poll_id) values (35, 1);
insert into vote (id, poll_id) values (36, 1);
insert into vote (id, poll_id) values (37, 1);
insert into vote (id, poll_id) values (38, 1);
insert into vote (id, poll_id) values (39, 1);
insert into vote (id, poll_id) values (40, 1);
insert into vote (id, poll_id) values (41, 1);
insert into vote (id, poll_id) values (42, 1);
insert into vote (id, poll_id) values (43, 1);
insert into vote (id, poll_id) values (44, 1);
insert into vote (id, poll_id) values (45, 1);
insert into vote (id, poll_id) values (46, 1);
insert into vote (id, poll_id) values (47, 1);
insert into vote (id, poll_id) values (48, 1);
insert into vote (id, poll_id) values (49, 1);
insert into vote (id, poll_id) values (50, 1);
insert into vote (id, poll_id) values (51, 1);
insert into vote (id, poll_id) values (52, 1);
insert into vote (id, poll_id) values (53, 1);
insert into vote (id, poll_id) values (54, 1);
insert into vote (id, poll_id) values (55, 1);
insert into vote (id, poll_id) values (56, 1);
insert into vote (id, poll_id) values (57, 1);
insert into vote (id, poll_id) values (58, 1);
insert into vote (id, poll_id) values (59, 1);
insert into vote (id, poll_id) values (60, 1);
insert into vote (id, poll_id) values (61, 1);
insert into vote (id, poll_id) values (62, 1);
insert into vote (id, poll_id) values (63, 1);
insert into vote (id, poll_id) values (64, 1);
insert into vote (id, poll_id) values (65, 1);
insert into vote (id, poll_id) values (66, 1);
insert into vote (id, poll_id) values (67, 1);
insert into vote (id, poll_id) values (68, 1);
insert into vote (id, poll_id) values (69, 1);
insert into vote (id, poll_id) values (70, 1);
insert into vote (id, poll_id) values (71, 1);
insert into vote (id, poll_id) values (72, 1);
insert into vote (id, poll_id) values (73, 1);
insert into vote (id, poll_id) values (74, 1);
insert into vote (id, poll_id) values (75, 1);
insert into vote (id, poll_id) values (76, 1);
insert into vote (id, poll_id) values (77, 1);
insert into vote (id, poll_id) values (78, 1);
insert into vote (id, poll_id) values (79, 1);
insert into vote (id, poll_id) values (80, 1);
insert into vote (id, poll_id) values (81, 1);
insert into vote (id, poll_id) values (82, 1);
insert into vote (id, poll_id) values (83, 1);
insert into vote (id, poll_id) values (84, 1);
insert into vote (id, poll_id) values (85, 1);
insert into vote (id, poll_id) values (86, 1);
insert into vote (id, poll_id) values (87, 1);
insert into vote (id, poll_id) values (88, 1);
insert into vote (id, poll_id) values (89, 1);
insert into vote (id, poll_id) values (90, 1);
insert into vote (id, poll_id) values (91, 1);
insert into vote (id, poll_id) values (92, 1);
insert into vote (id, poll_id) values (93, 1);
insert into vote (id, poll_id) values (94, 1);
insert into vote (id, poll_id) values (95, 1);
insert into vote (id, poll_id) values (96, 1);
insert into vote (id, poll_id) values (97, 1);
insert into vote (id, poll_id) values (98, 1);
insert into vote (id, poll_id) values (99, 1);
insert into vote (id, poll_id) values (100, 1);
insert into vote (id, poll_id) values (101, 2);
insert into vote (id, poll_id) values (102, 2);
insert into vote (id, poll_id) values (103, 2);
insert into vote (id, poll_id) values (104, 2);
insert into vote (id, poll_id) values (105, 2);
insert into vote (id, poll_id) values (106, 2);
insert into vote (id, poll_id) values (107, 2);
insert into vote (id, poll_id) values (108, 2);
insert into vote (id, poll_id) values (109, 2);
insert into vote (id, poll_id) values (110, 2);
insert into vote (id, poll_id) values (111, 2);
insert into vote (id, poll_id) values (112, 2);
insert into vote (id, poll_id) values (113, 2);
insert into vote (id, poll_id) values (114, 2);
insert into vote (id, poll_id) values (115, 2);
insert into vote (id, poll_id) values (116, 2);
insert into vote (id, poll_id) values (117, 2);
insert into vote (id, poll_id) values (118, 2);
insert into vote (id, poll_id) values (119, 2);
insert into vote (id, poll_id) values (120, 2);
insert into vote (id, poll_id) values (121, 2);
insert into vote (id, poll_id) values (122, 2);
insert into vote (id, poll_id) values (123, 2);
insert into vote (id, poll_id) values (124, 2);
insert into vote (id, poll_id) values (125, 2);
insert into vote (id, poll_id) values (126, 2);
insert into vote (id, poll_id) values (127, 2);
insert into vote (id, poll_id) values (128, 2);
insert into vote (id, poll_id) values (129, 2);
insert into vote (id, poll_id) values (130, 2);
insert into vote (id, poll_id) values (131, 2);
insert into vote (id, poll_id) values (132, 2);
insert into vote (id, poll_id) values (133, 2);
insert into vote (id, poll_id) values (134, 2);
insert into vote (id, poll_id) values (135, 2);
insert into vote (id, poll_id) values (136, 2);
insert into vote (id, poll_id) values (137, 2);
insert into vote (id, poll_id) values (138, 2);
insert into vote (id, poll_id) values (139, 2);
insert into vote (id, poll_id) values (140, 2);
insert into vote (id, poll_id) values (141, 2);
insert into vote (id, poll_id) values (142, 2);
insert into vote (id, poll_id) values (143, 2);
insert into vote (id, poll_id) values (144, 2);
insert into vote (id, poll_id) values (145, 2);
insert into vote (id, poll_id) values (146, 2);
insert into vote (id, poll_id) values (147, 2);
insert into vote (id, poll_id) values (148, 2);
insert into vote (id, poll_id) values (149, 2);
insert into vote (id, poll_id) values (150, 2);
insert into vote (id, poll_id) values (151, 2);
insert into vote (id, poll_id) values (152, 2);
insert into vote (id, poll_id) values (153, 2);
insert into vote (id, poll_id) values (154, 2);
insert into vote (id, poll_id) values (155, 2);
insert into vote (id, poll_id) values (156, 2);
insert into vote (id, poll_id) values (157, 2);
insert into vote (id, poll_id) values (158, 2);
insert into vote (id, poll_id) values (159, 2);
insert into vote (id, poll_id) values (160, 2);
insert into vote (id, poll_id) values (161, 2);
insert into vote (id, poll_id) values (162, 2);
insert into vote (id, poll_id) values (163, 2);
insert into vote (id, poll_id) values (164, 2);
insert into vote (id, poll_id) values (165, 2);
insert into vote (id, poll_id) values (166, 2);
insert into vote (id, poll_id) values (167, 2);
insert into vote (id, poll_id) values (168, 2);
insert into vote (id, poll_id) values (169, 2);
insert into vote (id, poll_id) values (170, 2);
insert into vote (id, poll_id) values (171, 2);
insert into vote (id, poll_id) values (172, 2);
insert into vote (id, poll_id) values (173, 2);
insert into vote (id, poll_id) values (174, 2);
insert into vote (id, poll_id) values (175, 2);
insert into vote (id, poll_id) values (176, 2);
insert into vote (id, poll_id) values (177, 2);
insert into vote (id, poll_id) values (178, 2);
insert into vote (id, poll_id) values (179, 2);
insert into vote (id, poll_id) values (180, 2);
insert into vote (id, poll_id) values (181, 2);
insert into vote (id, poll_id) values (182, 2);
insert into vote (id, poll_id) values (183, 2);
insert into vote (id, poll_id) values (184, 2);
insert into vote (id, poll_id) values (185, 2);
insert into vote (id, poll_id) values (186, 2);
insert into vote (id, poll_id) values (187, 2);
insert into vote (id, poll_id) values (188, 2);
insert into vote (id, poll_id) values (189, 2);
insert into vote (id, poll_id) values (190, 2);
insert into vote (id, poll_id) values (191, 2);
insert into vote (id, poll_id) values (192, 2);
insert into vote (id, poll_id) values (193, 2);
insert into vote (id, poll_id) values (194, 2);
insert into vote (id, poll_id) values (195, 2);
insert into vote (id, poll_id) values (196, 2);
insert into vote (id, poll_id) values (197, 2);
insert into vote (id, poll_id) values (198, 2);
insert into vote (id, poll_id) values (199, 2);
insert into vote (id, poll_id) values (200, 2);
insert into vote (id, poll_id) values (201, 3);
insert into vote (id, poll_id) values (202, 3);
insert into vote (id, poll_id) values (203, 3);
insert into vote (id, poll_id) values (204, 3);
insert into vote (id, poll_id) values (205, 3);
insert into vote (id, poll_id) values (206, 3);
insert into vote (id, poll_id) values (207, 3);
insert into vote (id, poll_id) values (208, 3);
insert into vote (id, poll_id) values (209, 3);
insert into vote (id, poll_id) values (210, 3);
insert into vote (id, poll_id) values (211, 3);
insert into vote (id, poll_id) values (212, 3);
insert into vote (id, poll_id) values (213, 3);
insert into vote (id, poll_id) values (214, 3);
insert into vote (id, poll_id) values (215, 3);
insert into vote (id, poll_id) values (216, 3);
insert into vote (id, poll_id) values (217, 3);
insert into vote (id, poll_id) values (218, 3);
insert into vote (id, poll_id) values (219, 3);
insert into vote (id, poll_id) values (220, 3);
insert into vote (id, poll_id) values (221, 3);
insert into vote (id, poll_id) values (222, 3);
insert into vote (id, poll_id) values (223, 3);
insert into vote (id, poll_id) values (224, 3);
insert into vote (id, poll_id) values (225, 3);
insert into vote (id, poll_id) values (226, 3);
insert into vote (id, poll_id) values (227, 3);
insert into vote (id, poll_id) values (228, 3);
insert into vote (id, poll_id) values (229, 3);
insert into vote (id, poll_id) values (230, 3);
insert into vote (id, poll_id) values (231, 3);
insert into vote (id, poll_id) values (232, 3);
insert into vote (id, poll_id) values (233, 3);
insert into vote (id, poll_id) values (234, 3);
insert into vote (id, poll_id) values (235, 3);
insert into vote (id, poll_id) values (236, 3);
insert into vote (id, poll_id) values (237, 3);
insert into vote (id, poll_id) values (238, 3);
insert into vote (id, poll_id) values (239, 3);
insert into vote (id, poll_id) values (240, 3);
insert into vote (id, poll_id) values (241, 3);
insert into vote (id, poll_id) values (242, 3);
insert into vote (id, poll_id) values (243, 3);
insert into vote (id, poll_id) values (244, 3);
insert into vote (id, poll_id) values (245, 3);
insert into vote (id, poll_id) values (246, 3);
insert into vote (id, poll_id) values (247, 3);
insert into vote (id, poll_id) values (248, 3);
insert into vote (id, poll_id) values (249, 3);
insert into vote (id, poll_id) values (250, 3);
insert into vote (id, poll_id) values (251, 3);
insert into vote (id, poll_id) values (252, 3);
insert into vote (id, poll_id) values (253, 3);
insert into vote (id, poll_id) values (254, 3);
insert into vote (id, poll_id) values (255, 3);
insert into vote (id, poll_id) values (256, 3);
insert into vote (id, poll_id) values (257, 3);
insert into vote (id, poll_id) values (258, 3);
insert into vote (id, poll_id) values (259, 3);
insert into vote (id, poll_id) values (260, 3);
insert into vote (id, poll_id) values (261, 3);
insert into vote (id, poll_id) values (262, 3);
insert into vote (id, poll_id) values (263, 3);
insert into vote (id, poll_id) values (264, 3);
insert into vote (id, poll_id) values (265, 3);
insert into vote (id, poll_id) values (266, 3);
insert into vote (id, poll_id) values (267, 3);
insert into vote (id, poll_id) values (268, 3);
insert into vote (id, poll_id) values (269, 3);
insert into vote (id, poll_id) values (270, 3);
insert into vote (id, poll_id) values (271, 3);
insert into vote (id, poll_id) values (272, 3);
insert into vote (id, poll_id) values (273, 3);
insert into vote (id, poll_id) values (274, 3);
insert into vote (id, poll_id) values (275, 3);
insert into vote (id, poll_id) values (276, 3);
insert into vote (id, poll_id) values (277, 3);
insert into vote (id, poll_id) values (278, 3);
insert into vote (id, poll_id) values (279, 3);
insert into vote (id, poll_id) values (280, 3);
insert into vote (id, poll_id) values (281, 3);
insert into vote (id, poll_id) values (282, 3);
insert into vote (id, poll_id) values (283, 3);
insert into vote (id, poll_id) values (284, 3);
insert into vote (id, poll_id) values (285, 3);
insert into vote (id, poll_id) values (286, 3);
insert into vote (id, poll_id) values (287, 3);
insert into vote (id, poll_id) values (288, 3);
insert into vote (id, poll_id) values (289, 3);
insert into vote (id, poll_id) values (290, 3);
insert into vote (id, poll_id) values (291, 3);
insert into vote (id, poll_id) values (292, 3);
insert into vote (id, poll_id) values (293, 3);
insert into vote (id, poll_id) values (294, 3);
insert into vote (id, poll_id) values (295, 3);
insert into vote (id, poll_id) values (296, 3);
insert into vote (id, poll_id) values (297, 3);
insert into vote (id, poll_id) values (298, 3);
insert into vote (id, poll_id) values (299, 3);
insert into vote (id, poll_id) values (300, 3);
insert into vote (id, poll_id) values (301, 4);
insert into vote (id, poll_id) values (302, 4);
insert into vote (id, poll_id) values (303, 4);
insert into vote (id, poll_id) values (304, 4);
insert into vote (id, poll_id) values (305, 4);
insert into vote (id, poll_id) values (306, 4);
insert into vote (id, poll_id) values (307, 4);
insert into vote (id, poll_id) values (308, 4);
insert into vote (id, poll_id) values (309, 4);
insert into vote (id, poll_id) values (310, 4);
insert into vote (id, poll_id) values (311, 4);
insert into vote (id, poll_id) values (312, 4);
insert into vote (id, poll_id) values (313, 4);
insert into vote (id, poll_id) values (314, 4);
insert into vote (id, poll_id) values (315, 4);
insert into vote (id, poll_id) values (316, 4);
insert into vote (id, poll_id) values (317, 4);
insert into vote (id, poll_id) values (318, 4);
insert into vote (id, poll_id) values (319, 4);
insert into vote (id, poll_id) values (320, 4);
insert into vote (id, poll_id) values (321, 4);
insert into vote (id, poll_id) values (322, 4);
insert into vote (id, poll_id) values (323, 4);
insert into vote (id, poll_id) values (324, 4);
insert into vote (id, poll_id) values (325, 4);
insert into vote (id, poll_id) values (326, 4);
insert into vote (id, poll_id) values (327, 4);
insert into vote (id, poll_id) values (328, 4);
insert into vote (id, poll_id) values (329, 4);
insert into vote (id, poll_id) values (330, 4);
insert into vote (id, poll_id) values (331, 4);
insert into vote (id, poll_id) values (332, 4);
insert into vote (id, poll_id) values (333, 4);
insert into vote (id, poll_id) values (334, 4);
insert into vote (id, poll_id) values (335, 4);
insert into vote (id, poll_id) values (336, 4);
insert into vote (id, poll_id) values (337, 4);
insert into vote (id, poll_id) values (338, 4);
insert into vote (id, poll_id) values (339, 4);
insert into vote (id, poll_id) values (340, 4);
insert into vote (id, poll_id) values (341, 4);
insert into vote (id, poll_id) values (342, 4);
insert into vote (id, poll_id) values (343, 4);
insert into vote (id, poll_id) values (344, 4);
insert into vote (id, poll_id) values (345, 4);
insert into vote (id, poll_id) values (346, 4);
insert into vote (id, poll_id) values (347, 4);
insert into vote (id, poll_id) values (348, 4);
insert into vote (id, poll_id) values (349, 4);
insert into vote (id, poll_id) values (350, 4);
insert into vote (id, poll_id) values (351, 4);
insert into vote (id, poll_id) values (352, 4);
insert into vote (id, poll_id) values (353, 4);
insert into vote (id, poll_id) values (354, 4);
insert into vote (id, poll_id) values (355, 4);
insert into vote (id, poll_id) values (356, 4);
insert into vote (id, poll_id) values (357, 4);
insert into vote (id, poll_id) values (358, 4);
insert into vote (id, poll_id) values (359, 4);
insert into vote (id, poll_id) values (360, 4);
insert into vote (id, poll_id) values (361, 4);
insert into vote (id, poll_id) values (362, 4);
insert into vote (id, poll_id) values (363, 4);
insert into vote (id, poll_id) values (364, 4);
insert into vote (id, poll_id) values (365, 4);
insert into vote (id, poll_id) values (366, 4);
insert into vote (id, poll_id) values (367, 4);
insert into vote (id, poll_id) values (368, 4);
insert into vote (id, poll_id) values (369, 4);
insert into vote (id, poll_id) values (370, 4);
insert into vote (id, poll_id) values (371, 4);
insert into vote (id, poll_id) values (372, 4);
insert into vote (id, poll_id) values (373, 4);
insert into vote (id, poll_id) values (374, 4);
insert into vote (id, poll_id) values (375, 4);
insert into vote (id, poll_id) values (376, 4);
insert into vote (id, poll_id) values (377, 4);
insert into vote (id, poll_id) values (378, 4);
insert into vote (id, poll_id) values (379, 4);
insert into vote (id, poll_id) values (380, 4);
insert into vote (id, poll_id) values (381, 4);
insert into vote (id, poll_id) values (382, 4);
insert into vote (id, poll_id) values (383, 4);
insert into vote (id, poll_id) values (384, 4);
insert into vote (id, poll_id) values (385, 4);
insert into vote (id, poll_id) values (386, 4);
insert into vote (id, poll_id) values (387, 4);
insert into vote (id, poll_id) values (388, 4);
insert into vote (id, poll_id) values (389, 4);
insert into vote (id, poll_id) values (390, 4);
insert into vote (id, poll_id) values (391, 4);
insert into vote (id, poll_id) values (392, 4);
insert into vote (id, poll_id) values (393, 4);
insert into vote (id, poll_id) values (394, 4);
insert into vote (id, poll_id) values (395, 4);
insert into vote (id, poll_id) values (396, 4);
insert into vote (id, poll_id) values (397, 4);
insert into vote (id, poll_id) values (398, 4);
insert into vote (id, poll_id) values (399, 4);
insert into vote (id, poll_id) values (400, 4);


insert into vote_info (vote_id, candidate_id, preference_number) values (1, 4, 1);
insert into vote_info (vote_id, candidate_id, preference_number) values (2, 4, 1);
insert into vote_info (vote_id, candidate_id, preference_number) values (3, 2, 1);
insert into vote_info (vote_id, candidate_id, preference_number) values (4, 1, 1);
insert into vote_info (vote_id, candidate_id, preference_number) values (5, 1, 1);
insert into vote_info (vote_id, candidate_id, preference_number) values (6, 2, 1);
insert into vote_info (vote_id, candidate_id, preference_number) values (7, 4, 1);
insert into vote_info (vote_id, candidate_id, preference_number) values (8, 4, 1);
insert into vote_info (vote_id, candidate_id, preference_number) values (9, 1, 1);
insert into vote_info (vote_id, candidate_id, preference_number) values (10, 1, 1);
insert into vote_info (vote_id, candidate_id, preference_number) values (11, 2, 1);
insert into vote_info (vote_id, candidate_id, preference_number) values (12, 4, 1);
insert into vote_info (vote_id, candidate_id, preference_number) values (13, 1, 1);
insert into vote_info (vote_id, candidate_id, preference_number) values (14, 2, 1);
insert into vote_info (vote_id, candidate_id, preference_number) values (15, 3, 1);
insert into vote_info (vote_id, candidate_id, preference_number) values (16, 2, 1);
insert into vote_info (vote_id, candidate_id, preference_number) values (17, 2, 1);
insert into vote_info (vote_id, candidate_id, preference_number) values (18, 1, 1);
insert into vote_info (vote_id, candidate_id, preference_number) values (19, 1, 1);
insert into vote_info (vote_id, candidate_id, preference_number) values (20, 2, 1);
insert into vote_info (vote_id, candidate_id, preference_number) values (21, 1, 1);
insert into vote_info (vote_id, candidate_id, preference_number) values (22, 2, 1);
insert into vote_info (vote_id, candidate_id, preference_number) values (23, 2, 1);
insert into vote_info (vote_id, candidate_id, preference_number) values (24, 3, 1);
insert into vote_info (vote_id, candidate_id, preference_number) values (25, 4, 1);
insert into vote_info (vote_id, candidate_id, preference_number) values (26, 4, 1);
insert into vote_info (vote_id, candidate_id, preference_number) values (27, 2, 1);
insert into vote_info (vote_id, candidate_id, preference_number) values (28, 2, 1);
insert into vote_info (vote_id, candidate_id, preference_number) values (29, 2, 1);
insert into vote_info (vote_id, candidate_id, preference_number) values (30, 4, 1);
insert into vote_info (vote_id, candidate_id, preference_number) values (31, 1, 1);
insert into vote_info (vote_id, candidate_id, preference_number) values (32, 4, 1);
insert into vote_info (vote_id, candidate_id, preference_number) values (33, 4, 1);
insert into vote_info (vote_id, candidate_id, preference_number) values (34, 1, 1);
insert into vote_info (vote_id, candidate_id, preference_number) values (35, 2, 1);
insert into vote_info (vote_id, candidate_id, preference_number) values (36, 2, 1);
insert into vote_info (vote_id, candidate_id, preference_number) values (37, 3, 1);
insert into vote_info (vote_id, candidate_id, preference_number) values (38, 2, 1);
insert into vote_info (vote_id, candidate_id, preference_number) values (39, 4, 1);
insert into vote_info (vote_id, candidate_id, preference_number) values (40, 3, 1);
insert into vote_info (vote_id, candidate_id, preference_number) values (41, 2, 1);
insert into vote_info (vote_id, candidate_id, preference_number) values (42, 4, 1);
insert into vote_info (vote_id, candidate_id, preference_number) values (43, 1, 1);
insert into vote_info (vote_id, candidate_id, preference_number) values (44, 3, 1);
insert into vote_info (vote_id, candidate_id, preference_number) values (45, 3, 1);
insert into vote_info (vote_id, candidate_id, preference_number) values (46, 4, 1);
insert into vote_info (vote_id, candidate_id, preference_number) values (47, 2, 1);
insert into vote_info (vote_id, candidate_id, preference_number) values (48, 1, 1);
insert into vote_info (vote_id, candidate_id, preference_number) values (49, 4, 1);
insert into vote_info (vote_id, candidate_id, preference_number) values (50, 4, 1);
insert into vote_info (vote_id, candidate_id, preference_number) values (51, 1, 1);
insert into vote_info (vote_id, candidate_id, preference_number) values (52, 4, 1);
insert into vote_info (vote_id, candidate_id, preference_number) values (53, 1, 1);
insert into vote_info (vote_id, candidate_id, preference_number) values (54, 1, 1);
insert into vote_info (vote_id, candidate_id, preference_number) values (55, 1, 1);
insert into vote_info (vote_id, candidate_id, preference_number) values (56, 4, 1);
insert into vote_info (vote_id, candidate_id, preference_number) values (57, 3, 1);
insert into vote_info (vote_id, candidate_id, preference_number) values (58, 1, 1);
insert into vote_info (vote_id, candidate_id, preference_number) values (59, 1, 1);
insert into vote_info (vote_id, candidate_id, preference_number) values (60, 3, 1);
insert into vote_info (vote_id, candidate_id, preference_number) values (61, 3, 1);
insert into vote_info (vote_id, candidate_id, preference_number) values (62, 3, 1);
insert into vote_info (vote_id, candidate_id, preference_number) values (63, 2, 1);
insert into vote_info (vote_id, candidate_id, preference_number) values (64, 3, 1);
insert into vote_info (vote_id, candidate_id, preference_number) values (65, 3, 1);
insert into vote_info (vote_id, candidate_id, preference_number) values (66, 3, 1);
insert into vote_info (vote_id, candidate_id, preference_number) values (67, 2, 1);
insert into vote_info (vote_id, candidate_id, preference_number) values (68, 2, 1);
insert into vote_info (vote_id, candidate_id, preference_number) values (69, 2, 1);
insert into vote_info (vote_id, candidate_id, preference_number) values (70, 1, 1);
insert into vote_info (vote_id, candidate_id, preference_number) values (71, 1, 1);
insert into vote_info (vote_id, candidate_id, preference_number) values (72, 2, 1);
insert into vote_info (vote_id, candidate_id, preference_number) values (73, 2, 1);
insert into vote_info (vote_id, candidate_id, preference_number) values (74, 2, 1);
insert into vote_info (vote_id, candidate_id, preference_number) values (75, 1, 1);
insert into vote_info (vote_id, candidate_id, preference_number) values (76, 3, 1);
insert into vote_info (vote_id, candidate_id, preference_number) values (77, 4, 1);
insert into vote_info (vote_id, candidate_id, preference_number) values (78, 3, 1);
insert into vote_info (vote_id, candidate_id, preference_number) values (79, 1, 1);
insert into vote_info (vote_id, candidate_id, preference_number) values (80, 3, 1);
insert into vote_info (vote_id, candidate_id, preference_number) values (81, 4, 1);
insert into vote_info (vote_id, candidate_id, preference_number) values (82, 3, 1);
insert into vote_info (vote_id, candidate_id, preference_number) values (83, 3, 1);
insert into vote_info (vote_id, candidate_id, preference_number) values (84, 2, 1);
insert into vote_info (vote_id, candidate_id, preference_number) values (85, 4, 1);
insert into vote_info (vote_id, candidate_id, preference_number) values (86, 2, 1);
insert into vote_info (vote_id, candidate_id, preference_number) values (87, 2, 1);
insert into vote_info (vote_id, candidate_id, preference_number) values (88, 4, 1);
insert into vote_info (vote_id, candidate_id, preference_number) values (89, 1, 1);
insert into vote_info (vote_id, candidate_id, preference_number) values (90, 3, 1);
insert into vote_info (vote_id, candidate_id, preference_number) values (91, 4, 1);
insert into vote_info (vote_id, candidate_id, preference_number) values (92, 2, 1);
insert into vote_info (vote_id, candidate_id, preference_number) values (93, 2, 1);
insert into vote_info (vote_id, candidate_id, preference_number) values (94, 1, 1);
insert into vote_info (vote_id, candidate_id, preference_number) values (95, 4, 1);
insert into vote_info (vote_id, candidate_id, preference_number) values (96, 2, 1);
insert into vote_info (vote_id, candidate_id, preference_number) values (97, 4, 1);
insert into vote_info (vote_id, candidate_id, preference_number) values (98, 1, 1);
insert into vote_info (vote_id, candidate_id, preference_number) values (99, 2, 1);
insert into vote_info (vote_id, candidate_id, preference_number) values (100, 2, 1);
insert into vote_info (vote_id, candidate_id, preference_number) values (101, 8, 1);
insert into vote_info (vote_id, candidate_id, preference_number) values (102, 5, 1);
insert into vote_info (vote_id, candidate_id, preference_number) values (103, 7, 1);
insert into vote_info (vote_id, candidate_id, preference_number) values (104, 6, 1);
insert into vote_info (vote_id, candidate_id, preference_number) values (105, 6, 1);
insert into vote_info (vote_id, candidate_id, preference_number) values (106, 7, 1);
insert into vote_info (vote_id, candidate_id, preference_number) values (107, 6, 1);
insert into vote_info (vote_id, candidate_id, preference_number) values (108, 6, 1);
insert into vote_info (vote_id, candidate_id, preference_number) values (109, 6, 1);
insert into vote_info (vote_id, candidate_id, preference_number) values (110, 8, 1);
insert into vote_info (vote_id, candidate_id, preference_number) values (111, 6, 1);
insert into vote_info (vote_id, candidate_id, preference_number) values (112, 5, 1);
insert into vote_info (vote_id, candidate_id, preference_number) values (113, 7, 1);
insert into vote_info (vote_id, candidate_id, preference_number) values (114, 8, 1);
insert into vote_info (vote_id, candidate_id, preference_number) values (115, 7, 1);
insert into vote_info (vote_id, candidate_id, preference_number) values (116, 6, 1);
insert into vote_info (vote_id, candidate_id, preference_number) values (117, 7, 1);
insert into vote_info (vote_id, candidate_id, preference_number) values (118, 8, 1);
insert into vote_info (vote_id, candidate_id, preference_number) values (119, 8, 1);
insert into vote_info (vote_id, candidate_id, preference_number) values (120, 5, 1);
insert into vote_info (vote_id, candidate_id, preference_number) values (121, 7, 1);
insert into vote_info (vote_id, candidate_id, preference_number) values (122, 6, 1);
insert into vote_info (vote_id, candidate_id, preference_number) values (123, 7, 1);
insert into vote_info (vote_id, candidate_id, preference_number) values (124, 7, 1);
insert into vote_info (vote_id, candidate_id, preference_number) values (125, 7, 1);
insert into vote_info (vote_id, candidate_id, preference_number) values (126, 6, 1);
insert into vote_info (vote_id, candidate_id, preference_number) values (127, 7, 1);
insert into vote_info (vote_id, candidate_id, preference_number) values (128, 8, 1);
insert into vote_info (vote_id, candidate_id, preference_number) values (129, 5, 1);
insert into vote_info (vote_id, candidate_id, preference_number) values (130, 5, 1);
insert into vote_info (vote_id, candidate_id, preference_number) values (131, 7, 1);
insert into vote_info (vote_id, candidate_id, preference_number) values (132, 6, 1);
insert into vote_info (vote_id, candidate_id, preference_number) values (133, 6, 1);
insert into vote_info (vote_id, candidate_id, preference_number) values (134, 6, 1);
insert into vote_info (vote_id, candidate_id, preference_number) values (135, 6, 1);
insert into vote_info (vote_id, candidate_id, preference_number) values (136, 7, 1);
insert into vote_info (vote_id, candidate_id, preference_number) values (137, 5, 1);
insert into vote_info (vote_id, candidate_id, preference_number) values (138, 5, 1);
insert into vote_info (vote_id, candidate_id, preference_number) values (139, 5, 1);
insert into vote_info (vote_id, candidate_id, preference_number) values (140, 8, 1);
insert into vote_info (vote_id, candidate_id, preference_number) values (141, 5, 1);
insert into vote_info (vote_id, candidate_id, preference_number) values (142, 8, 1);
insert into vote_info (vote_id, candidate_id, preference_number) values (143, 8, 1);
insert into vote_info (vote_id, candidate_id, preference_number) values (144, 5, 1);
insert into vote_info (vote_id, candidate_id, preference_number) values (145, 7, 1);
insert into vote_info (vote_id, candidate_id, preference_number) values (146, 7, 1);
insert into vote_info (vote_id, candidate_id, preference_number) values (147, 7, 1);
insert into vote_info (vote_id, candidate_id, preference_number) values (148, 7, 1);
insert into vote_info (vote_id, candidate_id, preference_number) values (149, 7, 1);
insert into vote_info (vote_id, candidate_id, preference_number) values (150, 6, 1);
insert into vote_info (vote_id, candidate_id, preference_number) values (151, 8, 1);
insert into vote_info (vote_id, candidate_id, preference_number) values (152, 8, 1);
insert into vote_info (vote_id, candidate_id, preference_number) values (153, 8, 1);
insert into vote_info (vote_id, candidate_id, preference_number) values (154, 8, 1);
insert into vote_info (vote_id, candidate_id, preference_number) values (155, 7, 1);
insert into vote_info (vote_id, candidate_id, preference_number) values (156, 7, 1);
insert into vote_info (vote_id, candidate_id, preference_number) values (157, 6, 1);
insert into vote_info (vote_id, candidate_id, preference_number) values (158, 6, 1);
insert into vote_info (vote_id, candidate_id, preference_number) values (159, 5, 1);
insert into vote_info (vote_id, candidate_id, preference_number) values (160, 6, 1);
insert into vote_info (vote_id, candidate_id, preference_number) values (161, 5, 1);
insert into vote_info (vote_id, candidate_id, preference_number) values (162, 6, 1);
insert into vote_info (vote_id, candidate_id, preference_number) values (163, 5, 1);
insert into vote_info (vote_id, candidate_id, preference_number) values (164, 7, 1);
insert into vote_info (vote_id, candidate_id, preference_number) values (165, 6, 1);
insert into vote_info (vote_id, candidate_id, preference_number) values (166, 6, 1);
insert into vote_info (vote_id, candidate_id, preference_number) values (167, 7, 1);
insert into vote_info (vote_id, candidate_id, preference_number) values (168, 8, 1);
insert into vote_info (vote_id, candidate_id, preference_number) values (169, 7, 1);
insert into vote_info (vote_id, candidate_id, preference_number) values (170, 8, 1);
insert into vote_info (vote_id, candidate_id, preference_number) values (171, 8, 1);
insert into vote_info (vote_id, candidate_id, preference_number) values (172, 6, 1);
insert into vote_info (vote_id, candidate_id, preference_number) values (173, 7, 1);
insert into vote_info (vote_id, candidate_id, preference_number) values (174, 7, 1);
insert into vote_info (vote_id, candidate_id, preference_number) values (175, 8, 1);
insert into vote_info (vote_id, candidate_id, preference_number) values (176, 5, 1);
insert into vote_info (vote_id, candidate_id, preference_number) values (177, 5, 1);
insert into vote_info (vote_id, candidate_id, preference_number) values (178, 7, 1);
insert into vote_info (vote_id, candidate_id, preference_number) values (179, 5, 1);
insert into vote_info (vote_id, candidate_id, preference_number) values (180, 6, 1);
insert into vote_info (vote_id, candidate_id, preference_number) values (181, 7, 1);
insert into vote_info (vote_id, candidate_id, preference_number) values (182, 6, 1);
insert into vote_info (vote_id, candidate_id, preference_number) values (183, 5, 1);
insert into vote_info (vote_id, candidate_id, preference_number) values (184, 8, 1);
insert into vote_info (vote_id, candidate_id, preference_number) values (185, 5, 1);
insert into vote_info (vote_id, candidate_id, preference_number) values (186, 8, 1);
insert into vote_info (vote_id, candidate_id, preference_number) values (187, 7, 1);
insert into vote_info (vote_id, candidate_id, preference_number) values (188, 8, 1);
insert into vote_info (vote_id, candidate_id, preference_number) values (189, 6, 1);
insert into vote_info (vote_id, candidate_id, preference_number) values (190, 5, 1);
insert into vote_info (vote_id, candidate_id, preference_number) values (191, 5, 1);
insert into vote_info (vote_id, candidate_id, preference_number) values (192, 6, 1);
insert into vote_info (vote_id, candidate_id, preference_number) values (193, 8, 1);
insert into vote_info (vote_id, candidate_id, preference_number) values (194, 8, 1);
insert into vote_info (vote_id, candidate_id, preference_number) values (195, 8, 1);
insert into vote_info (vote_id, candidate_id, preference_number) values (196, 5, 1);
insert into vote_info (vote_id, candidate_id, preference_number) values (197, 8, 1);
insert into vote_info (vote_id, candidate_id, preference_number) values (198, 5, 1);
insert into vote_info (vote_id, candidate_id, preference_number) values (199, 7, 1);
insert into vote_info (vote_id, candidate_id, preference_number) values (200, 7, 1);
insert into vote_info (vote_id, candidate_id, preference_number) values (201, 10, 1);
insert into vote_info (vote_id, candidate_id, preference_number) values (201, 12, 2);
insert into vote_info (vote_id, candidate_id, preference_number) values (201, 11, 3);
insert into vote_info (vote_id, candidate_id, preference_number) values (202, 10, 1);
insert into vote_info (vote_id, candidate_id, preference_number) values (202, 11, 2);
insert into vote_info (vote_id, candidate_id, preference_number) values (202, 9, 3);
insert into vote_info (vote_id, candidate_id, preference_number) values (203, 10, 1);
insert into vote_info (vote_id, candidate_id, preference_number) values (203, 12, 2);
insert into vote_info (vote_id, candidate_id, preference_number) values (203, 11, 3);
insert into vote_info (vote_id, candidate_id, preference_number) values (204, 11, 1);
insert into vote_info (vote_id, candidate_id, preference_number) values (204, 12, 2);
insert into vote_info (vote_id, candidate_id, preference_number) values (204, 10, 3);
insert into vote_info (vote_id, candidate_id, preference_number) values (205, 9, 1);
insert into vote_info (vote_id, candidate_id, preference_number) values (205, 11, 2);
insert into vote_info (vote_id, candidate_id, preference_number) values (205, 12, 3);
insert into vote_info (vote_id, candidate_id, preference_number) values (206, 12, 1);
insert into vote_info (vote_id, candidate_id, preference_number) values (206, 10, 2);
insert into vote_info (vote_id, candidate_id, preference_number) values (206, 9, 3);
insert into vote_info (vote_id, candidate_id, preference_number) values (207, 11, 1);
insert into vote_info (vote_id, candidate_id, preference_number) values (207, 10, 2);
insert into vote_info (vote_id, candidate_id, preference_number) values (207, 9, 3);
insert into vote_info (vote_id, candidate_id, preference_number) values (208, 9, 1);
insert into vote_info (vote_id, candidate_id, preference_number) values (208, 12, 2);
insert into vote_info (vote_id, candidate_id, preference_number) values (208, 10, 3);
insert into vote_info (vote_id, candidate_id, preference_number) values (209, 11, 1);
insert into vote_info (vote_id, candidate_id, preference_number) values (209, 9, 2);
insert into vote_info (vote_id, candidate_id, preference_number) values (209, 10, 3);
insert into vote_info (vote_id, candidate_id, preference_number) values (210, 10, 1);
insert into vote_info (vote_id, candidate_id, preference_number) values (210, 11, 2);
insert into vote_info (vote_id, candidate_id, preference_number) values (210, 12, 3);
insert into vote_info (vote_id, candidate_id, preference_number) values (211, 10, 1);
insert into vote_info (vote_id, candidate_id, preference_number) values (211, 12, 2);
insert into vote_info (vote_id, candidate_id, preference_number) values (211, 11, 3);
insert into vote_info (vote_id, candidate_id, preference_number) values (212, 11, 1);
insert into vote_info (vote_id, candidate_id, preference_number) values (212, 12, 2);
insert into vote_info (vote_id, candidate_id, preference_number) values (212, 10, 3);
insert into vote_info (vote_id, candidate_id, preference_number) values (213, 9, 1);
insert into vote_info (vote_id, candidate_id, preference_number) values (213, 12, 2);
insert into vote_info (vote_id, candidate_id, preference_number) values (213, 11, 3);
insert into vote_info (vote_id, candidate_id, preference_number) values (214, 9, 1);
insert into vote_info (vote_id, candidate_id, preference_number) values (214, 12, 2);
insert into vote_info (vote_id, candidate_id, preference_number) values (214, 11, 3);
insert into vote_info (vote_id, candidate_id, preference_number) values (215, 9, 1);
insert into vote_info (vote_id, candidate_id, preference_number) values (215, 10, 2);
insert into vote_info (vote_id, candidate_id, preference_number) values (215, 11, 3);
insert into vote_info (vote_id, candidate_id, preference_number) values (216, 10, 1);
insert into vote_info (vote_id, candidate_id, preference_number) values (216, 12, 2);
insert into vote_info (vote_id, candidate_id, preference_number) values (216, 9, 3);
insert into vote_info (vote_id, candidate_id, preference_number) values (217, 12, 1);
insert into vote_info (vote_id, candidate_id, preference_number) values (217, 11, 2);
insert into vote_info (vote_id, candidate_id, preference_number) values (217, 9, 3);
insert into vote_info (vote_id, candidate_id, preference_number) values (218, 10, 1);
insert into vote_info (vote_id, candidate_id, preference_number) values (218, 9, 2);
insert into vote_info (vote_id, candidate_id, preference_number) values (218, 11, 3);
insert into vote_info (vote_id, candidate_id, preference_number) values (219, 9, 1);
insert into vote_info (vote_id, candidate_id, preference_number) values (219, 10, 2);
insert into vote_info (vote_id, candidate_id, preference_number) values (219, 12, 3);
insert into vote_info (vote_id, candidate_id, preference_number) values (220, 9, 1);
insert into vote_info (vote_id, candidate_id, preference_number) values (220, 11, 2);
insert into vote_info (vote_id, candidate_id, preference_number) values (220, 10, 3);
insert into vote_info (vote_id, candidate_id, preference_number) values (221, 9, 1);
insert into vote_info (vote_id, candidate_id, preference_number) values (221, 12, 2);
insert into vote_info (vote_id, candidate_id, preference_number) values (221, 11, 3);
insert into vote_info (vote_id, candidate_id, preference_number) values (222, 11, 1);
insert into vote_info (vote_id, candidate_id, preference_number) values (222, 12, 2);
insert into vote_info (vote_id, candidate_id, preference_number) values (222, 10, 3);
insert into vote_info (vote_id, candidate_id, preference_number) values (223, 10, 1);
insert into vote_info (vote_id, candidate_id, preference_number) values (223, 11, 2);
insert into vote_info (vote_id, candidate_id, preference_number) values (223, 12, 3);
insert into vote_info (vote_id, candidate_id, preference_number) values (224, 10, 1);
insert into vote_info (vote_id, candidate_id, preference_number) values (224, 11, 2);
insert into vote_info (vote_id, candidate_id, preference_number) values (224, 9, 3);
insert into vote_info (vote_id, candidate_id, preference_number) values (225, 9, 1);
insert into vote_info (vote_id, candidate_id, preference_number) values (225, 12, 2);
insert into vote_info (vote_id, candidate_id, preference_number) values (225, 11, 3);
insert into vote_info (vote_id, candidate_id, preference_number) values (226, 10, 1);
insert into vote_info (vote_id, candidate_id, preference_number) values (226, 12, 2);
insert into vote_info (vote_id, candidate_id, preference_number) values (226, 11, 3);
insert into vote_info (vote_id, candidate_id, preference_number) values (227, 10, 1);
insert into vote_info (vote_id, candidate_id, preference_number) values (227, 12, 2);
insert into vote_info (vote_id, candidate_id, preference_number) values (227, 11, 3);
insert into vote_info (vote_id, candidate_id, preference_number) values (228, 9, 1);
insert into vote_info (vote_id, candidate_id, preference_number) values (228, 11, 2);
insert into vote_info (vote_id, candidate_id, preference_number) values (228, 10, 3);
insert into vote_info (vote_id, candidate_id, preference_number) values (229, 9, 1);
insert into vote_info (vote_id, candidate_id, preference_number) values (229, 11, 2);
insert into vote_info (vote_id, candidate_id, preference_number) values (229, 12, 3);
insert into vote_info (vote_id, candidate_id, preference_number) values (230, 10, 1);
insert into vote_info (vote_id, candidate_id, preference_number) values (230, 11, 2);
insert into vote_info (vote_id, candidate_id, preference_number) values (230, 12, 3);
insert into vote_info (vote_id, candidate_id, preference_number) values (231, 12, 1);
insert into vote_info (vote_id, candidate_id, preference_number) values (231, 9, 2);
insert into vote_info (vote_id, candidate_id, preference_number) values (231, 11, 3);
insert into vote_info (vote_id, candidate_id, preference_number) values (232, 10, 1);
insert into vote_info (vote_id, candidate_id, preference_number) values (232, 12, 2);
insert into vote_info (vote_id, candidate_id, preference_number) values (232, 11, 3);
insert into vote_info (vote_id, candidate_id, preference_number) values (233, 12, 1);
insert into vote_info (vote_id, candidate_id, preference_number) values (233, 10, 2);
insert into vote_info (vote_id, candidate_id, preference_number) values (233, 11, 3);
insert into vote_info (vote_id, candidate_id, preference_number) values (234, 9, 1);
insert into vote_info (vote_id, candidate_id, preference_number) values (234, 12, 2);
insert into vote_info (vote_id, candidate_id, preference_number) values (234, 11, 3);
insert into vote_info (vote_id, candidate_id, preference_number) values (235, 11, 1);
insert into vote_info (vote_id, candidate_id, preference_number) values (235, 10, 2);
insert into vote_info (vote_id, candidate_id, preference_number) values (235, 12, 3);
insert into vote_info (vote_id, candidate_id, preference_number) values (236, 11, 1);
insert into vote_info (vote_id, candidate_id, preference_number) values (236, 10, 2);
insert into vote_info (vote_id, candidate_id, preference_number) values (236, 12, 3);
insert into vote_info (vote_id, candidate_id, preference_number) values (237, 12, 1);
insert into vote_info (vote_id, candidate_id, preference_number) values (237, 11, 2);
insert into vote_info (vote_id, candidate_id, preference_number) values (237, 9, 3);
insert into vote_info (vote_id, candidate_id, preference_number) values (238, 9, 1);
insert into vote_info (vote_id, candidate_id, preference_number) values (238, 11, 2);
insert into vote_info (vote_id, candidate_id, preference_number) values (238, 12, 3);
insert into vote_info (vote_id, candidate_id, preference_number) values (239, 11, 1);
insert into vote_info (vote_id, candidate_id, preference_number) values (239, 12, 2);
insert into vote_info (vote_id, candidate_id, preference_number) values (239, 10, 3);
insert into vote_info (vote_id, candidate_id, preference_number) values (240, 12, 1);
insert into vote_info (vote_id, candidate_id, preference_number) values (240, 11, 2);
insert into vote_info (vote_id, candidate_id, preference_number) values (240, 10, 3);
insert into vote_info (vote_id, candidate_id, preference_number) values (241, 12, 1);
insert into vote_info (vote_id, candidate_id, preference_number) values (241, 10, 2);
insert into vote_info (vote_id, candidate_id, preference_number) values (241, 11, 3);
insert into vote_info (vote_id, candidate_id, preference_number) values (242, 10, 1);
insert into vote_info (vote_id, candidate_id, preference_number) values (242, 12, 2);
insert into vote_info (vote_id, candidate_id, preference_number) values (242, 9, 3);
insert into vote_info (vote_id, candidate_id, preference_number) values (243, 9, 1);
insert into vote_info (vote_id, candidate_id, preference_number) values (243, 12, 2);
insert into vote_info (vote_id, candidate_id, preference_number) values (243, 10, 3);
insert into vote_info (vote_id, candidate_id, preference_number) values (244, 10, 1);
insert into vote_info (vote_id, candidate_id, preference_number) values (244, 12, 2);
insert into vote_info (vote_id, candidate_id, preference_number) values (244, 11, 3);
insert into vote_info (vote_id, candidate_id, preference_number) values (245, 11, 1);
insert into vote_info (vote_id, candidate_id, preference_number) values (245, 10, 2);
insert into vote_info (vote_id, candidate_id, preference_number) values (245, 12, 3);
insert into vote_info (vote_id, candidate_id, preference_number) values (246, 9, 1);
insert into vote_info (vote_id, candidate_id, preference_number) values (246, 11, 2);
insert into vote_info (vote_id, candidate_id, preference_number) values (246, 12, 3);
insert into vote_info (vote_id, candidate_id, preference_number) values (247, 11, 1);
insert into vote_info (vote_id, candidate_id, preference_number) values (247, 12, 2);
insert into vote_info (vote_id, candidate_id, preference_number) values (247, 10, 3);
insert into vote_info (vote_id, candidate_id, preference_number) values (248, 12, 1);
insert into vote_info (vote_id, candidate_id, preference_number) values (248, 10, 2);
insert into vote_info (vote_id, candidate_id, preference_number) values (248, 11, 3);
insert into vote_info (vote_id, candidate_id, preference_number) values (249, 11, 1);
insert into vote_info (vote_id, candidate_id, preference_number) values (249, 10, 2);
insert into vote_info (vote_id, candidate_id, preference_number) values (249, 12, 3);
insert into vote_info (vote_id, candidate_id, preference_number) values (250, 10, 1);
insert into vote_info (vote_id, candidate_id, preference_number) values (250, 11, 2);
insert into vote_info (vote_id, candidate_id, preference_number) values (250, 12, 3);
insert into vote_info (vote_id, candidate_id, preference_number) values (251, 9, 1);
insert into vote_info (vote_id, candidate_id, preference_number) values (251, 10, 2);
insert into vote_info (vote_id, candidate_id, preference_number) values (251, 11, 3);
insert into vote_info (vote_id, candidate_id, preference_number) values (252, 10, 1);
insert into vote_info (vote_id, candidate_id, preference_number) values (252, 12, 2);
insert into vote_info (vote_id, candidate_id, preference_number) values (252, 9, 3);
insert into vote_info (vote_id, candidate_id, preference_number) values (253, 11, 1);
insert into vote_info (vote_id, candidate_id, preference_number) values (253, 12, 2);
insert into vote_info (vote_id, candidate_id, preference_number) values (253, 10, 3);
insert into vote_info (vote_id, candidate_id, preference_number) values (254, 12, 1);
insert into vote_info (vote_id, candidate_id, preference_number) values (254, 11, 2);
insert into vote_info (vote_id, candidate_id, preference_number) values (254, 10, 3);
insert into vote_info (vote_id, candidate_id, preference_number) values (255, 9, 1);
insert into vote_info (vote_id, candidate_id, preference_number) values (255, 10, 2);
insert into vote_info (vote_id, candidate_id, preference_number) values (255, 12, 3);
insert into vote_info (vote_id, candidate_id, preference_number) values (256, 11, 1);
insert into vote_info (vote_id, candidate_id, preference_number) values (256, 10, 2);
insert into vote_info (vote_id, candidate_id, preference_number) values (256, 12, 3);
insert into vote_info (vote_id, candidate_id, preference_number) values (257, 9, 1);
insert into vote_info (vote_id, candidate_id, preference_number) values (257, 10, 2);
insert into vote_info (vote_id, candidate_id, preference_number) values (257, 11, 3);
insert into vote_info (vote_id, candidate_id, preference_number) values (258, 9, 1);
insert into vote_info (vote_id, candidate_id, preference_number) values (258, 10, 2);
insert into vote_info (vote_id, candidate_id, preference_number) values (258, 12, 3);
insert into vote_info (vote_id, candidate_id, preference_number) values (259, 12, 1);
insert into vote_info (vote_id, candidate_id, preference_number) values (259, 9, 2);
insert into vote_info (vote_id, candidate_id, preference_number) values (259, 11, 3);
insert into vote_info (vote_id, candidate_id, preference_number) values (260, 11, 1);
insert into vote_info (vote_id, candidate_id, preference_number) values (260, 10, 2);
insert into vote_info (vote_id, candidate_id, preference_number) values (260, 12, 3);
insert into vote_info (vote_id, candidate_id, preference_number) values (261, 10, 1);
insert into vote_info (vote_id, candidate_id, preference_number) values (261, 12, 2);
insert into vote_info (vote_id, candidate_id, preference_number) values (261, 9, 3);
insert into vote_info (vote_id, candidate_id, preference_number) values (262, 12, 1);
insert into vote_info (vote_id, candidate_id, preference_number) values (262, 10, 2);
insert into vote_info (vote_id, candidate_id, preference_number) values (262, 11, 3);
insert into vote_info (vote_id, candidate_id, preference_number) values (263, 10, 1);
insert into vote_info (vote_id, candidate_id, preference_number) values (263, 12, 2);
insert into vote_info (vote_id, candidate_id, preference_number) values (263, 9, 3);
insert into vote_info (vote_id, candidate_id, preference_number) values (264, 9, 1);
insert into vote_info (vote_id, candidate_id, preference_number) values (264, 11, 2);
insert into vote_info (vote_id, candidate_id, preference_number) values (264, 12, 3);
insert into vote_info (vote_id, candidate_id, preference_number) values (265, 11, 1);
insert into vote_info (vote_id, candidate_id, preference_number) values (265, 10, 2);
insert into vote_info (vote_id, candidate_id, preference_number) values (265, 9, 3);
insert into vote_info (vote_id, candidate_id, preference_number) values (266, 10, 1);
insert into vote_info (vote_id, candidate_id, preference_number) values (266, 11, 2);
insert into vote_info (vote_id, candidate_id, preference_number) values (266, 12, 3);
insert into vote_info (vote_id, candidate_id, preference_number) values (267, 11, 1);
insert into vote_info (vote_id, candidate_id, preference_number) values (267, 10, 2);
insert into vote_info (vote_id, candidate_id, preference_number) values (267, 12, 3);
insert into vote_info (vote_id, candidate_id, preference_number) values (268, 11, 1);
insert into vote_info (vote_id, candidate_id, preference_number) values (268, 12, 2);
insert into vote_info (vote_id, candidate_id, preference_number) values (268, 10, 3);
insert into vote_info (vote_id, candidate_id, preference_number) values (269, 11, 1);
insert into vote_info (vote_id, candidate_id, preference_number) values (269, 9, 2);
insert into vote_info (vote_id, candidate_id, preference_number) values (269, 10, 3);
insert into vote_info (vote_id, candidate_id, preference_number) values (270, 12, 1);
insert into vote_info (vote_id, candidate_id, preference_number) values (270, 9, 2);
insert into vote_info (vote_id, candidate_id, preference_number) values (270, 11, 3);
insert into vote_info (vote_id, candidate_id, preference_number) values (271, 9, 1);
insert into vote_info (vote_id, candidate_id, preference_number) values (271, 12, 2);
insert into vote_info (vote_id, candidate_id, preference_number) values (271, 10, 3);
insert into vote_info (vote_id, candidate_id, preference_number) values (272, 11, 1);
insert into vote_info (vote_id, candidate_id, preference_number) values (272, 10, 2);
insert into vote_info (vote_id, candidate_id, preference_number) values (272, 12, 3);
insert into vote_info (vote_id, candidate_id, preference_number) values (273, 9, 1);
insert into vote_info (vote_id, candidate_id, preference_number) values (273, 10, 2);
insert into vote_info (vote_id, candidate_id, preference_number) values (273, 11, 3);
insert into vote_info (vote_id, candidate_id, preference_number) values (274, 9, 1);
insert into vote_info (vote_id, candidate_id, preference_number) values (274, 11, 2);
insert into vote_info (vote_id, candidate_id, preference_number) values (274, 10, 3);
insert into vote_info (vote_id, candidate_id, preference_number) values (275, 10, 1);
insert into vote_info (vote_id, candidate_id, preference_number) values (275, 11, 2);
insert into vote_info (vote_id, candidate_id, preference_number) values (275, 12, 3);
insert into vote_info (vote_id, candidate_id, preference_number) values (276, 12, 1);
insert into vote_info (vote_id, candidate_id, preference_number) values (276, 10, 2);
insert into vote_info (vote_id, candidate_id, preference_number) values (276, 11, 3);
insert into vote_info (vote_id, candidate_id, preference_number) values (277, 10, 1);
insert into vote_info (vote_id, candidate_id, preference_number) values (277, 11, 2);
insert into vote_info (vote_id, candidate_id, preference_number) values (277, 12, 3);
insert into vote_info (vote_id, candidate_id, preference_number) values (278, 10, 1);
insert into vote_info (vote_id, candidate_id, preference_number) values (278, 11, 2);
insert into vote_info (vote_id, candidate_id, preference_number) values (278, 12, 3);
insert into vote_info (vote_id, candidate_id, preference_number) values (279, 11, 1);
insert into vote_info (vote_id, candidate_id, preference_number) values (279, 12, 2);
insert into vote_info (vote_id, candidate_id, preference_number) values (279, 10, 3);
insert into vote_info (vote_id, candidate_id, preference_number) values (280, 10, 1);
insert into vote_info (vote_id, candidate_id, preference_number) values (280, 9, 2);
insert into vote_info (vote_id, candidate_id, preference_number) values (280, 11, 3);
insert into vote_info (vote_id, candidate_id, preference_number) values (281, 10, 1);
insert into vote_info (vote_id, candidate_id, preference_number) values (281, 12, 2);
insert into vote_info (vote_id, candidate_id, preference_number) values (281, 11, 3);
insert into vote_info (vote_id, candidate_id, preference_number) values (282, 10, 1);
insert into vote_info (vote_id, candidate_id, preference_number) values (282, 12, 2);
insert into vote_info (vote_id, candidate_id, preference_number) values (282, 11, 3);
insert into vote_info (vote_id, candidate_id, preference_number) values (283, 10, 1);
insert into vote_info (vote_id, candidate_id, preference_number) values (283, 9, 2);
insert into vote_info (vote_id, candidate_id, preference_number) values (283, 12, 3);
insert into vote_info (vote_id, candidate_id, preference_number) values (284, 10, 1);
insert into vote_info (vote_id, candidate_id, preference_number) values (284, 12, 2);
insert into vote_info (vote_id, candidate_id, preference_number) values (284, 9, 3);
insert into vote_info (vote_id, candidate_id, preference_number) values (285, 10, 1);
insert into vote_info (vote_id, candidate_id, preference_number) values (285, 11, 2);
insert into vote_info (vote_id, candidate_id, preference_number) values (285, 9, 3);
insert into vote_info (vote_id, candidate_id, preference_number) values (286, 12, 1);
insert into vote_info (vote_id, candidate_id, preference_number) values (286, 9, 2);
insert into vote_info (vote_id, candidate_id, preference_number) values (286, 10, 3);
insert into vote_info (vote_id, candidate_id, preference_number) values (287, 12, 1);
insert into vote_info (vote_id, candidate_id, preference_number) values (287, 11, 2);
insert into vote_info (vote_id, candidate_id, preference_number) values (287, 9, 3);
insert into vote_info (vote_id, candidate_id, preference_number) values (288, 10, 1);
insert into vote_info (vote_id, candidate_id, preference_number) values (288, 9, 2);
insert into vote_info (vote_id, candidate_id, preference_number) values (288, 11, 3);
insert into vote_info (vote_id, candidate_id, preference_number) values (289, 12, 1);
insert into vote_info (vote_id, candidate_id, preference_number) values (289, 11, 2);
insert into vote_info (vote_id, candidate_id, preference_number) values (289, 9, 3);
insert into vote_info (vote_id, candidate_id, preference_number) values (290, 11, 1);
insert into vote_info (vote_id, candidate_id, preference_number) values (290, 9, 2);
insert into vote_info (vote_id, candidate_id, preference_number) values (290, 10, 3);
insert into vote_info (vote_id, candidate_id, preference_number) values (291, 11, 1);
insert into vote_info (vote_id, candidate_id, preference_number) values (291, 9, 2);
insert into vote_info (vote_id, candidate_id, preference_number) values (291, 12, 3);
insert into vote_info (vote_id, candidate_id, preference_number) values (292, 10, 1);
insert into vote_info (vote_id, candidate_id, preference_number) values (292, 9, 2);
insert into vote_info (vote_id, candidate_id, preference_number) values (292, 11, 3);
insert into vote_info (vote_id, candidate_id, preference_number) values (293, 9, 1);
insert into vote_info (vote_id, candidate_id, preference_number) values (293, 12, 2);
insert into vote_info (vote_id, candidate_id, preference_number) values (293, 11, 3);
insert into vote_info (vote_id, candidate_id, preference_number) values (294, 10, 1);
insert into vote_info (vote_id, candidate_id, preference_number) values (294, 11, 2);
insert into vote_info (vote_id, candidate_id, preference_number) values (294, 12, 3);
insert into vote_info (vote_id, candidate_id, preference_number) values (295, 10, 1);
insert into vote_info (vote_id, candidate_id, preference_number) values (295, 11, 2);
insert into vote_info (vote_id, candidate_id, preference_number) values (295, 12, 3);
insert into vote_info (vote_id, candidate_id, preference_number) values (296, 11, 1);
insert into vote_info (vote_id, candidate_id, preference_number) values (296, 10, 2);
insert into vote_info (vote_id, candidate_id, preference_number) values (296, 9, 3);
insert into vote_info (vote_id, candidate_id, preference_number) values (297, 9, 1);
insert into vote_info (vote_id, candidate_id, preference_number) values (297, 11, 2);
insert into vote_info (vote_id, candidate_id, preference_number) values (297, 10, 3);
insert into vote_info (vote_id, candidate_id, preference_number) values (298, 11, 1);
insert into vote_info (vote_id, candidate_id, preference_number) values (298, 12, 2);
insert into vote_info (vote_id, candidate_id, preference_number) values (298, 10, 3);
insert into vote_info (vote_id, candidate_id, preference_number) values (299, 12, 1);
insert into vote_info (vote_id, candidate_id, preference_number) values (299, 11, 2);
insert into vote_info (vote_id, candidate_id, preference_number) values (299, 10, 3);
insert into vote_info (vote_id, candidate_id, preference_number) values (300, 10, 1);
insert into vote_info (vote_id, candidate_id, preference_number) values (300, 9, 2);
insert into vote_info (vote_id, candidate_id, preference_number) values (300, 11, 3);
insert into vote_info (vote_id, candidate_id, preference_number) values (301, 15, 1);
insert into vote_info (vote_id, candidate_id, preference_number) values (302, 19, 1);
insert into vote_info (vote_id, candidate_id, preference_number) values (303, 23, 1);
insert into vote_info (vote_id, candidate_id, preference_number) values (304, 15, 1);
insert into vote_info (vote_id, candidate_id, preference_number) values (305, 15, 1);
insert into vote_info (vote_id, candidate_id, preference_number) values (306, 24, 1);
insert into vote_info (vote_id, candidate_id, preference_number) values (307, 23, 1);
insert into vote_info (vote_id, candidate_id, preference_number) values (308, 13, 1);
insert into vote_info (vote_id, candidate_id, preference_number) values (309, 25, 1);
insert into vote_info (vote_id, candidate_id, preference_number) values (310, 14, 1);
insert into vote_info (vote_id, candidate_id, preference_number) values (311, 18, 1);
insert into vote_info (vote_id, candidate_id, preference_number) values (312, 23, 1);
insert into vote_info (vote_id, candidate_id, preference_number) values (313, 26, 1);
insert into vote_info (vote_id, candidate_id, preference_number) values (314, 17, 1);
insert into vote_info (vote_id, candidate_id, preference_number) values (315, 13, 1);
insert into vote_info (vote_id, candidate_id, preference_number) values (316, 20, 1);
insert into vote_info (vote_id, candidate_id, preference_number) values (317, 18, 1);
insert into vote_info (vote_id, candidate_id, preference_number) values (318, 23, 1);
insert into vote_info (vote_id, candidate_id, preference_number) values (319, 27, 1);
insert into vote_info (vote_id, candidate_id, preference_number) values (320, 18, 1);
insert into vote_info (vote_id, candidate_id, preference_number) values (321, 13, 1);
insert into vote_info (vote_id, candidate_id, preference_number) values (322, 17, 1);
insert into vote_info (vote_id, candidate_id, preference_number) values (323, 18, 1);
insert into vote_info (vote_id, candidate_id, preference_number) values (324, 24, 1);
insert into vote_info (vote_id, candidate_id, preference_number) values (325, 25, 1);
insert into vote_info (vote_id, candidate_id, preference_number) values (326, 27, 1);
insert into vote_info (vote_id, candidate_id, preference_number) values (327, 27, 1);
insert into vote_info (vote_id, candidate_id, preference_number) values (328, 13, 1);
insert into vote_info (vote_id, candidate_id, preference_number) values (329, 27, 1);
insert into vote_info (vote_id, candidate_id, preference_number) values (330, 20, 1);
insert into vote_info (vote_id, candidate_id, preference_number) values (331, 13, 1);
insert into vote_info (vote_id, candidate_id, preference_number) values (332, 25, 1);
insert into vote_info (vote_id, candidate_id, preference_number) values (333, 23, 1);
insert into vote_info (vote_id, candidate_id, preference_number) values (334, 15, 1);
insert into vote_info (vote_id, candidate_id, preference_number) values (335, 14, 1);
insert into vote_info (vote_id, candidate_id, preference_number) values (336, 13, 1);
insert into vote_info (vote_id, candidate_id, preference_number) values (337, 13, 1);
insert into vote_info (vote_id, candidate_id, preference_number) values (338, 16, 1);
insert into vote_info (vote_id, candidate_id, preference_number) values (339, 27, 1);
insert into vote_info (vote_id, candidate_id, preference_number) values (340, 13, 1);
insert into vote_info (vote_id, candidate_id, preference_number) values (341, 14, 1);
insert into vote_info (vote_id, candidate_id, preference_number) values (342, 26, 1);
insert into vote_info (vote_id, candidate_id, preference_number) values (343, 16, 1);
insert into vote_info (vote_id, candidate_id, preference_number) values (344, 24, 1);
insert into vote_info (vote_id, candidate_id, preference_number) values (345, 16, 1);
insert into vote_info (vote_id, candidate_id, preference_number) values (346, 25, 1);
insert into vote_info (vote_id, candidate_id, preference_number) values (347, 15, 1);
insert into vote_info (vote_id, candidate_id, preference_number) values (348, 17, 1);
insert into vote_info (vote_id, candidate_id, preference_number) values (349, 27, 1);
insert into vote_info (vote_id, candidate_id, preference_number) values (350, 26, 1);
insert into vote_info (vote_id, candidate_id, preference_number) values (351, 19, 1);
insert into vote_info (vote_id, candidate_id, preference_number) values (352, 22, 1);
insert into vote_info (vote_id, candidate_id, preference_number) values (353, 25, 1);
insert into vote_info (vote_id, candidate_id, preference_number) values (354, 26, 1);
insert into vote_info (vote_id, candidate_id, preference_number) values (355, 25, 1);
insert into vote_info (vote_id, candidate_id, preference_number) values (356, 15, 1);
insert into vote_info (vote_id, candidate_id, preference_number) values (357, 18, 1);
insert into vote_info (vote_id, candidate_id, preference_number) values (358, 26, 1);
insert into vote_info (vote_id, candidate_id, preference_number) values (359, 20, 1);
insert into vote_info (vote_id, candidate_id, preference_number) values (360, 13, 1);
insert into vote_info (vote_id, candidate_id, preference_number) values (361, 17, 1);
insert into vote_info (vote_id, candidate_id, preference_number) values (362, 20, 1);
insert into vote_info (vote_id, candidate_id, preference_number) values (363, 19, 1);
insert into vote_info (vote_id, candidate_id, preference_number) values (364, 15, 1);
insert into vote_info (vote_id, candidate_id, preference_number) values (365, 23, 1);
insert into vote_info (vote_id, candidate_id, preference_number) values (366, 22, 1);
insert into vote_info (vote_id, candidate_id, preference_number) values (367, 19, 1);
insert into vote_info (vote_id, candidate_id, preference_number) values (368, 18, 1);
insert into vote_info (vote_id, candidate_id, preference_number) values (369, 22, 1);
insert into vote_info (vote_id, candidate_id, preference_number) values (370, 25, 1);
insert into vote_info (vote_id, candidate_id, preference_number) values (371, 18, 1);
insert into vote_info (vote_id, candidate_id, preference_number) values (372, 13, 1);
insert into vote_info (vote_id, candidate_id, preference_number) values (373, 25, 1);
insert into vote_info (vote_id, candidate_id, preference_number) values (374, 22, 1);
insert into vote_info (vote_id, candidate_id, preference_number) values (375, 18, 1);
insert into vote_info (vote_id, candidate_id, preference_number) values (376, 17, 1);
insert into vote_info (vote_id, candidate_id, preference_number) values (377, 16, 1);
insert into vote_info (vote_id, candidate_id, preference_number) values (378, 23, 1);
insert into vote_info (vote_id, candidate_id, preference_number) values (379, 16, 1);
insert into vote_info (vote_id, candidate_id, preference_number) values (380, 27, 1);
insert into vote_info (vote_id, candidate_id, preference_number) values (381, 20, 1);
insert into vote_info (vote_id, candidate_id, preference_number) values (382, 15, 1);
insert into vote_info (vote_id, candidate_id, preference_number) values (383, 22, 1);
insert into vote_info (vote_id, candidate_id, preference_number) values (384, 25, 1);
insert into vote_info (vote_id, candidate_id, preference_number) values (385, 23, 1);
insert into vote_info (vote_id, candidate_id, preference_number) values (386, 19, 1);
insert into vote_info (vote_id, candidate_id, preference_number) values (387, 15, 1);
insert into vote_info (vote_id, candidate_id, preference_number) values (388, 14, 1);
insert into vote_info (vote_id, candidate_id, preference_number) values (389, 19, 1);
insert into vote_info (vote_id, candidate_id, preference_number) values (390, 16, 1);
insert into vote_info (vote_id, candidate_id, preference_number) values (391, 21, 1);
insert into vote_info (vote_id, candidate_id, preference_number) values (392, 18, 1);
insert into vote_info (vote_id, candidate_id, preference_number) values (393, 15, 1);
insert into vote_info (vote_id, candidate_id, preference_number) values (394, 14, 1);
insert into vote_info (vote_id, candidate_id, preference_number) values (395, 24, 1);
insert into vote_info (vote_id, candidate_id, preference_number) values (396, 26, 1);
insert into vote_info (vote_id, candidate_id, preference_number) values (397, 14, 1);
insert into vote_info (vote_id, candidate_id, preference_number) values (398, 16, 1);
insert into vote_info (vote_id, candidate_id, preference_number) values (399, 20, 1);
insert into vote_info (vote_id, candidate_id, preference_number) values (400, 13, 1);



-- ward should be in district, district should be in country - inconsistent
-- insert into candidate (id, name, country_id, district_id, ward_id) values (1, 'Roana', 1, 2, 4);
-- insert into candidate (id, name, country_id, district_id, ward_id) values (2, 'Filmer', 1, null, 9);
-- insert into candidate (id, name, country_id, district_id, ward_id) values (3, 'Flossy', 2, 6, 16);
-- insert into candidate (id, name, country_id, district_id, ward_id) values (4, 'Stefa', 1, null, 6);
-- insert into candidate (id, name, country_id, district_id, ward_id) values (5, 'Lavena', 1, 2, 4);
-- insert into candidate (id, name, country_id, district_id, ward_id) values (6, 'Peter', 2, 6, 17);
-- insert into candidate (id, name, country_id, district_id, ward_id) values (7, 'Zacharia', 1, 1, 1);
-- insert into candidate (id, name, country_id, district_id, ward_id) values (8, 'Karil', null, null, 3);
-- insert into candidate (id, name, country_id, district_id, ward_id) values (9, 'Bunny', null, 5, null);
-- insert into candidate (id, name, country_id, district_id, ward_id) values (10, 'Joya', 2, null, 14);
-- insert into candidate (id, name, country_id, district_id, ward_id) values (11, 'Dorice', null, null, 5);
-- insert into candidate (id, name, country_id, district_id, ward_id) values (12, 'Thorin', 1, null, 4);
-- insert into candidate (id, name, country_id, district_id, ward_id) values (13, 'Charo', 1, 2, 6);
-- insert into candidate (id, name, country_id, district_id, ward_id) values (14, 'Sabra', null, null, 11);
-- insert into candidate (id, name, country_id, district_id, ward_id) values (15, 'Carmina', null, null, 5);
-- insert into candidate (id, name, country_id, district_id, ward_id) values (16, 'Doralia', 1, null, null);
-- insert into candidate (id, name, country_id, district_id, ward_id) values (17, 'Juanita', 1, 3, null);
-- insert into candidate (id, name, country_id, district_id, ward_id) values (18, 'Beverley', null, 6, null);
-- insert into candidate (id, name, country_id, district_id, ward_id) values (19, 'Janet', null, 4, 11);
-- insert into candidate (id, name, country_id, district_id, ward_id) values (20, 'Traver', 2, null, 14);
-- insert into candidate (id, name, country_id, district_id, ward_id) values (21, 'Forster', null, 5, 13);
-- insert into candidate (id, name, country_id, district_id, ward_id) values (22, 'Lucio', 2, 4, 11);
-- insert into candidate (id, name, country_id, district_id, ward_id) values (23, 'Doria', null, 1, 2);
-- insert into candidate (id, name, country_id, district_id, ward_id) values (24, 'Nedi', 1, null, 5);
-- insert into candidate (id, name, country_id, district_id, ward_id) values (25, 'Monique', 2, 4, 12);
-- insert into candidate (id, name, country_id, district_id, ward_id) values (26, 'Devland', 2, 5, 13);
-- insert into candidate (id, name, country_id, district_id, ward_id) values (27, 'Bruno', null, null, 11);
-- insert into candidate (id, name, country_id, district_id, ward_id) values (28, 'Fons', null, 5, 13);
-- insert into candidate (id, name, country_id, district_id, ward_id) values (29, 'Carney', 2, 4, 10);
-- insert into candidate (id, name, country_id, district_id, ward_id) values (30, 'Abbey', 2, null, 12);
-- insert into candidate (id, name, country_id, district_id, ward_id) values (31, 'Anne-corinne', 1, 1, 2);
-- insert into candidate (id, name, country_id, district_id, ward_id) values (32, 'Georgia', 1, 1, null);
-- insert into candidate (id, name, country_id, district_id, ward_id) values (33, 'Paulo', 1, null, 1);
-- insert into candidate (id, name, country_id, district_id, ward_id) values (34, 'Hanna', null, null, 7);
-- insert into candidate (id, name, country_id, district_id, ward_id) values (35, 'Guillermo', null, 4, 12);
-- insert into candidate (id, name, country_id, district_id, ward_id) values (36, 'Jimmy', null, 5, 14);
-- insert into candidate (id, name, country_id, district_id, ward_id) values (37, 'Luca', 1, 3, 8);
-- insert into candidate (id, name, country_id, district_id, ward_id) values (38, 'Boone', null, 5, 13);
-- insert into candidate (id, name, country_id, district_id, ward_id) values (39, 'Sidonnie', 1, 3, 7);
-- insert into candidate (id, name, country_id, district_id, ward_id) values (41, 'Remington', 1, null, 8);
-- insert into candidate (id, name, country_id, district_id, ward_id) values (42, 'Liliane', 1, null, 9);
-- insert into candidate (id, name, country_id, district_id, ward_id) values (43, 'Lolita', 2, 5, null);
-- insert into candidate (id, name, country_id, district_id, ward_id) values (44, 'Ania', 1, 3, 9);
-- insert into candidate (id, name, country_id, district_id, ward_id) values (45, 'Glyn', null, 2, 6);
-- insert into candidate (id, name, country_id, district_id, ward_id) values (46, 'Elisabet', null, 3, 7);
-- insert into candidate (id, name, country_id, district_id, ward_id) values (47, 'Reinaldos', 2, null, 13);
-- insert into candidate (id, name, country_id, district_id, ward_id) values (48, 'Artemas', null, 3, 9);
-- insert into candidate (id, name, country_id, district_id, ward_id) values (49, 'Adriano', 2, 4, 12);
-- insert into candidate (id, name, country_id, district_id, ward_id) values (50, 'Scarlett', 2, 5, 15);
-- insert into candidate (id, name, country_id, district_id, ward_id) values (51, 'Candie', null, 2, 4);
-- insert into candidate (id, name, country_id, district_id, ward_id) values (52, 'Lana', 2, null, 16);
-- insert into candidate (id, name, country_id, district_id, ward_id) values (53, 'Lyell', 1, 2, 6);
-- insert into candidate (id, name, country_id, district_id, ward_id) values (54, 'Tybie', null, null, 18);
-- insert into candidate (id, name, country_id, district_id, ward_id) values (55, 'Kelci', 2, 5, 14);
-- insert into candidate (id, name, country_id, district_id, ward_id) values (56, 'Cindelyn', 2, null, null);
-- insert into candidate (id, name, country_id, district_id, ward_id) values (57, 'Lora', 2, 5, 14);
-- insert into candidate (id, name, country_id, district_id, ward_id) values (58, 'Stevana', 1, null, 8);
-- insert into candidate (id, name, country_id, district_id, ward_id) values (59, 'Nonah', 1, 1, 2);
-- insert into candidate (id, name, country_id, district_id, ward_id) values (61, 'Noby', 2, null, null);
-- insert into candidate (id, name, country_id, district_id, ward_id) values (62, 'Michel', 2, 5, null);
-- insert into candidate (id, name, country_id, district_id, ward_id) values (63, 'Chad', 1, 2, null);
-- insert into candidate (id, name, country_id, district_id, ward_id) values (64, 'Gaylor', 2, null, 18);
-- insert into candidate (id, name, country_id, district_id, ward_id) values (65, 'Reade', 2, 5, 15);
-- insert into candidate (id, name, country_id, district_id, ward_id) values (66, 'Karrah', 1, null, 8);
-- insert into candidate (id, name, country_id, district_id, ward_id) values (67, 'Byrom', null, 4, null);
-- insert into candidate (id, name, country_id, district_id, ward_id) values (68, 'Dagmar', 2, 4, 11);
-- insert into candidate (id, name, country_id, district_id, ward_id) values (69, 'Carilyn', 2, 6, null);
-- insert into candidate (id, name, country_id, district_id, ward_id) values (70, 'Sophia', 2, 5, 14);
-- insert into candidate (id, name, country_id, district_id, ward_id) values (71, 'Garrett', null, 4, 10);
-- insert into candidate (id, name, country_id, district_id, ward_id) values (72, 'Alair', 2, null, 13);
-- insert into candidate (id, name, country_id, district_id, ward_id) values (73, 'Salaidh', 1, 2, 6);
-- insert into candidate (id, name, country_id, district_id, ward_id) values (74, 'Letizia', 2, 4, 11);
-- insert into candidate (id, name, country_id, district_id, ward_id) values (75, 'Dodi', null, null, 16);
-- insert into candidate (id, name, country_id, district_id, ward_id) values (76, 'Morganne', 2, 4, 11);
-- insert into candidate (id, name, country_id, district_id, ward_id) values (77, 'Swen', 1, 2, 6);
-- insert into candidate (id, name, country_id, district_id, ward_id) values (78, 'Ethelind', 1, 3, 9);
-- insert into candidate (id, name, country_id, district_id, ward_id) values (79, 'Dara', null, 6, null);
-- insert into candidate (id, name, country_id, district_id, ward_id) values (80, 'Carmelle', 2, 6, null);
-- insert into candidate (id, name, country_id, district_id, ward_id) values (81, 'Suzy', null, 5, 14);
-- insert into candidate (id, name, country_id, district_id, ward_id) values (82, 'Leodora', 2, 6, 17);
-- insert into candidate (id, name, country_id, district_id, ward_id) values (83, 'Alanah', null, null, 14);
-- insert into candidate (id, name, country_id, district_id, ward_id) values (84, 'Stephie', 2, null, null);
-- insert into candidate (id, name, country_id, district_id, ward_id) values (85, 'Norton', 2, 6, 16);
-- insert into candidate (id, name, country_id, district_id, ward_id) values (86, 'Gaelan', 2, 6, 17);
-- insert into candidate (id, name, country_id, district_id, ward_id) values (87, 'Lola', 1, null, 8);
-- insert into candidate (id, name, country_id, district_id, ward_id) values (89, 'Ernst', 1, null, 4);
-- insert into candidate (id, name, country_id, district_id, ward_id) values (90, 'Tamera', 1, 3, null);
-- insert into candidate (id, name, country_id, district_id, ward_id) values (91, 'Perle', 1, 3, 7);
-- insert into candidate (id, name, country_id, district_id, ward_id) values (92, 'Kimble', 2, 4, 10);
-- insert into candidate (id, name, country_id, district_id, ward_id) values (93, 'Baxy', 2, 6, null);
-- insert into candidate (id, name, country_id, district_id, ward_id) values (94, 'Glen', 2, 5, null);
-- insert into candidate (id, name, country_id, district_id, ward_id) values (95, 'Constancia', 1, 2, 5);
-- insert into candidate (id, name, country_id, district_id, ward_id) values (96, 'Marni', null, 3, 7);
-- insert into candidate (id, name, country_id, district_id, ward_id) values (97, 'Desdemona', 1, 1, 1);
-- insert into candidate (id, name, country_id, district_id, ward_id) values (98, 'Sheree', 2, 4, 11);
-- insert into candidate (id, name, country_id, district_id, ward_id) values (99, 'Nicole', 1, 1, 2);
-- insert into candidate (id, name, country_id, district_id, ward_id) values (100, 'Joel', 1, 2, 5);
-- insert into candidate (id, name, country_id, district_id, ward_id) values (101, 'Craig', null, 5, 13);
-- insert into candidate (id, name, country_id, district_id, ward_id) values (102, 'Tait', null, 6, 16);
-- insert into candidate (id, name, country_id, district_id, ward_id) values (103, 'Derry', 1, 1, 1);
-- insert into candidate (id, name, country_id, district_id, ward_id) values (104, 'Fonz', null, 1, 2);
-- insert into candidate (id, name, country_id, district_id, ward_id) values (106, 'Codi', null, 4, 11);
-- insert into candidate (id, name, country_id, district_id, ward_id) values (108, 'Ginnie', 2, null, null);
-- insert into candidate (id, name, country_id, district_id, ward_id) values (109, 'Rona', 1, 2, null);
-- insert into candidate (id, name, country_id, district_id, ward_id) values (110, 'Carlin', 1, 2, null);
-- insert into candidate (id, name, country_id, district_id, ward_id) values (111, 'Emmalee', 2, null, null);
-- insert into candidate (id, name, country_id, district_id, ward_id) values (112, 'Humfrid', 2, 5, 14);
-- insert into candidate (id, name, country_id, district_id, ward_id) values (113, 'Lorette', 2, 4, null);
-- insert into candidate (id, name, country_id, district_id, ward_id) values (114, 'Peria', 1, 2, 5);
-- insert into candidate (id, name, country_id, district_id, ward_id) values (115, 'Bail', 1, null, 1);
-- insert into candidate (id, name, country_id, district_id, ward_id) values (116, 'Lloyd', 2, null, 13);
-- insert into candidate (id, name, country_id, district_id, ward_id) values (117, 'Rubina', null, null, 14);
-- insert into candidate (id, name, country_id, district_id, ward_id) values (118, 'Cord', null, 4, null);
-- insert into candidate (id, name, country_id, district_id, ward_id) values (119, 'Verge', 2, null, 17);
-- insert into candidate (id, name, country_id, district_id, ward_id) values (120, 'Marin', null, 2, 6);
-- insert into candidate (id, name, country_id, district_id, ward_id) values (121, 'Lydon', null, 4, 12);
-- insert into candidate (id, name, country_id, district_id, ward_id) values (122, 'Delinda', null, 4, 12);
-- insert into candidate (id, name, country_id, district_id, ward_id) values (123, 'Melinde', 2, 5, 14);
-- insert into candidate (id, name, country_id, district_id, ward_id) values (124, 'Dee', 2, null, 18);
-- insert into candidate (id, name, country_id, district_id, ward_id) values (125, 'Filberto', 1, 2, null);
-- insert into candidate (id, name, country_id, district_id, ward_id) values (126, 'Hildagarde', null, 4, 10);
-- insert into candidate (id, name, country_id, district_id, ward_id) values (127, 'Bellanca', 2, null, 14);
-- insert into candidate (id, name, country_id, district_id, ward_id) values (128, 'Allix', 2, 6, 17);
-- insert into candidate (id, name, country_id, district_id, ward_id) values (129, 'Rebe', null, 6, 17);
-- insert into candidate (id, name, country_id, district_id, ward_id) values (130, 'Aida', 2, 5, null);
-- insert into candidate (id, name, country_id, district_id, ward_id) values (131, 'Shae', 1, 3, 8);
-- insert into candidate (id, name, country_id, district_id, ward_id) values (132, 'Kassia', 2, 6, 18);
-- insert into candidate (id, name, country_id, district_id, ward_id) values (133, 'Lorelei', null, 1, null);
-- insert into candidate (id, name, country_id, district_id, ward_id) values (134, 'Lorne', 1, null, 3);
-- insert into candidate (id, name, country_id, district_id, ward_id) values (135, 'Ofelia', 2, 5, 13);
-- insert into candidate (id, name, country_id, district_id, ward_id) values (136, 'Brantley', 1, 3, null);
-- insert into candidate (id, name, country_id, district_id, ward_id) values (138, 'Britney', 1, 3, null);
-- insert into candidate (id, name, country_id, district_id, ward_id) values (139, 'Jolie', 1, 3, 8);
-- insert into candidate (id, name, country_id, district_id, ward_id) values (140, 'Viola', 2, null, null);
-- insert into candidate (id, name, country_id, district_id, ward_id) values (141, 'Melicent', 1, null, null);
-- insert into candidate (id, name, country_id, district_id, ward_id) values (142, 'Jeremiah', 1, 2, 4);
-- insert into candidate (id, name, country_id, district_id, ward_id) values (143, 'Nicola', 1, 3, 8);
-- insert into candidate (id, name, country_id, district_id, ward_id) values (144, 'Meggie', null, 5, 13);
-- insert into candidate (id, name, country_id, district_id, ward_id) values (145, 'Milzie', 1, 3, 8);
-- insert into candidate (id, name, country_id, district_id, ward_id) values (146, 'Franciska', null, 4, 10);
-- insert into candidate (id, name, country_id, district_id, ward_id) values (147, 'Rosalind', 1, 1, null);
-- insert into candidate (id, name, country_id, district_id, ward_id) values (148, 'Wanids', 1, null, 5);
-- insert into candidate (id, name, country_id, district_id, ward_id) values (149, 'Brigitta', 2, 6, 18);
-- insert into candidate (id, name, country_id, district_id, ward_id) values (150, 'Ezechiel', 2, 5, null);
-- insert into candidate (id, name, country_id, district_id, ward_id) values (151, 'Edin', null, 6, 16);
-- insert into candidate (id, name, country_id, district_id, ward_id) values (152, 'Ellette', null, 5, 14);
-- insert into candidate (id, name, country_id, district_id, ward_id) values (153, 'Kariotta', 1, null, 6);
-- insert into candidate (id, name, country_id, district_id, ward_id) values (154, 'Isacco', 2, 6, 16);
-- insert into candidate (id, name, country_id, district_id, ward_id) values (155, 'Anatole', 1, null, 7);
-- insert into candidate (id, name, country_id, district_id, ward_id) values (156, 'Brandy', 1, null, null);
-- insert into candidate (id, name, country_id, district_id, ward_id) values (157, 'Chrissie', null, null, 9);
-- insert into candidate (id, name, country_id, district_id, ward_id) values (158, 'Alisun', 2, null, null);
-- insert into candidate (id, name, country_id, district_id, ward_id) values (159, 'Eleanora', null, 3, null);
-- insert into candidate (id, name, country_id, district_id, ward_id) values (160, 'Audra', 2, 6, null);
-- insert into candidate (id, name, country_id, district_id, ward_id) values (161, 'Harlan', 2, null, 16);
-- insert into candidate (id, name, country_id, district_id, ward_id) values (162, 'Carmine', 2, 4, 10);
-- insert into candidate (id, name, country_id, district_id, ward_id) values (163, 'Kizzee', null, 6, 18);
-- insert into candidate (id, name, country_id, district_id, ward_id) values (164, 'Jan', 1, null, 3);
-- insert into candidate (id, name, country_id, district_id, ward_id) values (166, 'Betsy', 1, null, 9);
-- insert into candidate (id, name, country_id, district_id, ward_id) values (167, 'Mitchell', 2, 4, null);
-- insert into candidate (id, name, country_id, district_id, ward_id) values (168, 'Welch', 1, 2, 4);
-- insert into candidate (id, name, country_id, district_id, ward_id) values (169, 'Cleve', null, 1, null);
-- insert into candidate (id, name, country_id, district_id, ward_id) values (170, 'Sammie', 1, 1, 1);
-- insert into candidate (id, name, country_id, district_id, ward_id) values (171, 'Freedman', 2, 5, 14);
-- insert into candidate (id, name, country_id, district_id, ward_id) values (172, 'Robbie', null, null, 11);
-- insert into candidate (id, name, country_id, district_id, ward_id) values (173, 'Ade', null, 4, 10);
-- insert into candidate (id, name, country_id, district_id, ward_id) values (174, 'Brook', 1, 2, 6);
-- insert into candidate (id, name, country_id, district_id, ward_id) values (175, 'Grant', null, null, 3);
-- insert into candidate (id, name, country_id, district_id, ward_id) values (176, 'Perren', null, 2, 4);
-- insert into candidate (id, name, country_id, district_id, ward_id) values (177, 'Tann', null, 1, 1);
-- insert into candidate (id, name, country_id, district_id, ward_id) values (178, 'Catie', null, 5, null);
-- insert into candidate (id, name, country_id, district_id, ward_id) values (179, 'Adele', 2, 5, 14);
-- insert into candidate (id, name, country_id, district_id, ward_id) values (180, 'Wiley', 1, 1, 3);
-- insert into candidate (id, name, country_id, district_id, ward_id) values (181, 'Benni', null, 6, 18);
-- insert into candidate (id, name, country_id, district_id, ward_id) values (182, 'Yardley', 1, 2, 5);
-- insert into candidate (id, name, country_id, district_id, ward_id) values (183, 'Glenna', 1, 3, null);
-- insert into candidate (id, name, country_id, district_id, ward_id) values (184, 'Jessie', null, 6, null);
-- insert into candidate (id, name, country_id, district_id, ward_id) values (185, 'Queenie', 2, null, 11);
-- insert into candidate (id, name, country_id, district_id, ward_id) values (186, 'Peder', null, 5, null);
-- insert into candidate (id, name, country_id, district_id, ward_id) values (187, 'Harwell', 1, 1, null);
-- insert into candidate (id, name, country_id, district_id, ward_id) values (188, 'Maison', 1, 3, null);
-- insert into candidate (id, name, country_id, district_id, ward_id) values (189, 'Bondie', null, 6, 18);
-- insert into candidate (id, name, country_id, district_id, ward_id) values (190, 'Murray', 2, 6, null);
-- insert into candidate (id, name, country_id, district_id, ward_id) values (191, 'Kalil', 2, 5, 13);
-- insert into candidate (id, name, country_id, district_id, ward_id) values (192, 'Roy', 2, null, 13);
-- insert into candidate (id, name, country_id, district_id, ward_id) values (193, 'Edna', 1, 1, null);
-- insert into candidate (id, name, country_id, district_id, ward_id) values (194, 'Fin', 1, 3, 7);
-- insert into candidate (id, name, country_id, district_id, ward_id) values (195, 'Halie', 1, null, 4);
-- insert into candidate (id, name, country_id, district_id, ward_id) values (196, 'Pepito', null, 6, 18);
-- insert into candidate (id, name, country_id, district_id, ward_id) values (197, 'Mignon', 2, null, 16);
-- insert into candidate (id, name, country_id, district_id, ward_id) values (198, 'Yevette', null, 6, 16);
-- insert into candidate (id, name, country_id, district_id, ward_id) values (199, 'Ulrika', 1, 2, 5);
-- insert into candidate (id, name, country_id, district_id, ward_id) values (200, 'Morty', 1, null, 8);
-- insert into candidate (id, name, country_id, district_id, ward_id) values (201, 'Bella', 1, null, 8);
-- insert into candidate (id, name, country_id, district_id, ward_id) values (202, 'Kati', 2, 5, 15);
-- insert into candidate (id, name, country_id, district_id, ward_id) values (203, 'Dorian', null, 5, 15);
-- insert into candidate (id, name, country_id, district_id, ward_id) values (204, 'Shantee', null, null, 14);
-- insert into candidate (id, name, country_id, district_id, ward_id) values (206, 'Alano', 1, 2, 6);
-- insert into candidate (id, name, country_id, district_id, ward_id) values (207, 'Hewett', 2, 6, null);
-- insert into candidate (id, name, country_id, district_id, ward_id) values (208, 'Sebastian', null, 5, 14);
-- insert into candidate (id, name, country_id, district_id, ward_id) values (209, 'Bell', 1, 3, 9);
-- insert into candidate (id, name, country_id, district_id, ward_id) values (210, 'Hurleigh', null, 1, 3);
-- insert into candidate (id, name, country_id, district_id, ward_id) values (211, 'Roosevelt', null, null, 16);
-- insert into candidate (id, name, country_id, district_id, ward_id) values (212, 'Catarina', 1, null, 3);
-- insert into candidate (id, name, country_id, district_id, ward_id) values (213, 'Amelina', 2, 6, null);
-- insert into candidate (id, name, country_id, district_id, ward_id) values (214, 'Hamel', 2, 4, 11);
-- insert into candidate (id, name, country_id, district_id, ward_id) values (215, 'Myrwyn', null, 1, 3);
-- insert into candidate (id, name, country_id, district_id, ward_id) values (217, 'Bordy', 1, null, 2);
-- insert into candidate (id, name, country_id, district_id, ward_id) values (218, 'Waite', null, 6, 16);
-- insert into candidate (id, name, country_id, district_id, ward_id) values (219, 'Devland', 1, 3, 8);
-- insert into candidate (id, name, country_id, district_id, ward_id) values (220, 'Denys', 1, 1, null);
-- insert into candidate (id, name, country_id, district_id, ward_id) values (221, 'Xever', 2, 5, 15);
-- insert into candidate (id, name, country_id, district_id, ward_id) values (222, 'Hamlen', 1, 3, 8);
-- insert into candidate (id, name, country_id, district_id, ward_id) values (223, 'Vale', 2, 6, 16);
-- insert into candidate (id, name, country_id, district_id, ward_id) values (224, 'Vilhelmina', null, 3, 8);
-- insert into candidate (id, name, country_id, district_id, ward_id) values (225, 'Janina', 1, 3, null);
-- insert into candidate (id, name, country_id, district_id, ward_id) values (227, 'Katharyn', 2, 4, 11);
-- insert into candidate (id, name, country_id, district_id, ward_id) values (228, 'Kylynn', 2, 4, null);
-- insert into candidate (id, name, country_id, district_id, ward_id) values (229, 'Suzanna', null, 2, 4);
-- insert into candidate (id, name, country_id, district_id, ward_id) values (230, 'Tommy', null, 2, 4);
-- insert into candidate (id, name, country_id, district_id, ward_id) values (231, 'Natty', null, 3, 8);
-- insert into candidate (id, name, country_id, district_id, ward_id) values (232, 'Ilse', 1, null, null);
-- insert into candidate (id, name, country_id, district_id, ward_id) values (233, 'Baily', null, 5, null);
-- insert into candidate (id, name, country_id, district_id, ward_id) values (234, 'Ruben', 2, null, null);
-- insert into candidate (id, name, country_id, district_id, ward_id) values (235, 'Jason', 2, 4, 12);
-- insert into candidate (id, name, country_id, district_id, ward_id) values (237, 'Letisha', null, null, 11);
-- insert into candidate (id, name, country_id, district_id, ward_id) values (238, 'Chrissie', 1, 1, 2);
-- insert into candidate (id, name, country_id, district_id, ward_id) values (239, 'Twyla', 1, 3, null);
-- insert into candidate (id, name, country_id, district_id, ward_id) values (240, 'Leicester', 1, 3, 8);
-- insert into candidate (id, name, country_id, district_id, ward_id) values (241, 'Kissee', 2, 6, 17);
-- insert into candidate (id, name, country_id, district_id, ward_id) values (242, 'Jeri', null, 5, 13);
-- insert into candidate (id, name, country_id, district_id, ward_id) values (243, 'Justine', null, 1, null);
-- insert into candidate (id, name, country_id, district_id, ward_id) values (244, 'Yvette', 2, 6, 16);
-- insert into candidate (id, name, country_id, district_id, ward_id) values (245, 'Clemmy', 2, null, 13);
-- insert into candidate (id, name, country_id, district_id, ward_id) values (246, 'Alfredo', null, 2, 4);
-- insert into candidate (id, name, country_id, district_id, ward_id) values (247, 'Adel', 1, 2, null);
-- insert into candidate (id, name, country_id, district_id, ward_id) values (248, 'Veronika', null, 3, null);
-- insert into candidate (id, name, country_id, district_id, ward_id) values (249, 'Elissa', null, 2, null);
-- insert into candidate (id, name, country_id, district_id, ward_id) values (250, 'Alwin', 2, null, 15);
-- insert into candidate (id, name, country_id, district_id, ward_id) values (251, 'Monti', 1, 3, 9);
-- insert into candidate (id, name, country_id, district_id, ward_id) values (252, 'Herby', 2, 4, 10);
-- insert into candidate (id, name, country_id, district_id, ward_id) values (253, 'Chryste', 1, null, 4);
-- insert into candidate (id, name, country_id, district_id, ward_id) values (254, 'Dunn', 1, null, null);
-- insert into candidate (id, name, country_id, district_id, ward_id) values (255, 'Merrill', 1, 2, 4);
-- insert into candidate (id, name, country_id, district_id, ward_id) values (256, 'Nannie', null, null, 15);
-- insert into candidate (id, name, country_id, district_id, ward_id) values (257, 'Brittney', 2, null, null);
-- insert into candidate (id, name, country_id, district_id, ward_id) values (258, 'Mycah', 1, null, null);
-- insert into candidate (id, name, country_id, district_id, ward_id) values (259, 'Marietta', 1, null, null);
-- insert into candidate (id, name, country_id, district_id, ward_id) values (260, 'Sheri', 2, null, 16);
-- insert into candidate (id, name, country_id, district_id, ward_id) values (261, 'Christoffer', 2, 4, null);
-- insert into candidate (id, name, country_id, district_id, ward_id) values (262, 'Corina', 1, null, 1);
-- insert into candidate (id, name, country_id, district_id, ward_id) values (263, 'Fayth', null, null, 17);
-- insert into candidate (id, name, country_id, district_id, ward_id) values (264, 'Earle', 1, 3, 7);
-- insert into candidate (id, name, country_id, district_id, ward_id) values (265, 'Elysia', 1, 2, 6);
-- insert into candidate (id, name, country_id, district_id, ward_id) values (266, 'Liz', null, 6, 17);
-- insert into candidate (id, name, country_id, district_id, ward_id) values (267, 'Arabele', 2, null, 10);
-- insert into candidate (id, name, country_id, district_id, ward_id) values (268, 'Renado', null, 5, 13);
-- insert into candidate (id, name, country_id, district_id, ward_id) values (269, 'Gleda', 1, 3, 7);
-- insert into candidate (id, name, country_id, district_id, ward_id) values (270, 'Merlina', 1, 1, null);
-- insert into candidate (id, name, country_id, district_id, ward_id) values (271, 'Rube', 2, 6, null);
-- insert into candidate (id, name, country_id, district_id, ward_id) values (272, 'Avram', null, 1, 3);
-- insert into candidate (id, name, country_id, district_id, ward_id) values (273, 'Ninon', 1, null, null);
-- insert into candidate (id, name, country_id, district_id, ward_id) values (274, 'Tully', 1, 1, 3);
-- insert into candidate (id, name, country_id, district_id, ward_id) values (275, 'Schuyler', 2, 5, 14);
-- insert into candidate (id, name, country_id, district_id, ward_id) values (276, 'Nevins', 2, null, null);
-- insert into candidate (id, name, country_id, district_id, ward_id) values (277, 'Dilan', null, 6, 16);
-- insert into candidate (id, name, country_id, district_id, ward_id) values (278, 'Edmund', 1, 1, 2);
-- insert into candidate (id, name, country_id, district_id, ward_id) values (279, 'Adeline', null, 3, 9);
-- insert into candidate (id, name, country_id, district_id, ward_id) values (280, 'Fonsie', 2, 6, 18);
-- insert into candidate (id, name, country_id, district_id, ward_id) values (281, 'Renie', 1, 3, null);
-- insert into candidate (id, name, country_id, district_id, ward_id) values (282, 'Mallory', null, 2, null);
-- insert into candidate (id, name, country_id, district_id, ward_id) values (283, 'Armando', 2, 4, 10);
-- insert into candidate (id, name, country_id, district_id, ward_id) values (284, 'Adolpho', 1, null, 1);
-- insert into candidate (id, name, country_id, district_id, ward_id) values (285, 'Darn', 2, 6, null);
-- insert into candidate (id, name, country_id, district_id, ward_id) values (286, 'Dione', 2, null, 15);
-- insert into candidate (id, name, country_id, district_id, ward_id) values (287, 'Joeann', 1, 1, 2);
-- insert into candidate (id, name, country_id, district_id, ward_id) values (288, 'Axe', 2, 5, 14);
-- insert into candidate (id, name, country_id, district_id, ward_id) values (289, 'Calley', 1, 1, null);
-- insert into candidate (id, name, country_id, district_id, ward_id) values (290, 'Cyrill', null, null, 8);
-- insert into candidate (id, name, country_id, district_id, ward_id) values (291, 'Fernandina', 1, null, 7);
-- insert into candidate (id, name, country_id, district_id, ward_id) values (292, 'Kelci', 1, 3, 7);
-- insert into candidate (id, name, country_id, district_id, ward_id) values (293, 'Clarisse', 1, 3, 7);
-- insert into candidate (id, name, country_id, district_id, ward_id) values (294, 'Susana', null, 4, null);
-- insert into candidate (id, name, country_id, district_id, ward_id) values (295, 'Ned', 1, 1, null);
-- insert into candidate (id, name, country_id, district_id, ward_id) values (296, 'Ignacius', 2, null, null);
-- insert into candidate (id, name, country_id, district_id, ward_id) values (297, 'Mose', 2, 4, 10);
-- insert into candidate (id, name, country_id, district_id, ward_id) values (299, 'Rozamond', null, 6, null);
-- insert into candidate (id, name, country_id, district_id, ward_id) values (300, 'Augustin', 1, 1, null);
-- insert into candidate (id, name, country_id, district_id, ward_id) values (301, 'Mariana', null, 4, null);
-- insert into candidate (id, name, country_id, district_id, ward_id) values (302, 'Meredith', 2, 5, null);
-- insert into candidate (id, name, country_id, district_id, ward_id) values (303, 'Jesus', null, 2, 6);
-- insert into candidate (id, name, country_id, district_id, ward_id) values (304, 'Armando', null, null, 2);
-- insert into candidate (id, name, country_id, district_id, ward_id) values (305, 'Cammy', 2, 4, 11);
-- insert into candidate (id, name, country_id, district_id, ward_id) values (306, 'Winfred', 1, null, null);
-- insert into candidate (id, name, country_id, district_id, ward_id) values (307, 'Justine', 2, null, 11);
-- insert into candidate (id, name, country_id, district_id, ward_id) values (308, 'Jayme', null, null, 8);
-- insert into candidate (id, name, country_id, district_id, ward_id) values (309, 'Sebastiano', 1, null, null);
-- insert into candidate (id, name, country_id, district_id, ward_id) values (310, 'Annemarie', null, null, 6);
-- insert into candidate (id, name, country_id, district_id, ward_id) values (311, 'Sid', 2, null, null);
-- insert into candidate (id, name, country_id, district_id, ward_id) values (312, 'Chrotoem', 2, 4, null);
-- insert into candidate (id, name, country_id, district_id, ward_id) values (313, 'Artair', 1, 1, 2);
-- insert into candidate (id, name, country_id, district_id, ward_id) values (314, 'Kristi', null, 3, 9);
-- insert into candidate (id, name, country_id, district_id, ward_id) values (315, 'Hugo', 1, 1, 1);
-- insert into candidate (id, name, country_id, district_id, ward_id) values (316, 'Hertha', 1, null, 9);
-- insert into candidate (id, name, country_id, district_id, ward_id) values (317, 'Morganica', 2, 5, 13);
-- insert into candidate (id, name, country_id, district_id, ward_id) values (318, 'Reinhold', null, null, 6);
-- insert into candidate (id, name, country_id, district_id, ward_id) values (319, 'Gordon', 2, null, 14);
-- insert into candidate (id, name, country_id, district_id, ward_id) values (320, 'Hank', null, null, 15);
-- insert into candidate (id, name, country_id, district_id, ward_id) values (321, 'Bella', 1, 2, 6);
-- insert into candidate (id, name, country_id, district_id, ward_id) values (322, 'Alisander', 2, 6, null);
-- insert into candidate (id, name, country_id, district_id, ward_id) values (323, 'Edan', 2, null, 16);
-- insert into candidate (id, name, country_id, district_id, ward_id) values (324, 'Ford', null, null, 6);
-- insert into candidate (id, name, country_id, district_id, ward_id) values (326, 'Haily', null, 3, null);
-- insert into candidate (id, name, country_id, district_id, ward_id) values (327, 'Tab', 1, null, 3);
-- insert into candidate (id, name, country_id, district_id, ward_id) values (328, 'Esteban', null, null, 6);
-- insert into candidate (id, name, country_id, district_id, ward_id) values (329, 'Mata', 2, null, 13);
-- insert into candidate (id, name, country_id, district_id, ward_id) values (330, 'Aron', 2, null, 15);
-- insert into candidate (id, name, country_id, district_id, ward_id) values (331, 'Ariadne', 2, 6, 16);
-- insert into candidate (id, name, country_id, district_id, ward_id) values (332, 'Margret', 2, null, 14);
-- insert into candidate (id, name, country_id, district_id, ward_id) values (334, 'Ashlin', 1, null, 5);
-- insert into candidate (id, name, country_id, district_id, ward_id) values (335, 'Shelby', 1, null, 3);
-- insert into candidate (id, name, country_id, district_id, ward_id) values (336, 'Noak', 1, 1, null);
-- insert into candidate (id, name, country_id, district_id, ward_id) values (337, 'Riley', 2, 5, 15);
-- insert into candidate (id, name, country_id, district_id, ward_id) values (338, 'Valenka', 2, null, 14);
-- insert into candidate (id, name, country_id, district_id, ward_id) values (339, 'Taddeo', null, 1, 3);
-- insert into candidate (id, name, country_id, district_id, ward_id) values (340, 'Tasha', null, 6, null);
-- insert into candidate (id, name, country_id, district_id, ward_id) values (341, 'Dolf', null, null, 11);
-- insert into candidate (id, name, country_id, district_id, ward_id) values (342, 'Corissa', 1, 1, null);
-- insert into candidate (id, name, country_id, district_id, ward_id) values (343, 'Rodolfo', 2, 6, null);
-- insert into candidate (id, name, country_id, district_id, ward_id) values (344, 'Warde', null, 4, null);
-- insert into candidate (id, name, country_id, district_id, ward_id) values (345, 'Giulietta', 2, null, 11);
-- insert into candidate (id, name, country_id, district_id, ward_id) values (346, 'Clemmy', null, 2, null);
-- insert into candidate (id, name, country_id, district_id, ward_id) values (347, 'Janenna', 2, null, 12);
-- insert into candidate (id, name, country_id, district_id, ward_id) values (348, 'Rosalyn', null, null, 3);
-- insert into candidate (id, name, country_id, district_id, ward_id) values (349, 'Vasily', null, 5, null);
-- insert into candidate (id, name, country_id, district_id, ward_id) values (350, 'Immanuel', 1, 3, 7);
-- insert into candidate (id, name, country_id, district_id, ward_id) values (351, 'Ambros', 1, 1, 1);
-- insert into candidate (id, name, country_id, district_id, ward_id) values (352, 'Marybeth', null, 3, 8);
-- insert into candidate (id, name, country_id, district_id, ward_id) values (353, 'Ailbert', 1, null, 5);
-- insert into candidate (id, name, country_id, district_id, ward_id) values (354, 'Nico', null, 5, 14);
-- insert into candidate (id, name, country_id, district_id, ward_id) values (355, 'Matthew', 1, 3, 8);
-- insert into candidate (id, name, country_id, district_id, ward_id) values (356, 'Regan', 1, 1, 3);
-- insert into candidate (id, name, country_id, district_id, ward_id) values (357, 'Demetria', 1, null, null);
-- insert into candidate (id, name, country_id, district_id, ward_id) values (358, 'Renate', 1, 1, 2);
-- insert into candidate (id, name, country_id, district_id, ward_id) values (359, 'Clara', 2, 5, null);
-- insert into candidate (id, name, country_id, district_id, ward_id) values (360, 'Tobye', null, 3, null);
-- insert into candidate (id, name, country_id, district_id, ward_id) values (361, 'Blithe', 2, null, 15);
-- insert into candidate (id, name, country_id, district_id, ward_id) values (362, 'Cortie', 1, 3, null);
-- insert into candidate (id, name, country_id, district_id, ward_id) values (363, 'Cale', 1, 1, null);
-- insert into candidate (id, name, country_id, district_id, ward_id) values (364, 'Ofilia', 1, 1, 2);
-- insert into candidate (id, name, country_id, district_id, ward_id) values (365, 'Steward', 1, 2, 6);
-- insert into candidate (id, name, country_id, district_id, ward_id) values (366, 'Gratiana', null, 4, 10);
-- insert into candidate (id, name, country_id, district_id, ward_id) values (367, 'Gerrilee', 2, 5, 15);
-- insert into candidate (id, name, country_id, district_id, ward_id) values (368, 'Nye', 1, 3, null);
-- insert into candidate (id, name, country_id, district_id, ward_id) values (369, 'Maudie', null, 3, 9);
-- insert into candidate (id, name, country_id, district_id, ward_id) values (370, 'Kennith', 2, null, 15);
-- insert into candidate (id, name, country_id, district_id, ward_id) values (371, 'Wildon', 1, 1, null);
-- insert into candidate (id, name, country_id, district_id, ward_id) values (372, 'Vale', 1, 2, 4);
-- insert into candidate (id, name, country_id, district_id, ward_id) values (373, 'Stormie', null, 3, 9);
-- insert into candidate (id, name, country_id, district_id, ward_id) values (374, 'Mischa', 2, null, null);
-- insert into candidate (id, name, country_id, district_id, ward_id) values (375, 'Rosemonde', 2, null, 18);
-- insert into candidate (id, name, country_id, district_id, ward_id) values (376, 'Rossy', 2, 5, 15);
-- insert into candidate (id, name, country_id, district_id, ward_id) values (377, 'Tab', 2, null, 15);
-- insert into candidate (id, name, country_id, district_id, ward_id) values (378, 'Baldwin', 2, 5, 14);
-- insert into candidate (id, name, country_id, district_id, ward_id) values (379, 'Whit', 2, 4, null);
-- insert into candidate (id, name, country_id, district_id, ward_id) values (380, 'Analise', 1, null, 6);
-- insert into candidate (id, name, country_id, district_id, ward_id) values (381, 'Liz', 2, null, null);
-- insert into candidate (id, name, country_id, district_id, ward_id) values (382, 'Felic', null, 2, 5);
-- insert into candidate (id, name, country_id, district_id, ward_id) values (383, 'Bella', null, null, 3);
-- insert into candidate (id, name, country_id, district_id, ward_id) values (384, 'Cornall', null, 6, 16);
-- insert into candidate (id, name, country_id, district_id, ward_id) values (385, 'Dickie', null, null, 8);
-- insert into candidate (id, name, country_id, district_id, ward_id) values (387, 'Carena', 1, null, 7);
-- insert into candidate (id, name, country_id, district_id, ward_id) values (389, 'Jourdain', null, 5, 13);
-- insert into candidate (id, name, country_id, district_id, ward_id) values (390, 'Renault', null, null, 9);
-- insert into candidate (id, name, country_id, district_id, ward_id) values (391, 'Bentlee', 1, 1, 1);
-- insert into candidate (id, name, country_id, district_id, ward_id) values (392, 'Christabel', null, 5, 14);
-- insert into candidate (id, name, country_id, district_id, ward_id) values (393, 'Arabella', 2, 5, 13);
-- insert into candidate (id, name, country_id, district_id, ward_id) values (394, 'Townsend', 1, null, 2);
-- insert into candidate (id, name, country_id, district_id, ward_id) values (395, 'Harriette', null, null, 6);
-- insert into candidate (id, name, country_id, district_id, ward_id) values (396, 'Catherina', 1, 3, 9);
-- insert into candidate (id, name, country_id, district_id, ward_id) values (397, 'Mitchell', 1, 3, 8);
-- insert into candidate (id, name, country_id, district_id, ward_id) values (398, 'Junina', 2, 4, 11);
-- insert into candidate (id, name, country_id, district_id, ward_id) values (399, 'Cloe', null, null, 2);
-- insert into candidate (id, name, country_id, district_id, ward_id) values (400, 'Wileen', null, 3, 7);
-- insert into candidate (id, name, country_id, district_id, ward_id) values (401, 'Deena', null, 1, null);
-- insert into candidate (id, name, country_id, district_id, ward_id) values (402, 'Melisande', null, 1, null);
-- insert into candidate (id, name, country_id, district_id, ward_id) values (403, 'Gary', 2, null, 11);
-- insert into candidate (id, name, country_id, district_id, ward_id) values (404, 'Eirena', null, 1, null);
-- insert into candidate (id, name, country_id, district_id, ward_id) values (405, 'Griffith', 1, null, null);
-- insert into candidate (id, name, country_id, district_id, ward_id) values (406, 'Sal', 1, 2, 4);
-- insert into candidate (id, name, country_id, district_id, ward_id) values (407, 'Shandee', 2, 4, 12);
-- insert into candidate (id, name, country_id, district_id, ward_id) values (408, 'Reyna', 2, 5, null);
-- insert into candidate (id, name, country_id, district_id, ward_id) values (409, 'Ardelle', 2, 5, 14);
-- insert into candidate (id, name, country_id, district_id, ward_id) values (410, 'Cathryn', 1, null, null);
-- insert into candidate (id, name, country_id, district_id, ward_id) values (411, 'Ezri', 1, null, 6);
-- insert into candidate (id, name, country_id, district_id, ward_id) values (412, 'Amie', 1, null, 7);
-- insert into candidate (id, name, country_id, district_id, ward_id) values (413, 'Isabel', null, 5, 14);
-- insert into candidate (id, name, country_id, district_id, ward_id) values (414, 'Timothee', 2, 5, 13);
-- insert into candidate (id, name, country_id, district_id, ward_id) values (415, 'Doe', 2, null, 11);
-- insert into candidate (id, name, country_id, district_id, ward_id) values (417, 'Finley', 2, null, 15);
-- insert into candidate (id, name, country_id, district_id, ward_id) values (418, 'Dionis', 1, 2, 5);
-- insert into candidate (id, name, country_id, district_id, ward_id) values (419, 'Nico', 1, 1, 2);
-- insert into candidate (id, name, country_id, district_id, ward_id) values (421, 'Lilia', 1, 1, null);
-- insert into candidate (id, name, country_id, district_id, ward_id) values (423, 'Matilde', 1, 1, 1);
-- insert into candidate (id, name, country_id, district_id, ward_id) values (424, 'Niels', null, 4, 10);
-- insert into candidate (id, name, country_id, district_id, ward_id) values (425, 'Gwynne', 2, null, 13);
-- insert into candidate (id, name, country_id, district_id, ward_id) values (426, 'Shelba', 2, 5, null);
-- insert into candidate (id, name, country_id, district_id, ward_id) values (427, 'Bunni', 1, null, 6);
-- insert into candidate (id, name, country_id, district_id, ward_id) values (428, 'Lilli', 2, null, null);
-- insert into candidate (id, name, country_id, district_id, ward_id) values (429, 'Lurline', null, 5, null);
-- insert into candidate (id, name, country_id, district_id, ward_id) values (430, 'Alis', 2, null, 12);
-- insert into candidate (id, name, country_id, district_id, ward_id) values (431, 'Pearla', 2, null, 10);
-- insert into candidate (id, name, country_id, district_id, ward_id) values (432, 'Katrinka', 2, 4, 10);
-- insert into candidate (id, name, country_id, district_id, ward_id) values (433, 'Sylvan', null, 1, 2);
-- insert into candidate (id, name, country_id, district_id, ward_id) values (434, 'Rennie', 2, 6, 16);
-- insert into candidate (id, name, country_id, district_id, ward_id) values (435, 'Alwyn', 1, 3, null);
-- insert into candidate (id, name, country_id, district_id, ward_id) values (437, 'Inglis', null, 5, null);
-- insert into candidate (id, name, country_id, district_id, ward_id) values (438, 'Torr', null, 2, 5);
-- insert into candidate (id, name, country_id, district_id, ward_id) values (439, 'Rolando', 1, 2, 5);
-- insert into candidate (id, name, country_id, district_id, ward_id) values (440, 'Albrecht', 1, 1, 3);
-- insert into candidate (id, name, country_id, district_id, ward_id) values (441, 'Trefor', 2, 5, 14);
-- insert into candidate (id, name, country_id, district_id, ward_id) values (442, 'Edi', null, 6, 16);
-- insert into candidate (id, name, country_id, district_id, ward_id) values (443, 'Merralee', 2, 6, 18);
-- insert into candidate (id, name, country_id, district_id, ward_id) values (444, 'Maribeth', 2, 5, null);
-- insert into candidate (id, name, country_id, district_id, ward_id) values (445, 'Mortimer', null, 6, 17);
-- insert into candidate (id, name, country_id, district_id, ward_id) values (446, 'Con', 2, null, 14);
-- insert into candidate (id, name, country_id, district_id, ward_id) values (447, 'Dayna', 1, null, null);
-- insert into candidate (id, name, country_id, district_id, ward_id) values (448, 'Clyde', null, 5, 13);
-- insert into candidate (id, name, country_id, district_id, ward_id) values (449, 'Joy', null, 1, null);
-- insert into candidate (id, name, country_id, district_id, ward_id) values (450, 'Zabrina', 1, null, 4);
-- insert into candidate (id, name, country_id, district_id, ward_id) values (451, 'Wendall', null, null, 3);
-- insert into candidate (id, name, country_id, district_id, ward_id) values (452, 'Leila', 2, null, 15);
-- insert into candidate (id, name, country_id, district_id, ward_id) values (453, 'Marylinda', null, null, 18);
-- insert into candidate (id, name, country_id, district_id, ward_id) values (454, 'Markos', null, 3, null);
-- insert into candidate (id, name, country_id, district_id, ward_id) values (455, 'Lyndy', null, 5, null);
-- insert into candidate (id, name, country_id, district_id, ward_id) values (456, 'Obadiah', 1, 2, 4);
-- insert into candidate (id, name, country_id, district_id, ward_id) values (457, 'Moises', 2, null, 18);
-- insert into candidate (id, name, country_id, district_id, ward_id) values (458, 'Annetta', 1, 3, 8);
-- insert into candidate (id, name, country_id, district_id, ward_id) values (459, 'Gabriela', 2, 5, null);
-- insert into candidate (id, name, country_id, district_id, ward_id) values (460, 'Evelyn', 2, 6, 18);
-- insert into candidate (id, name, country_id, district_id, ward_id) values (461, 'Finley', 2, 6, null);
-- insert into candidate (id, name, country_id, district_id, ward_id) values (462, 'Ursula', 2, 6, 17);
-- insert into candidate (id, name, country_id, district_id, ward_id) values (463, 'Miguela', null, null, 18);
-- insert into candidate (id, name, country_id, district_id, ward_id) values (464, 'Torrence', null, null, 11);
-- insert into candidate (id, name, country_id, district_id, ward_id) values (465, 'Morry', 2, 4, 12);
-- insert into candidate (id, name, country_id, district_id, ward_id) values (466, 'Carney', 2, 5, 14);
-- insert into candidate (id, name, country_id, district_id, ward_id) values (467, 'Saxe', 1, 1, 1);
-- insert into candidate (id, name, country_id, district_id, ward_id) values (468, 'Demetra', null, null, 2);
-- insert into candidate (id, name, country_id, district_id, ward_id) values (469, 'Jermaine', 1, 2, 5);
-- insert into candidate (id, name, country_id, district_id, ward_id) values (470, 'Junia', null, 2, 6);
-- insert into candidate (id, name, country_id, district_id, ward_id) values (471, 'Addia', 1, null, 9);
-- insert into candidate (id, name, country_id, district_id, ward_id) values (472, 'Nancy', 2, null, 16);
-- insert into candidate (id, name, country_id, district_id, ward_id) values (473, 'Margret', null, 4, null);
-- insert into candidate (id, name, country_id, district_id, ward_id) values (474, 'Karleen', null, 6, 18);
-- insert into candidate (id, name, country_id, district_id, ward_id) values (475, 'Fernanda', 2, 6, 18);
-- insert into candidate (id, name, country_id, district_id, ward_id) values (476, 'Jamie', 1, null, 5);
-- insert into candidate (id, name, country_id, district_id, ward_id) values (477, 'Claudia', 2, 6, 17);
-- insert into candidate (id, name, country_id, district_id, ward_id) values (478, 'Antonino', 2, 4, null);
-- insert into candidate (id, name, country_id, district_id, ward_id) values (479, 'Keriann', null, 6, 17);
-- insert into candidate (id, name, country_id, district_id, ward_id) values (480, 'Gaby', 1, 3, 9);
-- insert into candidate (id, name, country_id, district_id, ward_id) values (481, 'Liam', 2, null, null);
-- insert into candidate (id, name, country_id, district_id, ward_id) values (482, 'Haven', 2, 5, 14);
-- insert into candidate (id, name, country_id, district_id, ward_id) values (483, 'Harrison', null, 4, 11);
-- insert into candidate (id, name, country_id, district_id, ward_id) values (484, 'Olivier', 2, 6, null);
-- insert into candidate (id, name, country_id, district_id, ward_id) values (485, 'Hynda', 1, null, 3);
-- insert into candidate (id, name, country_id, district_id, ward_id) values (486, 'Sybilla', 2, 6, 16);
-- insert into candidate (id, name, country_id, district_id, ward_id) values (487, 'Cordie', 1, 1, 2);
-- insert into candidate (id, name, country_id, district_id, ward_id) values (488, 'Nollie', 2, 6, 16);
-- insert into candidate (id, name, country_id, district_id, ward_id) values (489, 'Darcey', 1, 2, 5);
-- insert into candidate (id, name, country_id, district_id, ward_id) values (490, 'Barnett', 1, null, null);
-- insert into candidate (id, name, country_id, district_id, ward_id) values (491, 'Scotti', 1, 3, null);
-- insert into candidate (id, name, country_id, district_id, ward_id) values (492, 'Francklin', 1, null, 3);
-- insert into candidate (id, name, country_id, district_id, ward_id) values (493, 'Tonie', null, 1, 1);
-- insert into candidate (id, name, country_id, district_id, ward_id) values (494, 'Sybyl', 2, 5, 15);
-- insert into candidate (id, name, country_id, district_id, ward_id) values (495, 'Bing', 2, 4, 11);
-- insert into candidate (id, name, country_id, district_id, ward_id) values (496, 'Evy', 1, 1, 1);
-- insert into candidate (id, name, country_id, district_id, ward_id) values (497, 'Allyson', null, 3, 8);
-- insert into candidate (id, name, country_id, district_id, ward_id) values (498, 'Fair', 2, 4, 12);
-- insert into candidate (id, name, country_id, district_id, ward_id) values (499, 'Flin', null, 3, 8);
-- insert into candidate (id, name, country_id, district_id, ward_id) values (500, 'Hugibert', 2, 4, 11);
-- insert into candidate (id, name, country_id, district_id, ward_id) values (501, 'Konstantin', null, 5, 15);
-- insert into candidate (id, name, country_id, district_id, ward_id) values (502, 'Hashim', 2, 6, 16);
-- insert into candidate (id, name, country_id, district_id, ward_id) values (503, 'Weber', null, 4, null);
-- insert into candidate (id, name, country_id, district_id, ward_id) values (504, 'Cindee', 1, 1, null);
-- insert into candidate (id, name, country_id, district_id, ward_id) values (505, 'Gerald', 1, 1, 1);
-- insert into candidate (id, name, country_id, district_id, ward_id) values (506, 'Hestia', 1, null, null);
-- insert into candidate (id, name, country_id, district_id, ward_id) values (507, 'Maurise', 1, 1, null);
-- insert into candidate (id, name, country_id, district_id, ward_id) values (508, 'Kyrstin', 2, 5, 14);
-- insert into candidate (id, name, country_id, district_id, ward_id) values (509, 'Granger', null, 1, 3);
-- insert into candidate (id, name, country_id, district_id, ward_id) values (510, 'Shannen', null, 4, null);
-- insert into candidate (id, name, country_id, district_id, ward_id) values (511, 'Benny', null, null, 10);
-- insert into candidate (id, name, country_id, district_id, ward_id) values (512, 'Alanna', 1, 3, 9);
-- insert into candidate (id, name, country_id, district_id, ward_id) values (513, 'Ewan', null, 2, 6);
-- insert into candidate (id, name, country_id, district_id, ward_id) values (514, 'Elsworth', 1, 1, 2);
-- insert into candidate (id, name, country_id, district_id, ward_id) values (515, 'Vin', 2, 6, null);
-- insert into candidate (id, name, country_id, district_id, ward_id) values (516, 'Hasheem', 2, 5, 15);
-- insert into candidate (id, name, country_id, district_id, ward_id) values (517, 'Ted', null, 1, null);
-- insert into candidate (id, name, country_id, district_id, ward_id) values (518, 'Regen', null, 1, 2);
-- insert into candidate (id, name, country_id, district_id, ward_id) values (519, 'Bear', 2, 6, 17);
-- insert into candidate (id, name, country_id, district_id, ward_id) values (520, 'Tiler', 2, 5, null);
-- insert into candidate (id, name, country_id, district_id, ward_id) values (521, 'Marji', 2, null, 15);
-- insert into candidate (id, name, country_id, district_id, ward_id) values (522, 'Catina', null, 1, null);
-- insert into candidate (id, name, country_id, district_id, ward_id) values (523, 'Estel', 2, 4, null);
-- insert into candidate (id, name, country_id, district_id, ward_id) values (524, 'Mattie', 2, 4, 12);
-- insert into candidate (id, name, country_id, district_id, ward_id) values (525, 'Donia', 2, 5, 14);
-- insert into candidate (id, name, country_id, district_id, ward_id) values (526, 'Lisetta', 2, 6, 18);
-- insert into candidate (id, name, country_id, district_id, ward_id) values (527, 'Marietta', 1, 1, null);
-- insert into candidate (id, name, country_id, district_id, ward_id) values (528, 'Ludovika', 2, 6, null);
-- insert into candidate (id, name, country_id, district_id, ward_id) values (529, 'Helge', 1, 1, 1);
-- insert into candidate (id, name, country_id, district_id, ward_id) values (530, 'Alon', 1, 2, 6);
-- insert into candidate (id, name, country_id, district_id, ward_id) values (531, 'Adora', 2, 6, 18);
-- insert into candidate (id, name, country_id, district_id, ward_id) values (532, 'Franky', 1, null, 9);
-- insert into candidate (id, name, country_id, district_id, ward_id) values (533, 'Manolo', null, 1, null);
-- insert into candidate (id, name, country_id, district_id, ward_id) values (534, 'Thane', null, null, 13);
-- insert into candidate (id, name, country_id, district_id, ward_id) values (535, 'Carine', 1, 1, 2);
-- insert into candidate (id, name, country_id, district_id, ward_id) values (536, 'Merrill', 1, null, null);
-- insert into candidate (id, name, country_id, district_id, ward_id) values (538, 'Kerry', null, 4, null);
-- insert into candidate (id, name, country_id, district_id, ward_id) values (539, 'Mame', null, 1, 1);
-- insert into candidate (id, name, country_id, district_id, ward_id) values (540, 'Luci', 2, 5, 15);
-- insert into candidate (id, name, country_id, district_id, ward_id) values (541, 'Duncan', 1, 3, 9);
-- insert into candidate (id, name, country_id, district_id, ward_id) values (542, 'Sherill', null, null, 14);
-- insert into candidate (id, name, country_id, district_id, ward_id) values (543, 'Cristobal', null, 6, null);
-- insert into candidate (id, name, country_id, district_id, ward_id) values (544, 'Indira', 2, null, 14);
-- insert into candidate (id, name, country_id, district_id, ward_id) values (545, 'Kaine', null, 4, 12);
-- insert into candidate (id, name, country_id, district_id, ward_id) values (546, 'Ardisj', null, 2, 6);
-- insert into candidate (id, name, country_id, district_id, ward_id) values (547, 'Haily', 1, 3, 8);
-- insert into candidate (id, name, country_id, district_id, ward_id) values (548, 'Caron', 2, 5, 14);
-- insert into candidate (id, name, country_id, district_id, ward_id) values (549, 'Skipper', 2, 4, 12);
-- insert into candidate (id, name, country_id, district_id, ward_id) values (550, 'Wilfred', 1, 3, 9);
-- insert into candidate (id, name, country_id, district_id, ward_id) values (551, 'Elvin', 2, 5, 14);
-- insert into candidate (id, name, country_id, district_id, ward_id) values (552, 'Amanda', 2, null, 14);
-- insert into candidate (id, name, country_id, district_id, ward_id) values (553, 'Sanson', null, 6, 16);
-- insert into candidate (id, name, country_id, district_id, ward_id) values (554, 'Josepha', null, 2, 5);
-- insert into candidate (id, name, country_id, district_id, ward_id) values (555, 'Troy', 2, null, 12);
-- insert into candidate (id, name, country_id, district_id, ward_id) values (556, 'Dav', null, 1, null);
-- insert into candidate (id, name, country_id, district_id, ward_id) values (557, 'Lesley', 1, 2, null);
-- insert into candidate (id, name, country_id, district_id, ward_id) values (558, 'Fran', 2, 6, null);
-- insert into candidate (id, name, country_id, district_id, ward_id) values (559, 'Elwira', 1, 2, 4);
-- insert into candidate (id, name, country_id, district_id, ward_id) values (560, 'Iain', 1, 3, 9);
-- insert into candidate (id, name, country_id, district_id, ward_id) values (561, 'Kristien', 1, null, 5);
-- insert into candidate (id, name, country_id, district_id, ward_id) values (562, 'Jemie', null, 4, 11);
-- insert into candidate (id, name, country_id, district_id, ward_id) values (563, 'Rolando', null, null, 18);
-- insert into candidate (id, name, country_id, district_id, ward_id) values (564, 'Tanya', 2, 4, 11);
-- insert into candidate (id, name, country_id, district_id, ward_id) values (565, 'Tris', null, null, 4);
-- insert into candidate (id, name, country_id, district_id, ward_id) values (566, 'Nolana', 2, 5, null);
-- insert into candidate (id, name, country_id, district_id, ward_id) values (567, 'Symon', 1, 1, null);
-- insert into candidate (id, name, country_id, district_id, ward_id) values (568, 'Karilynn', 2, null, null);
-- insert into candidate (id, name, country_id, district_id, ward_id) values (569, 'Rhody', null, 4, null);
-- insert into candidate (id, name, country_id, district_id, ward_id) values (570, 'Lin', null, 1, 2);
-- insert into candidate (id, name, country_id, district_id, ward_id) values (571, 'Kaylyn', null, 2, 5);
-- insert into candidate (id, name, country_id, district_id, ward_id) values (572, 'Erroll', 2, 6, null);
-- insert into candidate (id, name, country_id, district_id, ward_id) values (573, 'Rina', 2, null, 12);
-- insert into candidate (id, name, country_id, district_id, ward_id) values (574, 'Yardley', 2, 5, 13);
-- insert into candidate (id, name, country_id, district_id, ward_id) values (575, 'Collete', 2, null, null);
-- insert into candidate (id, name, country_id, district_id, ward_id) values (576, 'Ives', 1, 3, null);
-- insert into candidate (id, name, country_id, district_id, ward_id) values (577, 'Almire', null, 1, null);
-- insert into candidate (id, name, country_id, district_id, ward_id) values (578, 'Morie', 2, 5, 13);
-- insert into candidate (id, name, country_id, district_id, ward_id) values (579, 'Jolene', 1, 1, null);
-- insert into candidate (id, name, country_id, district_id, ward_id) values (580, 'Felipa', 1, 3, 7);
-- insert into candidate (id, name, country_id, district_id, ward_id) values (581, 'Joshia', null, 1, null);
-- insert into candidate (id, name, country_id, district_id, ward_id) values (582, 'Clarissa', 2, 6, 17);
-- insert into candidate (id, name, country_id, district_id, ward_id) values (583, 'Alysa', 2, 5, null);
-- insert into candidate (id, name, country_id, district_id, ward_id) values (584, 'Ardath', 1, null, 7);
-- insert into candidate (id, name, country_id, district_id, ward_id) values (585, 'Corrie', null, null, 3);
-- insert into candidate (id, name, country_id, district_id, ward_id) values (586, 'Deana', 2, null, 11);
-- insert into candidate (id, name, country_id, district_id, ward_id) values (587, 'Lesly', null, 3, 9);
-- insert into candidate (id, name, country_id, district_id, ward_id) values (588, 'Millisent', null, 4, null);
-- insert into candidate (id, name, country_id, district_id, ward_id) values (589, 'Cyrille', 2, 5, 13);
-- insert into candidate (id, name, country_id, district_id, ward_id) values (590, 'Amberly', 2, null, null);
-- insert into candidate (id, name, country_id, district_id, ward_id) values (591, 'Austine', 1, 1, null);
-- insert into candidate (id, name, country_id, district_id, ward_id) values (592, 'Jewell', 1, null, 5);
-- insert into candidate (id, name, country_id, district_id, ward_id) values (593, 'Louisa', 2, 6, 16);
-- insert into candidate (id, name, country_id, district_id, ward_id) values (594, 'Christophe', 1, 2, 5);
-- insert into candidate (id, name, country_id, district_id, ward_id) values (595, 'Felicdad', 2, null, null);
-- insert into candidate (id, name, country_id, district_id, ward_id) values (596, 'Zilvia', 1, 3, null);
-- insert into candidate (id, name, country_id, district_id, ward_id) values (597, 'Alaster', 2, 4, 12);
-- insert into candidate (id, name, country_id, district_id, ward_id) values (598, 'Brinna', 1, 2, null);
-- insert into candidate (id, name, country_id, district_id, ward_id) values (599, 'Andrey', 2, 6, 16);
-- insert into candidate (id, name, country_id, district_id, ward_id) values (600, 'Jenny', 2, null, 16);
-- insert into candidate (id, name, country_id, district_id, ward_id) values (601, 'Allyn', 1, 3, null);
-- insert into candidate (id, name, country_id, district_id, ward_id) values (602, 'Aleda', 2, 6, 17);
-- insert into candidate (id, name, country_id, district_id, ward_id) values (603, 'Carolann', 2, null, 12);
-- insert into candidate (id, name, country_id, district_id, ward_id) values (604, 'Blakeley', 2, 5, 13);
-- insert into candidate (id, name, country_id, district_id, ward_id) values (605, 'Kellen', null, 6, null);
-- insert into candidate (id, name, country_id, district_id, ward_id) values (606, 'Benoite', 2, 4, null);
-- insert into candidate (id, name, country_id, district_id, ward_id) values (607, 'Shane', 1, 3, 8);
-- insert into candidate (id, name, country_id, district_id, ward_id) values (608, 'Murial', 1, null, 6);
-- insert into candidate (id, name, country_id, district_id, ward_id) values (609, 'Monique', 2, null, null);
-- insert into candidate (id, name, country_id, district_id, ward_id) values (610, 'Martin', 2, null, null);
-- insert into candidate (id, name, country_id, district_id, ward_id) values (611, 'Ginnifer', 2, 6, 16);
-- insert into candidate (id, name, country_id, district_id, ward_id) values (612, 'Lemar', 2, 6, 16);
-- insert into candidate (id, name, country_id, district_id, ward_id) values (613, 'Jeff', 1, null, 7);
-- insert into candidate (id, name, country_id, district_id, ward_id) values (614, 'Ignacio', 2, null, null);
-- insert into candidate (id, name, country_id, district_id, ward_id) values (615, 'Massimo', 1, 3, null);
-- insert into candidate (id, name, country_id, district_id, ward_id) values (616, 'Lew', 2, 6, 17);
-- insert into candidate (id, name, country_id, district_id, ward_id) values (617, 'Perry', 2, 6, null);
-- insert into candidate (id, name, country_id, district_id, ward_id) values (618, 'Vaughan', null, 2, 5);
-- insert into candidate (id, name, country_id, district_id, ward_id) values (619, 'Mark', 1, null, 9);
-- insert into candidate (id, name, country_id, district_id, ward_id) values (620, 'Jo-anne', null, 5, 13);
-- insert into candidate (id, name, country_id, district_id, ward_id) values (621, 'Darice', 1, null, 2);
-- insert into candidate (id, name, country_id, district_id, ward_id) values (622, 'Ann-marie', null, 3, null);
-- insert into candidate (id, name, country_id, district_id, ward_id) values (623, 'Misty', 1, null, 4);
-- insert into candidate (id, name, country_id, district_id, ward_id) values (624, 'Cymbre', null, 1, 2);
-- insert into candidate (id, name, country_id, district_id, ward_id) values (625, 'Montgomery', 1, 3, 7);
-- insert into candidate (id, name, country_id, district_id, ward_id) values (626, 'Nealon', null, 5, 15);
-- insert into candidate (id, name, country_id, district_id, ward_id) values (627, 'Zorine', null, 2, null);
-- insert into candidate (id, name, country_id, district_id, ward_id) values (628, 'Cate', 2, 4, 12);
-- insert into candidate (id, name, country_id, district_id, ward_id) values (629, 'Pooh', null, null, 15);
-- insert into candidate (id, name, country_id, district_id, ward_id) values (630, 'Tiler', 2, null, 13);
-- insert into candidate (id, name, country_id, district_id, ward_id) values (631, 'Benedikt', 1, 2, 4);
-- insert into candidate (id, name, country_id, district_id, ward_id) values (632, 'Lissy', 2, 5, null);
-- insert into candidate (id, name, country_id, district_id, ward_id) values (633, 'Sheffie', 1, 2, 6);
-- insert into candidate (id, name, country_id, district_id, ward_id) values (634, 'Zena', null, null, 6);
-- insert into candidate (id, name, country_id, district_id, ward_id) values (635, 'Phoebe', 1, null, null);
-- insert into candidate (id, name, country_id, district_id, ward_id) values (636, 'Lannie', 1, null, 5);
-- insert into candidate (id, name, country_id, district_id, ward_id) values (637, 'Estevan', null, null, 14);
-- insert into candidate (id, name, country_id, district_id, ward_id) values (638, 'Nana', 2, 5, 13);
-- insert into candidate (id, name, country_id, district_id, ward_id) values (639, 'Dari', null, 1, 2);
-- insert into candidate (id, name, country_id, district_id, ward_id) values (640, 'Sarine', 1, 2, 4);
-- insert into candidate (id, name, country_id, district_id, ward_id) values (641, 'Halie', 2, null, null);
-- insert into candidate (id, name, country_id, district_id, ward_id) values (642, 'Elvera', 2, null, null);
-- insert into candidate (id, name, country_id, district_id, ward_id) values (643, 'Lorrie', 2, 4, 11);
-- insert into candidate (id, name, country_id, district_id, ward_id) values (644, 'Walliw', null, 3, null);
-- insert into candidate (id, name, country_id, district_id, ward_id) values (645, 'Chip', null, 4, null);
-- insert into candidate (id, name, country_id, district_id, ward_id) values (646, 'Maurits', 2, null, null);
-- insert into candidate (id, name, country_id, district_id, ward_id) values (647, 'Una', 1, null, 1);
-- insert into candidate (id, name, country_id, district_id, ward_id) values (648, 'Davon', 2, 5, 15);
-- insert into candidate (id, name, country_id, district_id, ward_id) values (649, 'Constance', null, 6, 17);
-- insert into candidate (id, name, country_id, district_id, ward_id) values (650, 'Yettie', 1, 1, 1);
-- insert into candidate (id, name, country_id, district_id, ward_id) values (651, 'Pierette', null, 6, 17);
-- insert into candidate (id, name, country_id, district_id, ward_id) values (652, 'Edy', 1, 1, 3);
-- insert into candidate (id, name, country_id, district_id, ward_id) values (653, 'Xavier', null, null, 12);
-- insert into candidate (id, name, country_id, district_id, ward_id) values (654, 'Titos', 1, null, null);
-- insert into candidate (id, name, country_id, district_id, ward_id) values (655, 'Chiquia', null, 1, 2);
-- insert into candidate (id, name, country_id, district_id, ward_id) values (656, 'Mile', 1, null, 4);
-- insert into candidate (id, name, country_id, district_id, ward_id) values (657, 'Gypsy', 1, null, 1);
-- insert into candidate (id, name, country_id, district_id, ward_id) values (658, 'Nisse', 2, 6, null);
-- insert into candidate (id, name, country_id, district_id, ward_id) values (659, 'Tristan', 2, 4, null);
-- insert into candidate (id, name, country_id, district_id, ward_id) values (660, 'Lilla', 2, 5, 15);
-- insert into candidate (id, name, country_id, district_id, ward_id) values (661, 'Wynne', 2, 5, null);
-- insert into candidate (id, name, country_id, district_id, ward_id) values (662, 'Abbye', 1, 1, 3);
-- insert into candidate (id, name, country_id, district_id, ward_id) values (663, 'Amby', 1, null, 9);
-- insert into candidate (id, name, country_id, district_id, ward_id) values (664, 'Geralda', null, 4, 10);
-- insert into candidate (id, name, country_id, district_id, ward_id) values (665, 'Gwenni', 2, null, 17);
-- insert into candidate (id, name, country_id, district_id, ward_id) values (666, 'Elias', 2, null, 10);
-- insert into candidate (id, name, country_id, district_id, ward_id) values (667, 'Berny', 1, null, 7);
-- insert into candidate (id, name, country_id, district_id, ward_id) values (668, 'Chelsae', 2, 6, 18);
-- insert into candidate (id, name, country_id, district_id, ward_id) values (669, 'Alfonse', 2, null, null);
-- insert into candidate (id, name, country_id, district_id, ward_id) values (670, 'Lockwood', null, 6, 18);
-- insert into candidate (id, name, country_id, district_id, ward_id) values (671, 'Joete', 1, null, null);
-- insert into candidate (id, name, country_id, district_id, ward_id) values (672, 'Kip', 2, null, null);
-- insert into candidate (id, name, country_id, district_id, ward_id) values (673, 'Aurilia', 1, 1, 3);
-- insert into candidate (id, name, country_id, district_id, ward_id) values (674, 'Odelia', 1, 1, 3);
-- insert into candidate (id, name, country_id, district_id, ward_id) values (675, 'Raye', null, null, 18);
-- insert into candidate (id, name, country_id, district_id, ward_id) values (676, 'Maure', 2, 4, null);
-- insert into candidate (id, name, country_id, district_id, ward_id) values (677, 'Jethro', null, 1, 3);
-- insert into candidate (id, name, country_id, district_id, ward_id) values (678, 'Westleigh', null, 5, null);
-- insert into candidate (id, name, country_id, district_id, ward_id) values (679, 'Robyn', null, 4, 12);
-- insert into candidate (id, name, country_id, district_id, ward_id) values (680, 'Teresina', 2, null, null);
-- insert into candidate (id, name, country_id, district_id, ward_id) values (681, 'Bianca', null, null, 3);
-- insert into candidate (id, name, country_id, district_id, ward_id) values (682, 'Eddy', 1, 2, null);
-- insert into candidate (id, name, country_id, district_id, ward_id) values (683, 'Malissa', 1, 3, 8);
-- insert into candidate (id, name, country_id, district_id, ward_id) values (684, 'Gert', 2, null, 11);
-- insert into candidate (id, name, country_id, district_id, ward_id) values (685, 'Evyn', 2, null, null);
-- insert into candidate (id, name, country_id, district_id, ward_id) values (686, 'Galina', 2, 6, 17);
-- insert into candidate (id, name, country_id, district_id, ward_id) values (687, 'Layne', null, 5, null);
-- insert into candidate (id, name, country_id, district_id, ward_id) values (688, 'Jaquelin', 1, 1, null);
-- insert into candidate (id, name, country_id, district_id, ward_id) values (689, 'Ardene', 1, null, null);
-- insert into candidate (id, name, country_id, district_id, ward_id) values (690, 'Glynda', null, 2, 6);
-- insert into candidate (id, name, country_id, district_id, ward_id) values (691, 'Bertie', 2, 4, null);
-- insert into candidate (id, name, country_id, district_id, ward_id) values (692, 'Crichton', 2, 5, 13);
-- insert into candidate (id, name, country_id, district_id, ward_id) values (693, 'Osgood', 1, null, 3);
-- insert into candidate (id, name, country_id, district_id, ward_id) values (694, 'Gary', null, 3, 8);
-- insert into candidate (id, name, country_id, district_id, ward_id) values (695, 'Margy', null, 6, null);
-- insert into candidate (id, name, country_id, district_id, ward_id) values (696, 'Virge', null, 5, null);
-- insert into candidate (id, name, country_id, district_id, ward_id) values (698, 'Kaleena', 1, 3, null);
-- insert into candidate (id, name, country_id, district_id, ward_id) values (699, 'Claudine', 2, null, null);
-- insert into candidate (id, name, country_id, district_id, ward_id) values (700, 'Catharine', null, 4, 11);
-- insert into candidate (id, name, country_id, district_id, ward_id) values (701, 'Marys', 2, null, 15);
-- insert into candidate (id, name, country_id, district_id, ward_id) values (702, 'Skylar', null, 1, null);
-- insert into candidate (id, name, country_id, district_id, ward_id) values (703, 'Blake', 2, null, 10);
-- insert into candidate (id, name, country_id, district_id, ward_id) values (704, 'Malia', null, 4, null);
-- insert into candidate (id, name, country_id, district_id, ward_id) values (705, 'Modesta', 2, null, 12);
-- insert into candidate (id, name, country_id, district_id, ward_id) values (706, 'Cammy', 1, null, null);
-- insert into candidate (id, name, country_id, district_id, ward_id) values (707, 'Florentia', null, 2, 6);
-- insert into candidate (id, name, country_id, district_id, ward_id) values (708, 'Erwin', 1, null, 7);
-- insert into candidate (id, name, country_id, district_id, ward_id) values (709, 'Dyanna', null, 4, 11);
-- insert into candidate (id, name, country_id, district_id, ward_id) values (710, 'Tana', null, 6, 18);
-- insert into candidate (id, name, country_id, district_id, ward_id) values (711, 'Coletta', 2, null, null);
-- insert into candidate (id, name, country_id, district_id, ward_id) values (712, 'Eugen', 2, 6, 17);
-- insert into candidate (id, name, country_id, district_id, ward_id) values (713, 'Kerwin', null, 1, 2);
-- insert into candidate (id, name, country_id, district_id, ward_id) values (714, 'Sergio', 1, 1, 2);
-- insert into candidate (id, name, country_id, district_id, ward_id) values (715, 'Birch', 1, 1, 1);
-- insert into candidate (id, name, country_id, district_id, ward_id) values (716, 'Chaim', 1, 3, null);
-- insert into candidate (id, name, country_id, district_id, ward_id) values (717, 'Twila', 1, 1, null);
-- insert into candidate (id, name, country_id, district_id, ward_id) values (718, 'Matteo', null, null, 18);
-- insert into candidate (id, name, country_id, district_id, ward_id) values (720, 'Abram', 2, 5, 14);
-- insert into candidate (id, name, country_id, district_id, ward_id) values (721, 'Melisa', null, 5, null);
-- insert into candidate (id, name, country_id, district_id, ward_id) values (722, 'Reg', 1, 3, null);
-- insert into candidate (id, name, country_id, district_id, ward_id) values (723, 'Micah', null, 5, 14);
-- insert into candidate (id, name, country_id, district_id, ward_id) values (725, 'Terza', 2, 4, 10);
-- insert into candidate (id, name, country_id, district_id, ward_id) values (726, 'Lavena', 1, 1, 1);
-- insert into candidate (id, name, country_id, district_id, ward_id) values (727, 'Giuditta', 1, 2, null);
-- insert into candidate (id, name, country_id, district_id, ward_id) values (728, 'Nonie', null, 4, 10);
-- insert into candidate (id, name, country_id, district_id, ward_id) values (729, 'Marcelline', null, 3, null);
-- insert into candidate (id, name, country_id, district_id, ward_id) values (730, 'Sharona', null, 6, null);
-- insert into candidate (id, name, country_id, district_id, ward_id) values (731, 'Benjamen', 1, null, null);
-- insert into candidate (id, name, country_id, district_id, ward_id) values (732, 'Jerrome', 1, 2, 5);
-- insert into candidate (id, name, country_id, district_id, ward_id) values (733, 'Dosi', 2, 6, 17);
-- insert into candidate (id, name, country_id, district_id, ward_id) values (734, 'Rosy', null, null, 3);
-- insert into candidate (id, name, country_id, district_id, ward_id) values (735, 'Karalynn', 2, 5, 14);
-- insert into candidate (id, name, country_id, district_id, ward_id) values (736, 'Clare', 2, 4, null);
-- insert into candidate (id, name, country_id, district_id, ward_id) values (737, 'Damita', null, 3, 8);
-- insert into candidate (id, name, country_id, district_id, ward_id) values (738, 'Loralyn', null, 1, 2);
-- insert into candidate (id, name, country_id, district_id, ward_id) values (739, 'Jacynth', 2, null, 11);
-- insert into candidate (id, name, country_id, district_id, ward_id) values (740, 'Flem', 1, 3, null);
-- insert into candidate (id, name, country_id, district_id, ward_id) values (741, 'Ivan', 2, null, null);
-- insert into candidate (id, name, country_id, district_id, ward_id) values (742, 'Farrand', null, null, 18);
-- insert into candidate (id, name, country_id, district_id, ward_id) values (743, 'Nappy', null, 5, 13);
-- insert into candidate (id, name, country_id, district_id, ward_id) values (744, 'Caitlin', 1, null, 9);
-- insert into candidate (id, name, country_id, district_id, ward_id) values (745, 'Chaim', null, 4, 12);
-- insert into candidate (id, name, country_id, district_id, ward_id) values (746, 'Torrin', 1, null, null);
-- insert into candidate (id, name, country_id, district_id, ward_id) values (747, 'Ruperto', 1, 3, 7);
-- insert into candidate (id, name, country_id, district_id, ward_id) values (748, 'Berkeley', 2, null, 16);
-- insert into candidate (id, name, country_id, district_id, ward_id) values (749, 'Darcee', null, 2, 5);
-- insert into candidate (id, name, country_id, district_id, ward_id) values (750, 'Gilly', 1, null, null);
-- insert into candidate (id, name, country_id, district_id, ward_id) values (751, 'Jarrett', null, 3, 8);
-- insert into candidate (id, name, country_id, district_id, ward_id) values (752, 'Bud', 1, 1, 1);
-- insert into candidate (id, name, country_id, district_id, ward_id) values (753, 'Emmalyn', 1, 1, 3);
-- insert into candidate (id, name, country_id, district_id, ward_id) values (754, 'Dean', 1, 3, 9);
-- insert into candidate (id, name, country_id, district_id, ward_id) values (755, 'Bard', 1, 1, 3);
-- insert into candidate (id, name, country_id, district_id, ward_id) values (756, 'Man', 2, 6, null);
-- insert into candidate (id, name, country_id, district_id, ward_id) values (757, 'Ric', 2, null, 12);
-- insert into candidate (id, name, country_id, district_id, ward_id) values (758, 'Goldarina', 1, 1, 1);
-- insert into candidate (id, name, country_id, district_id, ward_id) values (759, 'Marci', 2, 5, 13);
-- insert into candidate (id, name, country_id, district_id, ward_id) values (760, 'Camila', 2, 5, 14);
-- insert into candidate (id, name, country_id, district_id, ward_id) values (761, 'Lisbeth', null, 3, 7);
-- insert into candidate (id, name, country_id, district_id, ward_id) values (762, 'Ardella', 2, null, 13);
-- insert into candidate (id, name, country_id, district_id, ward_id) values (763, 'Cord', 1, null, 1);
-- insert into candidate (id, name, country_id, district_id, ward_id) values (764, 'Karrie', null, 5, 15);
-- insert into candidate (id, name, country_id, district_id, ward_id) values (765, 'Alexis', 1, null, 8);
-- insert into candidate (id, name, country_id, district_id, ward_id) values (766, 'Ettore', 1, null, null);
-- insert into candidate (id, name, country_id, district_id, ward_id) values (767, 'Adeline', 1, 2, null);
-- insert into candidate (id, name, country_id, district_id, ward_id) values (768, 'Dina', 2, 5, 14);
-- insert into candidate (id, name, country_id, district_id, ward_id) values (769, 'Windy', 1, 1, null);
-- insert into candidate (id, name, country_id, district_id, ward_id) values (770, 'Bren', 1, null, 7);
-- insert into candidate (id, name, country_id, district_id, ward_id) values (771, 'Caryn', 1, 2, 5);
-- insert into candidate (id, name, country_id, district_id, ward_id) values (772, 'Micheal', 2, 5, null);
-- insert into candidate (id, name, country_id, district_id, ward_id) values (773, 'Madelene', 1, 3, 8);
-- insert into candidate (id, name, country_id, district_id, ward_id) values (774, 'Chauncey', null, 2, 6);
-- insert into candidate (id, name, country_id, district_id, ward_id) values (775, 'Kassia', null, null, 13);
-- insert into candidate (id, name, country_id, district_id, ward_id) values (776, 'Karyl', 2, 6, null);
-- insert into candidate (id, name, country_id, district_id, ward_id) values (777, 'Maureen', 1, 1, 2);
-- insert into candidate (id, name, country_id, district_id, ward_id) values (779, 'Arturo', 1, 1, 3);
-- insert into candidate (id, name, country_id, district_id, ward_id) values (780, 'Correy', null, 2, null);
-- insert into candidate (id, name, country_id, district_id, ward_id) values (782, 'Cornie', 2, 4, 12);
-- insert into candidate (id, name, country_id, district_id, ward_id) values (783, 'Culley', 1, null, 1);
-- insert into candidate (id, name, country_id, district_id, ward_id) values (784, 'Mace', 2, 5, null);
-- insert into candidate (id, name, country_id, district_id, ward_id) values (785, 'Georgine', 2, 6, 16);
-- insert into candidate (id, name, country_id, district_id, ward_id) values (786, 'Madonna', 1, 1, 2);
-- insert into candidate (id, name, country_id, district_id, ward_id) values (787, 'Colas', 1, 1, 1);
-- insert into candidate (id, name, country_id, district_id, ward_id) values (788, 'Buckie', 1, 3, null);
-- insert into candidate (id, name, country_id, district_id, ward_id) values (789, 'Marita', 1, 2, 4);
-- insert into candidate (id, name, country_id, district_id, ward_id) values (790, 'Duffy', 2, null, 18);
-- insert into candidate (id, name, country_id, district_id, ward_id) values (791, 'Frazer', null, 2, 6);
-- insert into candidate (id, name, country_id, district_id, ward_id) values (792, 'Glynnis', 1, 2, null);
-- insert into candidate (id, name, country_id, district_id, ward_id) values (793, 'Danielle', 1, null, 8);
-- insert into candidate (id, name, country_id, district_id, ward_id) values (794, 'Shermie', 1, 2, null);
-- insert into candidate (id, name, country_id, district_id, ward_id) values (795, 'Michelina', 2, 6, 18);
-- insert into candidate (id, name, country_id, district_id, ward_id) values (796, 'Brewster', null, 4, 11);
-- insert into candidate (id, name, country_id, district_id, ward_id) values (797, 'Maurizio', 2, 5, 13);
-- insert into candidate (id, name, country_id, district_id, ward_id) values (798, 'Ettie', 1, null, 4);
-- insert into candidate (id, name, country_id, district_id, ward_id) values (799, 'Scotty', null, null, 14);
-- insert into candidate (id, name, country_id, district_id, ward_id) values (803, 'Clim', 1, 3, null);
-- insert into candidate (id, name, country_id, district_id, ward_id) values (804, 'Phillipe', 2, null, 13);
-- insert into candidate (id, name, country_id, district_id, ward_id) values (805, 'Travis', 2, null, 16);
-- insert into candidate (id, name, country_id, district_id, ward_id) values (806, 'Manya', null, null, 4);
-- insert into candidate (id, name, country_id, district_id, ward_id) values (807, 'Jacob', null, 3, null);
-- insert into candidate (id, name, country_id, district_id, ward_id) values (808, 'Myrtle', 2, 4, null);
-- insert into candidate (id, name, country_id, district_id, ward_id) values (809, 'Trixy', 1, 2, 5);
-- insert into candidate (id, name, country_id, district_id, ward_id) values (810, 'Xenos', 2, 5, null);
-- insert into candidate (id, name, country_id, district_id, ward_id) values (811, 'Marcile', 2, null, 15);
-- insert into candidate (id, name, country_id, district_id, ward_id) values (812, 'Shanon', null, 6, 18);
-- insert into candidate (id, name, country_id, district_id, ward_id) values (813, 'Patrice', null, 5, 14);
-- insert into candidate (id, name, country_id, district_id, ward_id) values (814, 'Ella', 1, null, 7);
-- insert into candidate (id, name, country_id, district_id, ward_id) values (815, 'Gennifer', 2, 5, null);
-- insert into candidate (id, name, country_id, district_id, ward_id) values (816, 'Barbi', null, 6, 16);
-- insert into candidate (id, name, country_id, district_id, ward_id) values (817, 'Gusta', 1, 1, 3);
-- insert into candidate (id, name, country_id, district_id, ward_id) values (818, 'Doug', null, null, 9);
-- insert into candidate (id, name, country_id, district_id, ward_id) values (819, 'Maryellen', 1, 1, 2);
-- insert into candidate (id, name, country_id, district_id, ward_id) values (820, 'Jobi', 2, 4, 11);
-- insert into candidate (id, name, country_id, district_id, ward_id) values (821, 'Lissy', null, 4, 11);
-- insert into candidate (id, name, country_id, district_id, ward_id) values (822, 'Siouxie', 2, null, null);
-- insert into candidate (id, name, country_id, district_id, ward_id) values (823, 'Indira', 1, null, 8);
-- insert into candidate (id, name, country_id, district_id, ward_id) values (824, 'Nanny', 1, null, 2);
-- insert into candidate (id, name, country_id, district_id, ward_id) values (825, 'Mychal', 2, null, null);
-- insert into candidate (id, name, country_id, district_id, ward_id) values (826, 'Arleen', null, 4, 10);
-- insert into candidate (id, name, country_id, district_id, ward_id) values (827, 'Tasia', 1, null, 1);
-- insert into candidate (id, name, country_id, district_id, ward_id) values (828, 'Pavlov', 1, 3, 7);
-- insert into candidate (id, name, country_id, district_id, ward_id) values (829, 'Paule', 2, 5, null);
-- insert into candidate (id, name, country_id, district_id, ward_id) values (830, 'Romona', 2, 6, 17);
-- insert into candidate (id, name, country_id, district_id, ward_id) values (831, 'Feodor', 1, 2, 6);
-- insert into candidate (id, name, country_id, district_id, ward_id) values (832, 'Tamqrah', 1, 2, 5);
-- insert into candidate (id, name, country_id, district_id, ward_id) values (833, 'Tiphani', null, 3, 9);
-- insert into candidate (id, name, country_id, district_id, ward_id) values (834, 'Zena', null, 1, 1);
-- insert into candidate (id, name, country_id, district_id, ward_id) values (835, 'Ryann', 2, 5, 14);
-- insert into candidate (id, name, country_id, district_id, ward_id) values (836, 'Prentiss', 1, 3, 9);
-- insert into candidate (id, name, country_id, district_id, ward_id) values (837, 'Moria', 1, 2, 4);
-- insert into candidate (id, name, country_id, district_id, ward_id) values (839, 'Rodrick', 2, 4, null);
-- insert into candidate (id, name, country_id, district_id, ward_id) values (840, 'Tymothy', null, null, 17);
-- insert into candidate (id, name, country_id, district_id, ward_id) values (841, 'Frayda', null, 1, 1);
-- insert into candidate (id, name, country_id, district_id, ward_id) values (842, 'Hendrick', 2, null, 12);
-- insert into candidate (id, name, country_id, district_id, ward_id) values (843, 'Abdul', 1, 2, null);
-- insert into candidate (id, name, country_id, district_id, ward_id) values (845, 'Ruthi', 2, 6, null);
-- insert into candidate (id, name, country_id, district_id, ward_id) values (846, 'Brad', 1, 2, null);
-- insert into candidate (id, name, country_id, district_id, ward_id) values (847, 'Zaneta', 1, null, null);
-- insert into candidate (id, name, country_id, district_id, ward_id) values (848, 'Audrey', 1, null, 5);
-- insert into candidate (id, name, country_id, district_id, ward_id) values (849, 'Bryanty', 1, null, null);
-- insert into candidate (id, name, country_id, district_id, ward_id) values (850, 'Chick', 2, null, 13);
-- insert into candidate (id, name, country_id, district_id, ward_id) values (851, 'Tull', 2, null, 13);
-- insert into candidate (id, name, country_id, district_id, ward_id) values (852, 'Tabina', 1, 3, null);
-- insert into candidate (id, name, country_id, district_id, ward_id) values (853, 'Shelden', 1, null, 2);
-- insert into candidate (id, name, country_id, district_id, ward_id) values (854, 'Trina', 1, 1, 2);
-- insert into candidate (id, name, country_id, district_id, ward_id) values (855, 'Emmery', 1, 1, null);
-- insert into candidate (id, name, country_id, district_id, ward_id) values (856, 'Melloney', 2, 6, 18);
-- insert into candidate (id, name, country_id, district_id, ward_id) values (857, 'Lian', null, 5, 14);
-- insert into candidate (id, name, country_id, district_id, ward_id) values (858, 'Susi', 2, 5, 14);
-- insert into candidate (id, name, country_id, district_id, ward_id) values (859, 'Rooney', 1, 2, null);
-- insert into candidate (id, name, country_id, district_id, ward_id) values (860, 'Vickie', 1, 1, null);
-- insert into candidate (id, name, country_id, district_id, ward_id) values (861, 'Ingmar', 1, 1, 3);
-- insert into candidate (id, name, country_id, district_id, ward_id) values (862, 'Wallis', 2, null, 15);
-- insert into candidate (id, name, country_id, district_id, ward_id) values (863, 'Madison', null, 5, null);
-- insert into candidate (id, name, country_id, district_id, ward_id) values (864, 'Shepard', null, null, 2);
-- insert into candidate (id, name, country_id, district_id, ward_id) values (865, 'Iggy', null, 1, 1);
-- insert into candidate (id, name, country_id, district_id, ward_id) values (866, 'Suzie', 1, 1, 2);
-- insert into candidate (id, name, country_id, district_id, ward_id) values (867, 'Ortensia', 2, 5, 13);
-- insert into candidate (id, name, country_id, district_id, ward_id) values (868, 'Trenna', 2, null, 11);
-- insert into candidate (id, name, country_id, district_id, ward_id) values (869, 'Ave', null, 6, 17);
-- insert into candidate (id, name, country_id, district_id, ward_id) values (870, 'Nyssa', 1, 1, null);
-- insert into candidate (id, name, country_id, district_id, ward_id) values (871, 'Bronny', 1, 1, 3);
-- insert into candidate (id, name, country_id, district_id, ward_id) values (872, 'Bamby', 1, 3, 9);
-- insert into candidate (id, name, country_id, district_id, ward_id) values (873, 'Vanna', 1, 1, 1);
-- insert into candidate (id, name, country_id, district_id, ward_id) values (874, 'Julita', null, null, 1);
-- insert into candidate (id, name, country_id, district_id, ward_id) values (875, 'Merrick', 1, null, 6);
-- insert into candidate (id, name, country_id, district_id, ward_id) values (877, 'Lisabeth', 1, null, 8);
-- insert into candidate (id, name, country_id, district_id, ward_id) values (878, 'Anjela', 2, 5, 13);
-- insert into candidate (id, name, country_id, district_id, ward_id) values (879, 'Richmond', null, 1, 1);
-- insert into candidate (id, name, country_id, district_id, ward_id) values (880, 'Dorice', null, 2, null);
-- insert into candidate (id, name, country_id, district_id, ward_id) values (881, 'Lizabeth', 2, 4, 11);
-- insert into candidate (id, name, country_id, district_id, ward_id) values (882, 'Domingo', 2, 4, 12);
-- insert into candidate (id, name, country_id, district_id, ward_id) values (883, 'Garrek', 1, null, 9);
-- insert into candidate (id, name, country_id, district_id, ward_id) values (884, 'Benedicto', 1, 2, null);
-- insert into candidate (id, name, country_id, district_id, ward_id) values (885, 'Ancell', null, 5, 15);
-- insert into candidate (id, name, country_id, district_id, ward_id) values (886, 'Marlene', 2, null, 10);
-- insert into candidate (id, name, country_id, district_id, ward_id) values (887, 'Madonna', null, 3, null);
-- insert into candidate (id, name, country_id, district_id, ward_id) values (888, 'Kym', 2, 4, null);
-- insert into candidate (id, name, country_id, district_id, ward_id) values (889, 'Iggy', null, 2, 6);
-- insert into candidate (id, name, country_id, district_id, ward_id) values (890, 'Jesselyn', null, null, 2);
-- insert into candidate (id, name, country_id, district_id, ward_id) values (891, 'Rosette', null, 2, null);
-- insert into candidate (id, name, country_id, district_id, ward_id) values (892, 'Marika', null, null, 16);
-- insert into candidate (id, name, country_id, district_id, ward_id) values (893, 'Lilly', 2, 6, 16);
-- insert into candidate (id, name, country_id, district_id, ward_id) values (894, 'Ted', null, 4, 12);
-- insert into candidate (id, name, country_id, district_id, ward_id) values (895, 'Dori', 1, 1, null);
-- insert into candidate (id, name, country_id, district_id, ward_id) values (896, 'Ferrell', 1, 2, null);
-- insert into candidate (id, name, country_id, district_id, ward_id) values (897, 'Wally', 1, null, 1);
-- insert into candidate (id, name, country_id, district_id, ward_id) values (898, 'Noreen', 1, 2, 6);
-- insert into candidate (id, name, country_id, district_id, ward_id) values (899, 'Armand', 2, 5, 14);
-- insert into candidate (id, name, country_id, district_id, ward_id) values (900, 'Fania', null, 5, 13);
-- insert into candidate (id, name, country_id, district_id, ward_id) values (901, 'Filberte', null, null, 3);
-- insert into candidate (id, name, country_id, district_id, ward_id) values (902, 'Melissa', 1, null, 7);
-- insert into candidate (id, name, country_id, district_id, ward_id) values (903, 'Timothy', 2, 4, 12);
-- insert into candidate (id, name, country_id, district_id, ward_id) values (904, 'Isa', 1, 2, null);
-- insert into candidate (id, name, country_id, district_id, ward_id) values (905, 'Blanche', 1, 2, null);
-- insert into candidate (id, name, country_id, district_id, ward_id) values (906, 'Reed', null, 3, null);
-- insert into candidate (id, name, country_id, district_id, ward_id) values (907, 'Rosalind', 2, null, 16);
-- insert into candidate (id, name, country_id, district_id, ward_id) values (908, 'Obadias', null, 4, null);
-- insert into candidate (id, name, country_id, district_id, ward_id) values (909, 'Adda', null, 1, 1);
-- insert into candidate (id, name, country_id, district_id, ward_id) values (910, 'Lib', 2, 4, 12);
-- insert into candidate (id, name, country_id, district_id, ward_id) values (911, 'Yoshi', null, 2, null);
-- insert into candidate (id, name, country_id, district_id, ward_id) values (912, 'Yvette', null, 4, null);
-- insert into candidate (id, name, country_id, district_id, ward_id) values (913, 'Maurene', 2, 5, null);
-- insert into candidate (id, name, country_id, district_id, ward_id) values (914, 'Benn', 1, null, 4);
-- insert into candidate (id, name, country_id, district_id, ward_id) values (915, 'Jock', 1, null, 3);
-- insert into candidate (id, name, country_id, district_id, ward_id) values (916, 'Merill', 1, 2, 6);
-- insert into candidate (id, name, country_id, district_id, ward_id) values (917, 'Marianna', null, 3, null);
-- insert into candidate (id, name, country_id, district_id, ward_id) values (918, 'Emilia', null, 5, null);
-- insert into candidate (id, name, country_id, district_id, ward_id) values (919, 'Maximilianus', null, 4, 10);
-- insert into candidate (id, name, country_id, district_id, ward_id) values (920, 'Marinna', 1, 1, 2);
-- insert into candidate (id, name, country_id, district_id, ward_id) values (921, 'Lucian', 1, null, null);
-- insert into candidate (id, name, country_id, district_id, ward_id) values (922, 'Gavrielle', 1, 2, 4);
-- insert into candidate (id, name, country_id, district_id, ward_id) values (923, 'Orazio', null, null, 4);
-- insert into candidate (id, name, country_id, district_id, ward_id) values (924, 'Elora', 2, 4, 11);
-- insert into candidate (id, name, country_id, district_id, ward_id) values (925, 'Bamby', 1, 1, 3);
-- insert into candidate (id, name, country_id, district_id, ward_id) values (926, 'Netty', 1, null, 5);
-- insert into candidate (id, name, country_id, district_id, ward_id) values (927, 'Gavan', 1, null, 4);
-- insert into candidate (id, name, country_id, district_id, ward_id) values (928, 'Renee', 1, 2, null);
-- insert into candidate (id, name, country_id, district_id, ward_id) values (929, 'Estelle', null, null, 9);
-- insert into candidate (id, name, country_id, district_id, ward_id) values (930, 'Knox', 1, null, null);
-- insert into candidate (id, name, country_id, district_id, ward_id) values (931, 'Lindy', 2, 6, 18);
-- insert into candidate (id, name, country_id, district_id, ward_id) values (932, 'Wolfgang', null, 2, 4);
-- insert into candidate (id, name, country_id, district_id, ward_id) values (933, 'Mareah', 2, null, 14);
-- insert into candidate (id, name, country_id, district_id, ward_id) values (934, 'Vinnie', null, null, 15);
-- insert into candidate (id, name, country_id, district_id, ward_id) values (935, 'Ax', 2, 6, null);
-- insert into candidate (id, name, country_id, district_id, ward_id) values (936, 'Tomasina', null, 6, null);
-- insert into candidate (id, name, country_id, district_id, ward_id) values (937, 'Flory', 2, 5, 14);
-- insert into candidate (id, name, country_id, district_id, ward_id) values (938, 'Lonnie', 1, null, 9);
-- insert into candidate (id, name, country_id, district_id, ward_id) values (939, 'Jamie', 1, 1, 1);
-- insert into candidate (id, name, country_id, district_id, ward_id) values (940, 'Brett', 1, 1, null);
-- insert into candidate (id, name, country_id, district_id, ward_id) values (941, 'Dev', null, 2, 6);
-- insert into candidate (id, name, country_id, district_id, ward_id) values (942, 'Dolores', null, 3, 9);
-- insert into candidate (id, name, country_id, district_id, ward_id) values (943, 'Kassie', 1, null, null);
-- insert into candidate (id, name, country_id, district_id, ward_id) values (944, 'Prince', 2, null, null);
-- insert into candidate (id, name, country_id, district_id, ward_id) values (945, 'Clement', null, 1, null);
-- insert into candidate (id, name, country_id, district_id, ward_id) values (946, 'Adan', 1, 3, 7);
-- insert into candidate (id, name, country_id, district_id, ward_id) values (947, 'Gwenneth', 2, 4, 12);
-- insert into candidate (id, name, country_id, district_id, ward_id) values (948, 'Renie', null, 4, 10);
-- insert into candidate (id, name, country_id, district_id, ward_id) values (949, 'Clarisse', 1, 3, 8);
-- insert into candidate (id, name, country_id, district_id, ward_id) values (950, 'Guglielma', null, 3, 9);
-- insert into candidate (id, name, country_id, district_id, ward_id) values (951, 'Anderson', 2, 5, null);
-- insert into candidate (id, name, country_id, district_id, ward_id) values (952, 'Reece', 2, 4, 11);
-- insert into candidate (id, name, country_id, district_id, ward_id) values (953, 'Chen', 2, null, null);
-- insert into candidate (id, name, country_id, district_id, ward_id) values (954, 'Debor', 2, 4, 12);
-- insert into candidate (id, name, country_id, district_id, ward_id) values (955, 'Klemens', 1, null, 8);
-- insert into candidate (id, name, country_id, district_id, ward_id) values (956, 'Lucio', 1, null, 3);
-- insert into candidate (id, name, country_id, district_id, ward_id) values (957, 'Crosby', 2, 6, 18);
-- insert into candidate (id, name, country_id, district_id, ward_id) values (959, 'Josee', 2, 4, null);
-- insert into candidate (id, name, country_id, district_id, ward_id) values (960, 'Ame', 2, 5, null);
-- insert into candidate (id, name, country_id, district_id, ward_id) values (961, 'Marji', null, 3, null);
-- insert into candidate (id, name, country_id, district_id, ward_id) values (962, 'Aeriel', null, 1, 1);
-- insert into candidate (id, name, country_id, district_id, ward_id) values (963, 'Fern', 2, 6, 18);
-- insert into candidate (id, name, country_id, district_id, ward_id) values (965, 'Lanie', 2, 5, 14);
-- insert into candidate (id, name, country_id, district_id, ward_id) values (966, 'Mal', null, 6, null);
-- insert into candidate (id, name, country_id, district_id, ward_id) values (967, 'Gaultiero', 2, null, 12);
-- insert into candidate (id, name, country_id, district_id, ward_id) values (968, 'Odilia', 1, null, null);
-- insert into candidate (id, name, country_id, district_id, ward_id) values (969, 'Constantina', null, 1, 3);
-- insert into candidate (id, name, country_id, district_id, ward_id) values (970, 'Maisie', 1, 1, 3);
-- insert into candidate (id, name, country_id, district_id, ward_id) values (971, 'Torin', 1, 2, 4);
-- insert into candidate (id, name, country_id, district_id, ward_id) values (972, 'Vivianne', null, 3, 8);
-- insert into candidate (id, name, country_id, district_id, ward_id) values (973, 'Avrit', null, null, 7);
-- insert into candidate (id, name, country_id, district_id, ward_id) values (974, 'Dyanne', 1, null, 8);
-- insert into candidate (id, name, country_id, district_id, ward_id) values (975, 'Korie', 2, 4, 10);
-- insert into candidate (id, name, country_id, district_id, ward_id) values (976, 'Blisse', 2, 5, null);
-- insert into candidate (id, name, country_id, district_id, ward_id) values (978, 'Leta', 1, null, null);
-- insert into candidate (id, name, country_id, district_id, ward_id) values (979, 'Marya', 1, 3, 7);
-- insert into candidate (id, name, country_id, district_id, ward_id) values (980, 'Ashil', null, 1, null);
-- insert into candidate (id, name, country_id, district_id, ward_id) values (981, 'Averil', 1, 3, 9);
-- insert into candidate (id, name, country_id, district_id, ward_id) values (983, 'Alejandrina', 1, 3, 7);
-- insert into candidate (id, name, country_id, district_id, ward_id) values (984, 'Si', 2, null, 15);
-- insert into candidate (id, name, country_id, district_id, ward_id) values (985, 'Iosep', 1, null, null);
-- insert into candidate (id, name, country_id, district_id, ward_id) values (986, 'Jackson', 1, 3, null);
-- insert into candidate (id, name, country_id, district_id, ward_id) values (987, 'Flemming', null, 3, null);
-- insert into candidate (id, name, country_id, district_id, ward_id) values (988, 'Rhody', 1, null, 7);
-- insert into candidate (id, name, country_id, district_id, ward_id) values (989, 'Saxe', null, 6, 18);
-- insert into candidate (id, name, country_id, district_id, ward_id) values (990, 'Hilarius', 2, 5, 13);
-- insert into candidate (id, name, country_id, district_id, ward_id) values (991, 'Norene', null, 5, 15);
-- insert into candidate (id, name, country_id, district_id, ward_id) values (993, 'Veronique', null, null, 6);
-- insert into candidate (id, name, country_id, district_id, ward_id) values (994, 'Gwendolyn', 2, 4, null);
-- insert into candidate (id, name, country_id, district_id, ward_id) values (995, 'Modestia', 2, 4, 11);
-- insert into candidate (id, name, country_id, district_id, ward_id) values (996, 'Bennett', 2, 6, 18);
-- insert into candidate (id, name, country_id, district_id, ward_id) values (997, 'Irena', null, 6, null);
-- insert into candidate (id, name, country_id, district_id, ward_id) values (998, 'Brien', 2, null, 12);
-- insert into candidate (id, name, country_id, district_id, ward_id) values (999, 'Cullan', null, 1, null);
-- insert into candidate (id, name, country_id, district_id, ward_id) values (1000, 'Flori', 1, null, null);
--
-- -- some polls may have less candidates than required
-- INSERT INTO poll (id,candidates_count,description,name,open_from,open_until,voting_mode,creator_id) VALUES (1,6,'enim. Etiam imperdiet dictum magna. Ut tincidunt','laoreet ipsum.','2020-11-19 05:40:26','2020-12-28 06:22:02','EXACTLY','1'),(2,7,'mollis lectus pede et risus. Quisque libero lacus,','eu, ligula.','2020-11-17 08:11:55','2020-12-08 22:03:39','AT_MOST','1'),(3,6,'arcu et pede. Nunc sed orci lobortis augue','enim','2020-11-09 09:19:36','2020-12-06 12:14:04','EXACTLY','1'),(4,6,'rutrum. Fusce dolor quam, elementum at,','vulputate, risus','2020-11-24 17:09:47','2020-12-12 11:56:03','EXACTLY','1'),(5,3,'semper egestas, urna justo faucibus lectus, a sollicitudin orci','at','2020-11-02 15:44:46','2020-12-20 04:21:48','EXACTLY','1'),(6,5,'Cum sociis natoque penatibus et','et','2020-11-06 13:54:08','2020-12-12 10:50:33','EXACTLY','1'),(7,6,'tincidunt orci quis lectus. Nullam','nisi nibh lacinia','2020-11-28 06:15:35','2020-12-01 08:28:12','EXACTLY','1'),(8,6,'magna. Phasellus dolor elit, pellentesque a, facilisis non, bibendum sed,','vel arcu','2020-11-01 19:01:49','2020-12-29 21:20:00','AT_MOST','1'),(9,3,'cursus et, magna. Praesent interdum ligula eu enim. Etiam','lacus. Aliquam rutrum','2020-11-06 10:18:53','2020-12-07 20:13:09','EXACTLY','1'),(10,2,'ornare lectus justo eu arcu. Morbi sit amet','dolor.','2020-11-12 17:14:19','2020-12-13 09:51:58','AT_MOST','1');
-- INSERT INTO poll (id,candidates_count,description,name,open_from,open_until,voting_mode,creator_id) VALUES (11,5,'luctus et ultrices posuere cubilia Curae; Donec tincidunt. Donec','lacus','2020-11-22 06:45:57','2020-12-27 03:57:50','AT_MOST','1'),(12,8,'Ut semper pretium neque. Morbi quis urna. Nunc quis','velit egestas lacinia.','2020-11-19 17:28:59','2020-12-08 04:18:48','EXACTLY','1'),(13,8,'eros. Proin ultrices. Duis volutpat','sociis natoque','2020-11-09 13:27:50','2020-12-15 03:36:54','AT_MOST','1'),(14,2,'sagittis placerat. Cras dictum ultricies ligula.','amet, consectetuer adipiscing','2020-11-13 10:35:20','2020-12-20 13:09:22','EXACTLY','1'),(15,6,'a, dui. Cras pellentesque. Sed dictum. Proin eget','tincidunt, nunc','2020-11-17 22:34:52','2020-12-22 02:58:01','AT_MOST','1'),(16,6,'vel est tempor bibendum. Donec felis','lobortis tellus','2020-11-01 09:00:56','2020-12-11 15:57:02','EXACTLY','1'),(17,4,'lectus. Nullam suscipit, est ac','risus. Nunc ac','2020-11-15 11:46:34','2020-12-14 11:54:28','AT_MOST','1'),(18,9,'tortor. Integer aliquam adipiscing lacus. Ut nec urna','Class aptent taciti','2020-11-22 02:09:16','2020-12-15 05:43:55','AT_MOST','1'),(19,4,'aliquam eros turpis non enim. Mauris quis','erat semper','2020-11-22 07:53:42','2020-12-27 14:25:04','AT_MOST','1'),(20,8,'Quisque ac libero nec ligula consectetuer','nec ligula consectetuer','2020-11-13 20:11:28','2020-12-16 05:57:37','AT_MOST','1');
-- INSERT INTO poll (id,candidates_count,description,name,open_from,open_until,voting_mode,creator_id) VALUES (21,6,'pede. Praesent eu dui. Cum sociis natoque penatibus','Donec nibh','2020-11-14 21:54:44','2020-12-02 10:56:28','EXACTLY','1'),(22,2,'nec urna et arcu imperdiet','convallis dolor. Quisque','2020-11-12 11:32:03','2020-12-26 20:23:41','EXACTLY','1'),(23,3,'nonummy ac, feugiat non, lobortis quis,','et, magna. Praesent','2020-11-01 20:08:15','2020-12-07 10:47:46','AT_MOST','1'),(24,8,'lorem eu metus. In lorem. Donec elementum,','quis','2020-11-09 21:59:56','2020-12-21 03:59:10','EXACTLY','1'),(25,3,'nibh sit amet orci. Ut sagittis lobortis','neque','2020-11-09 05:58:43','2020-12-22 14:44:41','AT_MOST','1'),(26,5,'mi tempor lorem, eget mollis lectus pede et','in','2020-11-11 00:58:19','2020-12-11 00:57:58','AT_MOST','1'),(27,2,'vestibulum. Mauris magna. Duis dignissim tempor arcu. Vestibulum ut eros','sem magna nec','2020-11-21 17:08:46','2020-12-02 07:05:08','AT_MOST','1'),(28,5,'at pede. Cras vulputate velit','sem molestie','2020-11-25 11:53:56','2020-12-22 19:01:40','AT_MOST','1'),(29,6,'Curae; Donec tincidunt. Donec vitae erat','arcu. Aliquam','2020-11-15 16:39:15','2020-12-20 12:51:38','EXACTLY','1'),(30,4,'Curabitur egestas nunc sed libero. Proin','auctor, velit','2020-11-21 08:24:59','2020-12-28 17:44:53','AT_MOST','1');
-- INSERT INTO poll (id,candidates_count,description,name,open_from,open_until,voting_mode,creator_id) VALUES (31,7,'ligula. Nullam feugiat placerat velit.','dolor egestas rhoncus.','2020-11-24 16:27:34','2020-12-13 05:59:50','AT_MOST','1'),(32,8,'Phasellus fermentum convallis ligula. Donec luctus aliquet odio. Etiam ligula','Etiam','2020-11-05 02:06:36','2020-12-08 03:42:29','AT_MOST','1'),(33,6,'amet, consectetuer adipiscing elit. Aliquam auctor,','molestie sodales.','2020-11-25 20:51:49','2020-12-09 23:48:07','EXACTLY','1'),(34,3,'leo elementum sem, vitae aliquam','id enim.','2020-11-06 16:33:21','2020-12-27 06:24:23','AT_MOST','1'),(35,7,'faucibus ut, nulla. Cras eu tellus eu augue porttitor','ut','2020-11-01 22:08:52','2020-12-31 14:30:15','EXACTLY','1'),(36,6,'erat. Sed nunc est, mollis non, cursus non,','Nullam suscipit, est','2020-11-20 15:24:08','2020-12-17 18:37:28','EXACTLY','1'),(37,8,'fermentum risus, at fringilla purus mauris a','Nullam enim.','2020-11-29 08:10:24','2020-12-26 14:06:59','EXACTLY','1'),(38,9,'nunc est, mollis non, cursus non, egestas a, dui.','vel, convallis in,','2020-11-16 10:15:06','2020-12-06 12:44:32','AT_MOST','1'),(39,3,'orci sem eget massa. Suspendisse eleifend. Cras','vitae,','2020-11-30 10:23:42','2020-12-06 15:06:14','EXACTLY','1'),(40,9,'urna et arcu imperdiet ullamcorper. Duis at lacus. Quisque purus','Sed','2020-11-23 02:35:30','2020-12-07 02:15:44','EXACTLY','1');
-- INSERT INTO poll (id,candidates_count,description,name,open_from,open_until,voting_mode,creator_id) VALUES (41,2,'natoque penatibus et magnis dis parturient','Quisque ac libero','2020-11-25 11:41:58','2020-12-25 15:09:41','EXACTLY','1'),(42,10,'fringilla cursus purus. Nullam scelerisque neque sed sem egestas blandit.','nascetur','2020-11-14 23:56:39','2020-12-11 02:02:27','AT_MOST','1'),(43,8,'sed pede. Cum sociis natoque penatibus et magnis','in','2020-11-04 04:38:49','2020-12-02 21:04:19','EXACTLY','1'),(44,3,'consequat, lectus sit amet luctus vulputate, nisi','Nulla','2020-11-20 10:52:59','2020-12-05 04:09:22','AT_MOST','1'),(45,9,'Phasellus ornare. Fusce mollis. Duis sit amet','eu','2020-11-12 21:05:54','2020-12-19 13:48:22','EXACTLY','1'),(46,6,'nonummy ac, feugiat non, lobortis','ac facilisis','2020-11-21 19:13:45','2020-12-05 11:32:18','AT_MOST','1'),(47,2,'mauris blandit mattis. Cras eget nisi dictum','in, hendrerit','2020-11-18 14:05:03','2020-12-06 04:12:00','EXACTLY','1'),(48,4,'ipsum. Suspendisse non leo. Vivamus nibh dolor, nonummy','nunc ac','2020-11-25 04:24:31','2020-12-06 15:47:18','AT_MOST','1'),(49,9,'et nunc. Quisque ornare tortor at risus. Nunc ac sem','ultrices, mauris','2020-11-17 01:37:59','2020-12-24 16:02:38','AT_MOST','1'),(50,7,'in, tempus eu, ligula. Aenean euismod mauris eu elit. Nulla','purus, accumsan interdum','2020-11-25 13:02:27','2020-12-28 04:33:07','EXACTLY','1');
-- INSERT INTO poll (id,candidates_count,description,name,open_from,open_until,voting_mode,creator_id) VALUES (51,9,'et magnis dis parturient montes,','augue id ante','2020-11-19 17:39:36','2020-12-31 23:06:32','AT_MOST','1'),(52,2,'ut erat. Sed nunc est, mollis non,','Suspendisse aliquet,','2020-11-03 07:46:12','2020-12-09 05:50:46','AT_MOST','1'),(53,4,'dictum cursus. Nunc mauris elit, dictum eu, eleifend','dolor dolor,','2020-11-21 12:57:54','2020-12-04 07:07:44','EXACTLY','1'),(54,9,'et malesuada fames ac turpis egestas. Aliquam fringilla cursus','iaculis enim,','2020-11-21 04:43:47','2020-12-23 04:54:17','AT_MOST','1'),(55,4,'amet ultricies sem magna nec','nec','2020-11-13 05:21:03','2020-12-09 05:51:34','EXACTLY','1'),(56,7,'per conubia nostra, per inceptos hymenaeos. Mauris','neque vitae semper','2020-11-26 14:09:25','2020-12-19 08:29:27','EXACTLY','1'),(57,6,'Phasellus libero mauris, aliquam eu, accumsan sed, facilisis vitae,','magna. Lorem','2020-11-27 19:11:21','2020-12-01 06:48:42','EXACTLY','1'),(58,4,'egestas. Sed pharetra, felis eget varius ultrices, mauris ipsum','aliquam arcu. Aliquam','2020-11-15 21:45:32','2020-12-16 00:56:02','AT_MOST','1'),(59,10,'ante, iaculis nec, eleifend non, dapibus rutrum, justo.','massa non ante','2020-11-14 06:42:46','2020-12-09 06:54:57','EXACTLY','1'),(60,6,'Duis a mi fringilla mi','Nunc','2020-11-20 02:03:35','2020-12-22 21:25:24','EXACTLY','1');
-- INSERT INTO poll (id,candidates_count,description,name,open_from,open_until,voting_mode,creator_id) VALUES (61,2,'non sapien molestie orci tincidunt adipiscing. Mauris molestie','Phasellus','2020-11-03 02:06:29','2020-12-09 08:23:34','EXACTLY','1'),(62,10,'gravida sit amet, dapibus id,','nascetur','2020-11-12 23:09:14','2020-12-07 00:29:59','AT_MOST','1'),(63,4,'Sed molestie. Sed id risus quis diam luctus lobortis. Class','penatibus','2020-11-28 17:56:09','2020-12-18 08:23:27','EXACTLY','1'),(64,8,'Phasellus at augue id ante dictum cursus. Nunc mauris','accumsan','2020-11-23 13:12:40','2020-12-05 03:32:29','AT_MOST','1'),(65,7,'eu turpis. Nulla aliquet. Proin velit. Sed malesuada augue','sollicitudin','2020-11-19 04:47:36','2020-12-13 13:10:01','AT_MOST','1'),(66,7,'Nunc pulvinar arcu et pede. Nunc','Suspendisse','2020-11-19 22:30:27','2020-12-26 07:07:06','EXACTLY','1'),(67,8,'lorem fringilla ornare placerat, orci lacus vestibulum lorem,','Cras','2020-11-05 21:53:16','2020-12-28 23:58:58','EXACTLY','1'),(68,7,'interdum. Nunc sollicitudin commodo ipsum. Suspendisse non leo.','sapien molestie orci','2020-11-17 20:13:46','2020-12-29 06:05:25','AT_MOST','1'),(69,8,'Sed auctor odio a purus. Duis elementum, dui','iaculis nec,','2020-11-03 15:49:34','2020-12-05 19:59:02','EXACTLY','1'),(70,8,'blandit at, nisi. Cum sociis natoque penatibus et magnis','lacus pede sagittis','2020-11-07 22:08:53','2020-12-22 22:18:32','EXACTLY','1');
-- INSERT INTO poll (id,candidates_count,description,name,open_from,open_until,voting_mode,creator_id) VALUES (71,6,'imperdiet non, vestibulum nec, euismod in, dolor. Fusce','Integer urna.','2020-11-10 21:02:20','2020-12-14 10:12:13','EXACTLY','1'),(72,8,'mauris, aliquam eu, accumsan sed,','ornare','2020-11-23 18:39:40','2020-12-29 04:26:59','EXACTLY','1'),(73,3,'pede sagittis augue, eu tempor','magna','2020-11-07 15:51:09','2020-12-29 05:05:53','EXACTLY','1'),(74,2,'penatibus et magnis dis parturient','id','2020-11-28 22:19:10','2020-12-14 05:13:46','EXACTLY','1'),(75,10,'Praesent eu nulla at sem molestie sodales. Mauris','accumsan','2020-11-08 01:42:11','2020-12-29 17:41:46','EXACTLY','1'),(76,9,'tellus. Nunc lectus pede, ultrices a,','metus sit amet','2020-11-26 20:53:26','2020-12-06 20:02:55','EXACTLY','1'),(77,8,'erat neque non quam. Pellentesque habitant morbi tristique senectus et','eget metus.','2020-11-21 17:55:20','2020-12-17 08:11:46','EXACTLY','1'),(78,4,'morbi tristique senectus et netus et','magnis dis parturient','2020-11-10 06:06:36','2020-12-22 00:36:08','AT_MOST','1'),(79,5,'tincidunt dui augue eu tellus. Phasellus elit','lectus ante','2020-11-16 02:30:52','2020-12-04 09:22:27','EXACTLY','1'),(80,8,'at sem molestie sodales. Mauris','per conubia','2020-11-28 23:23:36','2020-12-31 13:25:30','AT_MOST','1');
-- INSERT INTO poll (id,candidates_count,description,name,open_from,open_until,voting_mode,creator_id) VALUES (81,3,'augue. Sed molestie. Sed id risus quis diam luctus lobortis.','tristique','2020-11-16 22:41:16','2020-12-24 04:47:51','AT_MOST','1'),(82,3,'Fusce diam nunc, ullamcorper eu, euismod ac,','Curabitur sed tortor.','2020-11-17 18:42:30','2020-12-03 11:56:00','AT_MOST','1'),(83,10,'quam vel sapien imperdiet ornare. In','ultrices posuere','2020-11-10 04:49:02','2020-12-29 03:08:07','AT_MOST','1'),(84,7,'ornare sagittis felis. Donec tempor, est ac mattis','Quisque ac libero','2020-11-30 21:51:54','2020-12-03 06:34:30','EXACTLY','1'),(85,8,'Duis gravida. Praesent eu nulla at sem','semper tellus id','2020-11-02 21:30:22','2020-12-31 03:45:09','AT_MOST','1'),(86,6,'lorem semper auctor. Mauris vel turpis. Aliquam adipiscing lobortis','sapien.','2020-11-07 13:48:07','2020-12-31 10:43:46','AT_MOST','1'),(87,2,'convallis erat, eget tincidunt dui','Etiam vestibulum massa','2020-11-13 19:24:52','2020-12-14 16:32:12','AT_MOST','1'),(88,3,'auctor velit. Aliquam nisl. Nulla','vulputate, nisi sem','2020-11-12 00:06:25','2020-12-26 16:06:38','AT_MOST','1'),(89,2,'Quisque imperdiet, erat nonummy ultricies ornare, elit elit fermentum','augue','2020-11-16 05:26:28','2020-12-23 02:08:05','AT_MOST','1'),(90,6,'urna. Vivamus molestie dapibus ligula. Aliquam','felis','2020-11-05 19:31:15','2020-12-22 04:11:43','AT_MOST','1');
-- INSERT INTO poll (id,candidates_count,description,name,open_from,open_until,voting_mode,creator_id) VALUES (91,9,'magna. Sed eu eros. Nam consequat dolor vitae','orci. Ut semper','2020-11-28 13:51:05','2020-12-13 23:20:18','EXACTLY','1'),(92,6,'vel, convallis in, cursus et, eros. Proin ultrices.','lacinia.','2020-11-03 06:01:47','2020-12-03 04:34:26','AT_MOST','1'),(93,5,'tincidunt congue turpis. In condimentum. Donec at arcu. Vestibulum','Duis gravida.','2020-11-22 04:26:44','2020-12-02 14:15:41','AT_MOST','1'),(94,2,'ipsum dolor sit amet, consectetuer adipiscing elit. Aliquam auctor,','dapibus gravida.','2020-11-22 23:22:09','2020-12-04 00:07:44','EXACTLY','1'),(95,5,'non nisi. Aenean eget metus. In nec orci. Donec nibh.','pede','2020-11-16 09:18:08','2020-12-23 23:54:10','AT_MOST','1'),(96,10,'ut nisi a odio semper','dui,','2020-11-26 03:05:40','2020-12-18 14:51:15','EXACTLY','1'),(97,4,'Suspendisse dui. Fusce diam nunc,','ridiculus mus.','2020-11-18 21:20:42','2020-12-29 16:07:47','AT_MOST','1'),(98,2,'Nunc ac sem ut dolor dapibus gravida.','neque.','2020-11-13 10:19:34','2020-12-24 07:25:55','AT_MOST','1'),(99,6,'suscipit nonummy. Fusce fermentum fermentum arcu. Vestibulum ante ipsum primis','est. Mauris','2020-11-16 10:40:16','2020-12-17 18:43:08','EXACTLY','1'),(100,4,'erat, in consectetuer ipsum nunc id','feugiat.','2020-11-30 08:07:09','2020-12-19 11:27:25','AT_MOST','1');
--
-- INSERT INTO user_polls_created (user_id,polls_created_id) VALUES (1,1),(1,2),(1,3),(1,4),(1,5),(1,6),(1,7),(1,8),(1,9),(1,10);
-- INSERT INTO user_polls_created (user_id,polls_created_id) VALUES (1,11),(1,12),(1,13),(1,14),(1,15),(1,16),(1,17),(1,18),(1,19),(1,20);
-- INSERT INTO user_polls_created (user_id,polls_created_id) VALUES (1,21),(1,22),(1,23),(1,24),(1,25),(1,26),(1,27),(1,28),(1,29),(1,30);
-- INSERT INTO user_polls_created (user_id,polls_created_id) VALUES (1,31),(1,32),(1,33),(1,34),(1,35),(1,36),(1,37),(1,38),(1,39),(1,40);
-- INSERT INTO user_polls_created (user_id,polls_created_id) VALUES (1,41),(1,42),(1,43),(1,44),(1,45),(1,46),(1,47),(1,48),(1,49),(1,50);
-- INSERT INTO user_polls_created (user_id,polls_created_id) VALUES (1,51),(1,52),(1,53),(1,54),(1,55),(1,56),(1,57),(1,58),(1,59),(1,60);
-- INSERT INTO user_polls_created (user_id,polls_created_id) VALUES (1,61),(1,62),(1,63),(1,64),(1,65),(1,66),(1,67),(1,68),(1,69),(1,70);
-- INSERT INTO user_polls_created (user_id,polls_created_id) VALUES (1,71),(1,72),(1,73),(1,74),(1,75),(1,76),(1,77),(1,78),(1,79),(1,80);
-- INSERT INTO user_polls_created (user_id,polls_created_id) VALUES (1,81),(1,82),(1,83),(1,84),(1,85),(1,86),(1,87),(1,88),(1,89),(1,90);
-- INSERT INTO user_polls_created (user_id,polls_created_id) VALUES (1,91),(1,92),(1,93),(1,94),(1,95),(1,96),(1,97),(1,98),(1,99),(1,100);
--
-- insert into election (id, name) values (1, 'election 1');
--
-- insert into election_polls (election_id, polls_id) values (1, 1);
-- insert into election_polls (election_id, polls_id) values (1, 2);
--
-- update candidate set poll_id = 75 where id = 1;
-- update candidate set poll_id = 84 where id = 2;
-- update candidate set poll_id = 56 where id = 3;
-- update candidate set poll_id = 52 where id = 4;
-- update candidate set poll_id = 66 where id = 5;
-- update candidate set poll_id = 38 where id = 6;
-- update candidate set poll_id = 27 where id = 7;
-- update candidate set poll_id = 28 where id = 8;
-- update candidate set poll_id = 9 where id = 9;
-- update candidate set poll_id = 97 where id = 10;
-- update candidate set poll_id = 49 where id = 11;
-- update candidate set poll_id = 13 where id = 12;
-- update candidate set poll_id = 38 where id = 13;
-- update candidate set poll_id = 63 where id = 14;
-- update candidate set poll_id = 21 where id = 15;
-- update candidate set poll_id = 21 where id = 16;
-- update candidate set poll_id = 90 where id = 17;
-- update candidate set poll_id = 21 where id = 18;
-- update candidate set poll_id = 15 where id = 19;
-- update candidate set poll_id = 3 where id = 20;
-- update candidate set poll_id = 26 where id = 21;
-- update candidate set poll_id = 75 where id = 22;
-- update candidate set poll_id = 3 where id = 23;
-- update candidate set poll_id = 29 where id = 24;
-- update candidate set poll_id = 99 where id = 25;
-- update candidate set poll_id = 45 where id = 26;
-- update candidate set poll_id = 54 where id = 27;
-- update candidate set poll_id = 85 where id = 28;
-- update candidate set poll_id = 52 where id = 29;
-- update candidate set poll_id = 90 where id = 30;
-- update candidate set poll_id = 68 where id = 31;
-- update candidate set poll_id = 43 where id = 32;
-- update candidate set poll_id = 73 where id = 33;
-- update candidate set poll_id = 48 where id = 34;
-- update candidate set poll_id = 88 where id = 35;
-- update candidate set poll_id = 30 where id = 36;
-- update candidate set poll_id = 25 where id = 37;
-- update candidate set poll_id = 78 where id = 38;
-- update candidate set poll_id = 42 where id = 39;
-- update candidate set poll_id = 65 where id = 40;
-- update candidate set poll_id = 100 where id = 41;
-- update candidate set poll_id = 40 where id = 42;
-- update candidate set poll_id = 92 where id = 43;
-- update candidate set poll_id = 48 where id = 44;
-- update candidate set poll_id = 25 where id = 45;
-- update candidate set poll_id = 83 where id = 46;
-- update candidate set poll_id = 39 where id = 47;
-- update candidate set poll_id = 19 where id = 48;
-- update candidate set poll_id = 37 where id = 49;
-- update candidate set poll_id = 55 where id = 50;
-- update candidate set poll_id = 28 where id = 51;
-- update candidate set poll_id = 12 where id = 52;
-- update candidate set poll_id = 30 where id = 53;
-- update candidate set poll_id = 52 where id = 54;
-- update candidate set poll_id = 96 where id = 55;
-- update candidate set poll_id = 80 where id = 56;
-- update candidate set poll_id = 14 where id = 57;
-- update candidate set poll_id = 66 where id = 58;
-- update candidate set poll_id = 54 where id = 59;
-- update candidate set poll_id = 77 where id = 60;
-- update candidate set poll_id = 81 where id = 61;
-- update candidate set poll_id = 67 where id = 62;
-- update candidate set poll_id = 51 where id = 63;
-- update candidate set poll_id = 68 where id = 64;
-- update candidate set poll_id = 2 where id = 65;
-- update candidate set poll_id = 75 where id = 66;
-- update candidate set poll_id = 1 where id = 67;
-- update candidate set poll_id = 26 where id = 68;
-- update candidate set poll_id = 73 where id = 69;
-- update candidate set poll_id = 96 where id = 70;
-- update candidate set poll_id = 67 where id = 71;
-- update candidate set poll_id = 14 where id = 72;
-- update candidate set poll_id = 12 where id = 73;
-- update candidate set poll_id = 70 where id = 74;
-- update candidate set poll_id = 80 where id = 75;
-- update candidate set poll_id = 34 where id = 76;
-- update candidate set poll_id = 33 where id = 77;
-- update candidate set poll_id = 70 where id = 78;
-- update candidate set poll_id = 47 where id = 79;
-- update candidate set poll_id = 71 where id = 80;
-- update candidate set poll_id = 4 where id = 81;
-- update candidate set poll_id = 39 where id = 82;
-- update candidate set poll_id = 63 where id = 83;
-- update candidate set poll_id = 35 where id = 84;
-- update candidate set poll_id = 64 where id = 85;
-- update candidate set poll_id = 89 where id = 86;
-- update candidate set poll_id = 20 where id = 87;
-- update candidate set poll_id = 49 where id = 88;
-- update candidate set poll_id = 8 where id = 89;
-- update candidate set poll_id = 29 where id = 90;
-- update candidate set poll_id = 31 where id = 91;
-- update candidate set poll_id = 66 where id = 92;
-- update candidate set poll_id = 48 where id = 93;
-- update candidate set poll_id = 73 where id = 94;
-- update candidate set poll_id = 54 where id = 95;
-- update candidate set poll_id = 17 where id = 96;
-- update candidate set poll_id = 98 where id = 97;
-- update candidate set poll_id = 56 where id = 98;
-- update candidate set poll_id = 76 where id = 99;
-- update candidate set poll_id = 90 where id = 100;
-- update candidate set poll_id = 8 where id = 101;
-- update candidate set poll_id = 100 where id = 102;
-- update candidate set poll_id = 100 where id = 103;
-- update candidate set poll_id = 79 where id = 104;
-- update candidate set poll_id = 18 where id = 105;
-- update candidate set poll_id = 9 where id = 106;
-- update candidate set poll_id = 46 where id = 107;
-- update candidate set poll_id = 20 where id = 108;
-- update candidate set poll_id = 64 where id = 109;
-- update candidate set poll_id = 67 where id = 110;
-- update candidate set poll_id = 95 where id = 111;
-- update candidate set poll_id = 38 where id = 112;
-- update candidate set poll_id = 91 where id = 113;
-- update candidate set poll_id = 73 where id = 114;
-- update candidate set poll_id = 41 where id = 115;
-- update candidate set poll_id = 19 where id = 116;
-- update candidate set poll_id = 14 where id = 117;
-- update candidate set poll_id = 24 where id = 118;
-- update candidate set poll_id = 53 where id = 119;
-- update candidate set poll_id = 84 where id = 120;
-- update candidate set poll_id = 9 where id = 121;
-- update candidate set poll_id = 38 where id = 122;
-- update candidate set poll_id = 11 where id = 123;
-- update candidate set poll_id = 9 where id = 124;
-- update candidate set poll_id = 65 where id = 125;
-- update candidate set poll_id = 1 where id = 126;
-- update candidate set poll_id = 17 where id = 127;
-- update candidate set poll_id = 40 where id = 128;
-- update candidate set poll_id = 80 where id = 129;
-- update candidate set poll_id = 59 where id = 130;
-- update candidate set poll_id = 67 where id = 131;
-- update candidate set poll_id = 41 where id = 132;
-- update candidate set poll_id = 86 where id = 133;
-- update candidate set poll_id = 22 where id = 134;
-- update candidate set poll_id = 13 where id = 135;
-- update candidate set poll_id = 66 where id = 136;
-- update candidate set poll_id = 78 where id = 137;
-- update candidate set poll_id = 84 where id = 138;
-- update candidate set poll_id = 41 where id = 139;
-- update candidate set poll_id = 33 where id = 140;
-- update candidate set poll_id = 99 where id = 141;
-- update candidate set poll_id = 87 where id = 142;
-- update candidate set poll_id = 49 where id = 143;
-- update candidate set poll_id = 6 where id = 144;
-- update candidate set poll_id = 80 where id = 145;
-- update candidate set poll_id = 4 where id = 146;
-- update candidate set poll_id = 60 where id = 147;
-- update candidate set poll_id = 42 where id = 148;
-- update candidate set poll_id = 96 where id = 149;
-- update candidate set poll_id = 28 where id = 150;
-- update candidate set poll_id = 60 where id = 151;
-- update candidate set poll_id = 68 where id = 152;
-- update candidate set poll_id = 82 where id = 153;
-- update candidate set poll_id = 87 where id = 154;
-- update candidate set poll_id = 52 where id = 155;
-- update candidate set poll_id = 90 where id = 156;
-- update candidate set poll_id = 62 where id = 157;
-- update candidate set poll_id = 67 where id = 158;
-- update candidate set poll_id = 23 where id = 159;
-- update candidate set poll_id = 9 where id = 160;
-- update candidate set poll_id = 66 where id = 161;
-- update candidate set poll_id = 50 where id = 162;
-- update candidate set poll_id = 75 where id = 163;
-- update candidate set poll_id = 66 where id = 164;
-- update candidate set poll_id = 6 where id = 165;
-- update candidate set poll_id = 35 where id = 166;
-- update candidate set poll_id = 17 where id = 167;
-- update candidate set poll_id = 100 where id = 168;
-- update candidate set poll_id = 68 where id = 169;
-- update candidate set poll_id = 61 where id = 170;
-- update candidate set poll_id = 18 where id = 171;
-- update candidate set poll_id = 49 where id = 172;
-- update candidate set poll_id = 11 where id = 173;
-- update candidate set poll_id = 8 where id = 174;
-- update candidate set poll_id = 46 where id = 175;
-- update candidate set poll_id = 60 where id = 176;
-- update candidate set poll_id = 41 where id = 177;
-- update candidate set poll_id = 54 where id = 178;
-- update candidate set poll_id = 49 where id = 179;
-- update candidate set poll_id = 14 where id = 180;
-- update candidate set poll_id = 22 where id = 181;
-- update candidate set poll_id = 74 where id = 182;
-- update candidate set poll_id = 8 where id = 183;
-- update candidate set poll_id = 94 where id = 184;
-- update candidate set poll_id = 77 where id = 185;
-- update candidate set poll_id = 66 where id = 186;
-- update candidate set poll_id = 51 where id = 187;
-- update candidate set poll_id = 47 where id = 188;
-- update candidate set poll_id = 92 where id = 189;
-- update candidate set poll_id = 12 where id = 190;
-- update candidate set poll_id = 89 where id = 191;
-- update candidate set poll_id = 58 where id = 192;
-- update candidate set poll_id = 100 where id = 193;
-- update candidate set poll_id = 87 where id = 194;
-- update candidate set poll_id = 54 where id = 195;
-- update candidate set poll_id = 82 where id = 196;
-- update candidate set poll_id = 24 where id = 197;
-- update candidate set poll_id = 88 where id = 198;
-- update candidate set poll_id = 63 where id = 199;
-- update candidate set poll_id = 82 where id = 200;
-- update candidate set poll_id = 39 where id = 201;
-- update candidate set poll_id = 72 where id = 202;
-- update candidate set poll_id = 33 where id = 203;
-- update candidate set poll_id = 5 where id = 204;
-- update candidate set poll_id = 17 where id = 205;
-- update candidate set poll_id = 44 where id = 206;
-- update candidate set poll_id = 51 where id = 207;
-- update candidate set poll_id = 74 where id = 208;
-- update candidate set poll_id = 13 where id = 209;
-- update candidate set poll_id = 50 where id = 210;
-- update candidate set poll_id = 78 where id = 211;
-- update candidate set poll_id = 52 where id = 212;
-- update candidate set poll_id = 25 where id = 213;
-- update candidate set poll_id = 66 where id = 214;
-- update candidate set poll_id = 67 where id = 215;
-- update candidate set poll_id = 17 where id = 216;
-- update candidate set poll_id = 52 where id = 217;
-- update candidate set poll_id = 100 where id = 218;
-- update candidate set poll_id = 92 where id = 219;
-- update candidate set poll_id = 89 where id = 220;
-- update candidate set poll_id = 74 where id = 221;
-- update candidate set poll_id = 33 where id = 222;
-- update candidate set poll_id = 6 where id = 223;
-- update candidate set poll_id = 68 where id = 224;
-- update candidate set poll_id = 30 where id = 225;
-- update candidate set poll_id = 56 where id = 226;
-- update candidate set poll_id = 14 where id = 227;
-- update candidate set poll_id = 22 where id = 228;
-- update candidate set poll_id = 90 where id = 229;
-- update candidate set poll_id = 73 where id = 230;
-- update candidate set poll_id = 83 where id = 231;
-- update candidate set poll_id = 64 where id = 232;
-- update candidate set poll_id = 44 where id = 233;
-- update candidate set poll_id = 37 where id = 234;
-- update candidate set poll_id = 80 where id = 235;
-- update candidate set poll_id = 16 where id = 236;
-- update candidate set poll_id = 18 where id = 237;
-- update candidate set poll_id = 60 where id = 238;
-- update candidate set poll_id = 28 where id = 239;
-- update candidate set poll_id = 49 where id = 240;
-- update candidate set poll_id = 75 where id = 241;
-- update candidate set poll_id = 15 where id = 242;
-- update candidate set poll_id = 71 where id = 243;
-- update candidate set poll_id = 50 where id = 244;
-- update candidate set poll_id = 39 where id = 245;
-- update candidate set poll_id = 73 where id = 246;
-- update candidate set poll_id = 16 where id = 247;
-- update candidate set poll_id = 23 where id = 248;
-- update candidate set poll_id = 68 where id = 249;
-- update candidate set poll_id = 32 where id = 250;
-- update candidate set poll_id = 89 where id = 251;
-- update candidate set poll_id = 7 where id = 252;
-- update candidate set poll_id = 40 where id = 253;
-- update candidate set poll_id = 97 where id = 254;
-- update candidate set poll_id = 65 where id = 255;
-- update candidate set poll_id = 92 where id = 256;
-- update candidate set poll_id = 99 where id = 257;
-- update candidate set poll_id = 32 where id = 258;
-- update candidate set poll_id = 79 where id = 259;
-- update candidate set poll_id = 62 where id = 260;
-- update candidate set poll_id = 53 where id = 261;
-- update candidate set poll_id = 74 where id = 262;
-- update candidate set poll_id = 21 where id = 263;
-- update candidate set poll_id = 88 where id = 264;
-- update candidate set poll_id = 54 where id = 265;
-- update candidate set poll_id = 26 where id = 266;
-- update candidate set poll_id = 13 where id = 267;
-- update candidate set poll_id = 65 where id = 268;
-- update candidate set poll_id = 96 where id = 269;
-- update candidate set poll_id = 98 where id = 270;
-- update candidate set poll_id = 4 where id = 271;
-- update candidate set poll_id = 79 where id = 272;
-- update candidate set poll_id = 28 where id = 273;
-- update candidate set poll_id = 97 where id = 274;
-- update candidate set poll_id = 9 where id = 275;
-- update candidate set poll_id = 73 where id = 276;
-- update candidate set poll_id = 99 where id = 277;
-- update candidate set poll_id = 35 where id = 278;
-- update candidate set poll_id = 53 where id = 279;
-- update candidate set poll_id = 82 where id = 280;
-- update candidate set poll_id = 47 where id = 281;
-- update candidate set poll_id = 57 where id = 282;
-- update candidate set poll_id = 38 where id = 283;
-- update candidate set poll_id = 43 where id = 284;
-- update candidate set poll_id = 16 where id = 285;
-- update candidate set poll_id = 49 where id = 286;
-- update candidate set poll_id = 80 where id = 287;
-- update candidate set poll_id = 70 where id = 288;
-- update candidate set poll_id = 87 where id = 289;
-- update candidate set poll_id = 83 where id = 290;
-- update candidate set poll_id = 89 where id = 291;
-- update candidate set poll_id = 79 where id = 292;
-- update candidate set poll_id = 99 where id = 293;
-- update candidate set poll_id = 85 where id = 294;
-- update candidate set poll_id = 34 where id = 295;
-- update candidate set poll_id = 55 where id = 296;
-- update candidate set poll_id = 34 where id = 297;
-- update candidate set poll_id = 67 where id = 298;
-- update candidate set poll_id = 95 where id = 299;
-- update candidate set poll_id = 73 where id = 300;
-- update candidate set poll_id = 67 where id = 301;
-- update candidate set poll_id = 46 where id = 302;
-- update candidate set poll_id = 36 where id = 303;
-- update candidate set poll_id = 82 where id = 304;
-- update candidate set poll_id = 46 where id = 305;
-- update candidate set poll_id = 14 where id = 306;
-- update candidate set poll_id = 50 where id = 307;
-- update candidate set poll_id = 38 where id = 308;
-- update candidate set poll_id = 23 where id = 309;
-- update candidate set poll_id = 100 where id = 310;
-- update candidate set poll_id = 98 where id = 311;
-- update candidate set poll_id = 88 where id = 312;
-- update candidate set poll_id = 84 where id = 313;
-- update candidate set poll_id = 70 where id = 314;
-- update candidate set poll_id = 50 where id = 315;
-- update candidate set poll_id = 5 where id = 316;
-- update candidate set poll_id = 93 where id = 317;
-- update candidate set poll_id = 6 where id = 318;
-- update candidate set poll_id = 18 where id = 319;
-- update candidate set poll_id = 12 where id = 320;
-- update candidate set poll_id = 35 where id = 321;
-- update candidate set poll_id = 61 where id = 322;
-- update candidate set poll_id = 16 where id = 323;
-- update candidate set poll_id = 87 where id = 324;
-- update candidate set poll_id = 96 where id = 325;
-- update candidate set poll_id = 65 where id = 326;
-- update candidate set poll_id = 15 where id = 327;
-- update candidate set poll_id = 41 where id = 328;
-- update candidate set poll_id = 90 where id = 329;
-- update candidate set poll_id = 97 where id = 330;
-- update candidate set poll_id = 70 where id = 331;
-- update candidate set poll_id = 99 where id = 332;
-- update candidate set poll_id = 74 where id = 333;
-- update candidate set poll_id = 80 where id = 334;
-- update candidate set poll_id = 11 where id = 335;
-- update candidate set poll_id = 78 where id = 336;
-- update candidate set poll_id = 77 where id = 337;
-- update candidate set poll_id = 41 where id = 338;
-- update candidate set poll_id = 58 where id = 339;
-- update candidate set poll_id = 68 where id = 340;
-- update candidate set poll_id = 50 where id = 341;
-- update candidate set poll_id = 34 where id = 342;
-- update candidate set poll_id = 10 where id = 343;
-- update candidate set poll_id = 18 where id = 344;
-- update candidate set poll_id = 67 where id = 345;
-- update candidate set poll_id = 90 where id = 346;
-- update candidate set poll_id = 82 where id = 347;
-- update candidate set poll_id = 94 where id = 348;
-- update candidate set poll_id = 93 where id = 349;
-- update candidate set poll_id = 53 where id = 350;
-- update candidate set poll_id = 68 where id = 351;
-- update candidate set poll_id = 15 where id = 352;
-- update candidate set poll_id = 96 where id = 353;
-- update candidate set poll_id = 78 where id = 354;
-- update candidate set poll_id = 21 where id = 355;
-- update candidate set poll_id = 41 where id = 356;
-- update candidate set poll_id = 24 where id = 357;
-- update candidate set poll_id = 21 where id = 358;
-- update candidate set poll_id = 39 where id = 359;
-- update candidate set poll_id = 35 where id = 360;
-- update candidate set poll_id = 18 where id = 361;
-- update candidate set poll_id = 87 where id = 362;
-- update candidate set poll_id = 4 where id = 363;
-- update candidate set poll_id = 36 where id = 364;
-- update candidate set poll_id = 53 where id = 365;
-- update candidate set poll_id = 3 where id = 366;
-- update candidate set poll_id = 22 where id = 367;
-- update candidate set poll_id = 80 where id = 368;
-- update candidate set poll_id = 20 where id = 369;
-- update candidate set poll_id = 73 where id = 370;
-- update candidate set poll_id = 5 where id = 371;
-- update candidate set poll_id = 80 where id = 372;
-- update candidate set poll_id = 22 where id = 373;
-- update candidate set poll_id = 91 where id = 374;
-- update candidate set poll_id = 21 where id = 375;
-- update candidate set poll_id = 44 where id = 376;
-- update candidate set poll_id = 42 where id = 377;
-- update candidate set poll_id = 65 where id = 378;
-- update candidate set poll_id = 52 where id = 379;
-- update candidate set poll_id = 90 where id = 380;
-- update candidate set poll_id = 64 where id = 381;
-- update candidate set poll_id = 97 where id = 382;
-- update candidate set poll_id = 69 where id = 383;
-- update candidate set poll_id = 13 where id = 384;
-- update candidate set poll_id = 78 where id = 385;
-- update candidate set poll_id = 70 where id = 386;
-- update candidate set poll_id = 86 where id = 387;
-- update candidate set poll_id = 24 where id = 388;
-- update candidate set poll_id = 14 where id = 389;
-- update candidate set poll_id = 83 where id = 390;
-- update candidate set poll_id = 16 where id = 391;
-- update candidate set poll_id = 70 where id = 392;
-- update candidate set poll_id = 56 where id = 393;
-- update candidate set poll_id = 52 where id = 394;
-- update candidate set poll_id = 75 where id = 395;
-- update candidate set poll_id = 92 where id = 396;
-- update candidate set poll_id = 41 where id = 397;
-- update candidate set poll_id = 2 where id = 398;
-- update candidate set poll_id = 28 where id = 399;
-- update candidate set poll_id = 19 where id = 400;
-- update candidate set poll_id = 62 where id = 401;
-- update candidate set poll_id = 15 where id = 402;
-- update candidate set poll_id = 47 where id = 403;
-- update candidate set poll_id = 4 where id = 404;
-- update candidate set poll_id = 85 where id = 405;
-- update candidate set poll_id = 74 where id = 406;
-- update candidate set poll_id = 22 where id = 407;
-- update candidate set poll_id = 43 where id = 408;
-- update candidate set poll_id = 19 where id = 409;
-- update candidate set poll_id = 51 where id = 410;
-- update candidate set poll_id = 11 where id = 411;
-- update candidate set poll_id = 4 where id = 412;
-- update candidate set poll_id = 85 where id = 413;
-- update candidate set poll_id = 57 where id = 414;
-- update candidate set poll_id = 96 where id = 415;
-- update candidate set poll_id = 52 where id = 416;
-- update candidate set poll_id = 12 where id = 417;
-- update candidate set poll_id = 12 where id = 418;
-- update candidate set poll_id = 57 where id = 419;
-- update candidate set poll_id = 82 where id = 420;
-- update candidate set poll_id = 47 where id = 421;
-- update candidate set poll_id = 36 where id = 422;
-- update candidate set poll_id = 3 where id = 423;
-- update candidate set poll_id = 1 where id = 424;
-- update candidate set poll_id = 28 where id = 425;
-- update candidate set poll_id = 82 where id = 426;
-- update candidate set poll_id = 34 where id = 427;
-- update candidate set poll_id = 28 where id = 428;
-- update candidate set poll_id = 11 where id = 429;
-- update candidate set poll_id = 80 where id = 430;
-- update candidate set poll_id = 78 where id = 431;
-- update candidate set poll_id = 33 where id = 432;
-- update candidate set poll_id = 9 where id = 433;
-- update candidate set poll_id = 51 where id = 434;
-- update candidate set poll_id = 47 where id = 435;
-- update candidate set poll_id = 4 where id = 436;
-- update candidate set poll_id = 65 where id = 437;
-- update candidate set poll_id = 60 where id = 438;
-- update candidate set poll_id = 78 where id = 439;
-- update candidate set poll_id = 84 where id = 440;
-- update candidate set poll_id = 59 where id = 441;
-- update candidate set poll_id = 43 where id = 442;
-- update candidate set poll_id = 79 where id = 443;
-- update candidate set poll_id = 6 where id = 444;
-- update candidate set poll_id = 36 where id = 445;
-- update candidate set poll_id = 53 where id = 446;
-- update candidate set poll_id = 37 where id = 447;
-- update candidate set poll_id = 34 where id = 448;
-- update candidate set poll_id = 93 where id = 449;
-- update candidate set poll_id = 51 where id = 450;
-- update candidate set poll_id = 44 where id = 451;
-- update candidate set poll_id = 95 where id = 452;
-- update candidate set poll_id = 6 where id = 453;
-- update candidate set poll_id = 89 where id = 454;
-- update candidate set poll_id = 4 where id = 455;
-- update candidate set poll_id = 76 where id = 456;
-- update candidate set poll_id = 61 where id = 457;
-- update candidate set poll_id = 54 where id = 458;
-- update candidate set poll_id = 30 where id = 459;
-- update candidate set poll_id = 8 where id = 460;
-- update candidate set poll_id = 27 where id = 461;
-- update candidate set poll_id = 60 where id = 462;
-- update candidate set poll_id = 89 where id = 463;
-- update candidate set poll_id = 46 where id = 464;
-- update candidate set poll_id = 60 where id = 465;
-- update candidate set poll_id = 28 where id = 466;
-- update candidate set poll_id = 57 where id = 467;
-- update candidate set poll_id = 12 where id = 468;
-- update candidate set poll_id = 18 where id = 469;
-- update candidate set poll_id = 2 where id = 470;
-- update candidate set poll_id = 64 where id = 471;
-- update candidate set poll_id = 90 where id = 472;
-- update candidate set poll_id = 51 where id = 473;
-- update candidate set poll_id = 79 where id = 474;
-- update candidate set poll_id = 70 where id = 475;
-- update candidate set poll_id = 11 where id = 476;
-- update candidate set poll_id = 32 where id = 477;
-- update candidate set poll_id = 87 where id = 478;
-- update candidate set poll_id = 59 where id = 479;
-- update candidate set poll_id = 53 where id = 480;
-- update candidate set poll_id = 98 where id = 481;
-- update candidate set poll_id = 6 where id = 482;
-- update candidate set poll_id = 77 where id = 483;
-- update candidate set poll_id = 100 where id = 484;
-- update candidate set poll_id = 70 where id = 485;
-- update candidate set poll_id = 38 where id = 486;
-- update candidate set poll_id = 2 where id = 487;
-- update candidate set poll_id = 71 where id = 488;
-- update candidate set poll_id = 93 where id = 489;
-- update candidate set poll_id = 47 where id = 490;
-- update candidate set poll_id = 59 where id = 491;
-- update candidate set poll_id = 64 where id = 492;
-- update candidate set poll_id = 90 where id = 493;
-- update candidate set poll_id = 19 where id = 494;
-- update candidate set poll_id = 42 where id = 495;
-- update candidate set poll_id = 5 where id = 496;
-- update candidate set poll_id = 75 where id = 497;
-- update candidate set poll_id = 71 where id = 498;
-- update candidate set poll_id = 35 where id = 499;
-- update candidate set poll_id = 27 where id = 500;
-- update candidate set poll_id = 2 where id = 501;
-- update candidate set poll_id = 26 where id = 502;
-- update candidate set poll_id = 99 where id = 503;
-- update candidate set poll_id = 62 where id = 504;
-- update candidate set poll_id = 63 where id = 505;
-- update candidate set poll_id = 21 where id = 506;
-- update candidate set poll_id = 91 where id = 507;
-- update candidate set poll_id = 18 where id = 508;
-- update candidate set poll_id = 20 where id = 509;
-- update candidate set poll_id = 64 where id = 510;
-- update candidate set poll_id = 58 where id = 511;
-- update candidate set poll_id = 28 where id = 512;
-- update candidate set poll_id = 20 where id = 513;
-- update candidate set poll_id = 2 where id = 514;
-- update candidate set poll_id = 49 where id = 515;
-- update candidate set poll_id = 57 where id = 516;
-- update candidate set poll_id = 14 where id = 517;
-- update candidate set poll_id = 16 where id = 518;
-- update candidate set poll_id = 8 where id = 519;
-- update candidate set poll_id = 94 where id = 520;
-- update candidate set poll_id = 77 where id = 521;
-- update candidate set poll_id = 76 where id = 522;
-- update candidate set poll_id = 61 where id = 523;
-- update candidate set poll_id = 71 where id = 524;
-- update candidate set poll_id = 92 where id = 525;
-- update candidate set poll_id = 94 where id = 526;
-- update candidate set poll_id = 47 where id = 527;
-- update candidate set poll_id = 8 where id = 528;
-- update candidate set poll_id = 42 where id = 529;
-- update candidate set poll_id = 93 where id = 530;
-- update candidate set poll_id = 6 where id = 531;
-- update candidate set poll_id = 48 where id = 532;
-- update candidate set poll_id = 74 where id = 533;
-- update candidate set poll_id = 11 where id = 534;
-- update candidate set poll_id = 67 where id = 535;
-- update candidate set poll_id = 51 where id = 536;
-- update candidate set poll_id = 2 where id = 537;
-- update candidate set poll_id = 86 where id = 538;
-- update candidate set poll_id = 80 where id = 539;
-- update candidate set poll_id = 64 where id = 540;
-- update candidate set poll_id = 1 where id = 541;
-- update candidate set poll_id = 22 where id = 542;
-- update candidate set poll_id = 50 where id = 543;
-- update candidate set poll_id = 28 where id = 544;
-- update candidate set poll_id = 11 where id = 545;
-- update candidate set poll_id = 94 where id = 546;
-- update candidate set poll_id = 98 where id = 547;
-- update candidate set poll_id = 80 where id = 548;
-- update candidate set poll_id = 1 where id = 549;
-- update candidate set poll_id = 84 where id = 550;
-- update candidate set poll_id = 54 where id = 551;
-- update candidate set poll_id = 48 where id = 552;
-- update candidate set poll_id = 47 where id = 553;
-- update candidate set poll_id = 71 where id = 554;
-- update candidate set poll_id = 33 where id = 555;
-- update candidate set poll_id = 52 where id = 556;
-- update candidate set poll_id = 34 where id = 557;
-- update candidate set poll_id = 26 where id = 558;
-- update candidate set poll_id = 34 where id = 559;
-- update candidate set poll_id = 96 where id = 560;
-- update candidate set poll_id = 1 where id = 561;
-- update candidate set poll_id = 34 where id = 562;
-- update candidate set poll_id = 7 where id = 563;
-- update candidate set poll_id = 45 where id = 564;
-- update candidate set poll_id = 36 where id = 565;
-- update candidate set poll_id = 47 where id = 566;
-- update candidate set poll_id = 71 where id = 567;
-- update candidate set poll_id = 57 where id = 568;
-- update candidate set poll_id = 17 where id = 569;
-- update candidate set poll_id = 41 where id = 570;
-- update candidate set poll_id = 93 where id = 571;
-- update candidate set poll_id = 46 where id = 572;
-- update candidate set poll_id = 41 where id = 573;
-- update candidate set poll_id = 87 where id = 574;
-- update candidate set poll_id = 28 where id = 575;
-- update candidate set poll_id = 77 where id = 576;
-- update candidate set poll_id = 83 where id = 577;
-- update candidate set poll_id = 65 where id = 578;
-- update candidate set poll_id = 33 where id = 579;
-- update candidate set poll_id = 40 where id = 580;
-- update candidate set poll_id = 54 where id = 581;
-- update candidate set poll_id = 11 where id = 582;
-- update candidate set poll_id = 27 where id = 583;
-- update candidate set poll_id = 42 where id = 584;
-- update candidate set poll_id = 6 where id = 585;
-- update candidate set poll_id = 30 where id = 586;
-- update candidate set poll_id = 51 where id = 587;
-- update candidate set poll_id = 39 where id = 588;
-- update candidate set poll_id = 52 where id = 589;
-- update candidate set poll_id = 24 where id = 590;
-- update candidate set poll_id = 73 where id = 591;
-- update candidate set poll_id = 73 where id = 592;
-- update candidate set poll_id = 47 where id = 593;
-- update candidate set poll_id = 57 where id = 594;
-- update candidate set poll_id = 67 where id = 595;
-- update candidate set poll_id = 56 where id = 596;
-- update candidate set poll_id = 12 where id = 597;
-- update candidate set poll_id = 92 where id = 598;
-- update candidate set poll_id = 97 where id = 599;
-- update candidate set poll_id = 35 where id = 600;
-- update candidate set poll_id = 43 where id = 601;
-- update candidate set poll_id = 36 where id = 602;
-- update candidate set poll_id = 87 where id = 603;
-- update candidate set poll_id = 61 where id = 604;
-- update candidate set poll_id = 48 where id = 605;
-- update candidate set poll_id = 32 where id = 606;
-- update candidate set poll_id = 7 where id = 607;
-- update candidate set poll_id = 100 where id = 608;
-- update candidate set poll_id = 72 where id = 609;
-- update candidate set poll_id = 95 where id = 610;
-- update candidate set poll_id = 63 where id = 611;
-- update candidate set poll_id = 42 where id = 612;
-- update candidate set poll_id = 80 where id = 613;
-- update candidate set poll_id = 57 where id = 614;
-- update candidate set poll_id = 79 where id = 615;
-- update candidate set poll_id = 62 where id = 616;
-- update candidate set poll_id = 52 where id = 617;
-- update candidate set poll_id = 9 where id = 618;
-- update candidate set poll_id = 11 where id = 619;
-- update candidate set poll_id = 40 where id = 620;
-- update candidate set poll_id = 50 where id = 621;
-- update candidate set poll_id = 65 where id = 622;
-- update candidate set poll_id = 63 where id = 623;
-- update candidate set poll_id = 51 where id = 624;
-- update candidate set poll_id = 73 where id = 625;
-- update candidate set poll_id = 79 where id = 626;
-- update candidate set poll_id = 26 where id = 627;
-- update candidate set poll_id = 51 where id = 628;
-- update candidate set poll_id = 100 where id = 629;
-- update candidate set poll_id = 1 where id = 630;
-- update candidate set poll_id = 5 where id = 631;
-- update candidate set poll_id = 14 where id = 632;
-- update candidate set poll_id = 15 where id = 633;
-- update candidate set poll_id = 76 where id = 634;
-- update candidate set poll_id = 69 where id = 635;
-- update candidate set poll_id = 56 where id = 636;
-- update candidate set poll_id = 16 where id = 637;
-- update candidate set poll_id = 49 where id = 638;
-- update candidate set poll_id = 84 where id = 639;
-- update candidate set poll_id = 7 where id = 640;
-- update candidate set poll_id = 94 where id = 641;
-- update candidate set poll_id = 94 where id = 642;
-- update candidate set poll_id = 37 where id = 643;
-- update candidate set poll_id = 29 where id = 644;
-- update candidate set poll_id = 63 where id = 645;
-- update candidate set poll_id = 65 where id = 646;
-- update candidate set poll_id = 55 where id = 647;
-- update candidate set poll_id = 76 where id = 648;
-- update candidate set poll_id = 74 where id = 649;
-- update candidate set poll_id = 8 where id = 650;
-- update candidate set poll_id = 80 where id = 651;
-- update candidate set poll_id = 35 where id = 652;
-- update candidate set poll_id = 21 where id = 653;
-- update candidate set poll_id = 91 where id = 654;
-- update candidate set poll_id = 25 where id = 655;
-- update candidate set poll_id = 100 where id = 656;
-- update candidate set poll_id = 32 where id = 657;
-- update candidate set poll_id = 29 where id = 658;
-- update candidate set poll_id = 87 where id = 659;
-- update candidate set poll_id = 93 where id = 660;
-- update candidate set poll_id = 86 where id = 661;
-- update candidate set poll_id = 74 where id = 662;
-- update candidate set poll_id = 57 where id = 663;
-- update candidate set poll_id = 61 where id = 664;
-- update candidate set poll_id = 60 where id = 665;
-- update candidate set poll_id = 31 where id = 666;
-- update candidate set poll_id = 96 where id = 667;
-- update candidate set poll_id = 92 where id = 668;
-- update candidate set poll_id = 73 where id = 669;
-- update candidate set poll_id = 47 where id = 670;
-- update candidate set poll_id = 32 where id = 671;
-- update candidate set poll_id = 38 where id = 672;
-- update candidate set poll_id = 66 where id = 673;
-- update candidate set poll_id = 4 where id = 674;
-- update candidate set poll_id = 94 where id = 675;
-- update candidate set poll_id = 69 where id = 676;
-- update candidate set poll_id = 99 where id = 677;
-- update candidate set poll_id = 79 where id = 678;
-- update candidate set poll_id = 88 where id = 679;
-- update candidate set poll_id = 25 where id = 680;
-- update candidate set poll_id = 20 where id = 681;
-- update candidate set poll_id = 46 where id = 682;
-- update candidate set poll_id = 79 where id = 683;
-- update candidate set poll_id = 80 where id = 684;
-- update candidate set poll_id = 62 where id = 685;
-- update candidate set poll_id = 59 where id = 686;
-- update candidate set poll_id = 46 where id = 687;
-- update candidate set poll_id = 7 where id = 688;
-- update candidate set poll_id = 89 where id = 689;
-- update candidate set poll_id = 28 where id = 690;
-- update candidate set poll_id = 88 where id = 691;
-- update candidate set poll_id = 56 where id = 692;
-- update candidate set poll_id = 1 where id = 693;
-- update candidate set poll_id = 4 where id = 694;
-- update candidate set poll_id = 63 where id = 695;
-- update candidate set poll_id = 3 where id = 696;
-- update candidate set poll_id = 96 where id = 697;
-- update candidate set poll_id = 88 where id = 698;
-- update candidate set poll_id = 36 where id = 699;
-- update candidate set poll_id = 45 where id = 700;
-- update candidate set poll_id = 88 where id = 701;
-- update candidate set poll_id = 66 where id = 702;
-- update candidate set poll_id = 2 where id = 703;
-- update candidate set poll_id = 97 where id = 704;
-- update candidate set poll_id = 10 where id = 705;
-- update candidate set poll_id = 79 where id = 706;
-- update candidate set poll_id = 28 where id = 707;
-- update candidate set poll_id = 16 where id = 708;
-- update candidate set poll_id = 12 where id = 709;
-- update candidate set poll_id = 94 where id = 710;
-- update candidate set poll_id = 2 where id = 711;
-- update candidate set poll_id = 44 where id = 712;
-- update candidate set poll_id = 2 where id = 713;
-- update candidate set poll_id = 79 where id = 714;
-- update candidate set poll_id = 24 where id = 715;
-- update candidate set poll_id = 50 where id = 716;
-- update candidate set poll_id = 40 where id = 717;
-- update candidate set poll_id = 24 where id = 718;
-- update candidate set poll_id = 52 where id = 719;
-- update candidate set poll_id = 66 where id = 720;
-- update candidate set poll_id = 31 where id = 721;
-- update candidate set poll_id = 92 where id = 722;
-- update candidate set poll_id = 95 where id = 723;
-- update candidate set poll_id = 63 where id = 724;
-- update candidate set poll_id = 73 where id = 725;
-- update candidate set poll_id = 71 where id = 726;
-- update candidate set poll_id = 70 where id = 727;
-- update candidate set poll_id = 75 where id = 728;
-- update candidate set poll_id = 45 where id = 729;
-- update candidate set poll_id = 34 where id = 730;
-- update candidate set poll_id = 32 where id = 731;
-- update candidate set poll_id = 4 where id = 732;
-- update candidate set poll_id = 18 where id = 733;
-- update candidate set poll_id = 28 where id = 734;
-- update candidate set poll_id = 3 where id = 735;
-- update candidate set poll_id = 87 where id = 736;
-- update candidate set poll_id = 57 where id = 737;
-- update candidate set poll_id = 7 where id = 738;
-- update candidate set poll_id = 15 where id = 739;
-- update candidate set poll_id = 75 where id = 740;
-- update candidate set poll_id = 16 where id = 741;
-- update candidate set poll_id = 2 where id = 742;
-- update candidate set poll_id = 39 where id = 743;
-- update candidate set poll_id = 32 where id = 744;
-- update candidate set poll_id = 70 where id = 745;
-- update candidate set poll_id = 17 where id = 746;
-- update candidate set poll_id = 16 where id = 747;
-- update candidate set poll_id = 29 where id = 748;
-- update candidate set poll_id = 76 where id = 749;
-- update candidate set poll_id = 55 where id = 750;
-- update candidate set poll_id = 64 where id = 751;
-- update candidate set poll_id = 53 where id = 752;
-- update candidate set poll_id = 53 where id = 753;
-- update candidate set poll_id = 52 where id = 754;
-- update candidate set poll_id = 82 where id = 755;
-- update candidate set poll_id = 59 where id = 756;
-- update candidate set poll_id = 9 where id = 757;
-- update candidate set poll_id = 97 where id = 758;
-- update candidate set poll_id = 54 where id = 759;
-- update candidate set poll_id = 32 where id = 760;
-- update candidate set poll_id = 42 where id = 761;
-- update candidate set poll_id = 37 where id = 762;
-- update candidate set poll_id = 38 where id = 763;
-- update candidate set poll_id = 64 where id = 764;
-- update candidate set poll_id = 6 where id = 765;
-- update candidate set poll_id = 40 where id = 766;
-- update candidate set poll_id = 41 where id = 767;
-- update candidate set poll_id = 92 where id = 768;
-- update candidate set poll_id = 33 where id = 769;
-- update candidate set poll_id = 15 where id = 770;
-- update candidate set poll_id = 78 where id = 771;
-- update candidate set poll_id = 14 where id = 772;
-- update candidate set poll_id = 98 where id = 773;
-- update candidate set poll_id = 61 where id = 774;
-- update candidate set poll_id = 69 where id = 775;
-- update candidate set poll_id = 56 where id = 776;
-- update candidate set poll_id = 76 where id = 777;
-- update candidate set poll_id = 89 where id = 778;
-- update candidate set poll_id = 78 where id = 779;
-- update candidate set poll_id = 94 where id = 780;
-- update candidate set poll_id = 46 where id = 781;
-- update candidate set poll_id = 18 where id = 782;
-- update candidate set poll_id = 6 where id = 783;
-- update candidate set poll_id = 80 where id = 784;
-- update candidate set poll_id = 70 where id = 785;
-- update candidate set poll_id = 4 where id = 786;
-- update candidate set poll_id = 11 where id = 787;
-- update candidate set poll_id = 11 where id = 788;
-- update candidate set poll_id = 18 where id = 789;
-- update candidate set poll_id = 60 where id = 790;
-- update candidate set poll_id = 81 where id = 791;
-- update candidate set poll_id = 51 where id = 792;
-- update candidate set poll_id = 40 where id = 793;
-- update candidate set poll_id = 79 where id = 794;
-- update candidate set poll_id = 79 where id = 795;
-- update candidate set poll_id = 60 where id = 796;
-- update candidate set poll_id = 99 where id = 797;
-- update candidate set poll_id = 60 where id = 798;
-- update candidate set poll_id = 26 where id = 799;
-- update candidate set poll_id = 75 where id = 800;
-- update candidate set poll_id = 9 where id = 801;
-- update candidate set poll_id = 1 where id = 802;
-- update candidate set poll_id = 88 where id = 803;
-- update candidate set poll_id = 88 where id = 804;
-- update candidate set poll_id = 84 where id = 805;
-- update candidate set poll_id = 82 where id = 806;
-- update candidate set poll_id = 29 where id = 807;
-- update candidate set poll_id = 62 where id = 808;
-- update candidate set poll_id = 52 where id = 809;
-- update candidate set poll_id = 73 where id = 810;
-- update candidate set poll_id = 66 where id = 811;
-- update candidate set poll_id = 93 where id = 812;
-- update candidate set poll_id = 12 where id = 813;
-- update candidate set poll_id = 73 where id = 814;
-- update candidate set poll_id = 51 where id = 815;
-- update candidate set poll_id = 10 where id = 816;
-- update candidate set poll_id = 89 where id = 817;
-- update candidate set poll_id = 57 where id = 818;
-- update candidate set poll_id = 65 where id = 819;
-- update candidate set poll_id = 25 where id = 820;
-- update candidate set poll_id = 67 where id = 821;
-- update candidate set poll_id = 68 where id = 822;
-- update candidate set poll_id = 8 where id = 823;
-- update candidate set poll_id = 74 where id = 824;
-- update candidate set poll_id = 6 where id = 825;
-- update candidate set poll_id = 70 where id = 826;
-- update candidate set poll_id = 31 where id = 827;
-- update candidate set poll_id = 68 where id = 828;
-- update candidate set poll_id = 61 where id = 829;
-- update candidate set poll_id = 75 where id = 830;
-- update candidate set poll_id = 48 where id = 831;
-- update candidate set poll_id = 96 where id = 832;
-- update candidate set poll_id = 78 where id = 833;
-- update candidate set poll_id = 17 where id = 834;
-- update candidate set poll_id = 78 where id = 835;
-- update candidate set poll_id = 93 where id = 836;
-- update candidate set poll_id = 53 where id = 837;
-- update candidate set poll_id = 92 where id = 838;
-- update candidate set poll_id = 13 where id = 839;
-- update candidate set poll_id = 45 where id = 840;
-- update candidate set poll_id = 76 where id = 841;
-- update candidate set poll_id = 22 where id = 842;
-- update candidate set poll_id = 33 where id = 843;
-- update candidate set poll_id = 87 where id = 844;
-- update candidate set poll_id = 18 where id = 845;
-- update candidate set poll_id = 50 where id = 846;
-- update candidate set poll_id = 38 where id = 847;
-- update candidate set poll_id = 31 where id = 848;
-- update candidate set poll_id = 38 where id = 849;
-- update candidate set poll_id = 4 where id = 850;
-- update candidate set poll_id = 97 where id = 851;
-- update candidate set poll_id = 39 where id = 852;
-- update candidate set poll_id = 70 where id = 853;
-- update candidate set poll_id = 99 where id = 854;
-- update candidate set poll_id = 79 where id = 855;
-- update candidate set poll_id = 49 where id = 856;
-- update candidate set poll_id = 16 where id = 857;
-- update candidate set poll_id = 63 where id = 858;
-- update candidate set poll_id = 60 where id = 859;
-- update candidate set poll_id = 10 where id = 860;
-- update candidate set poll_id = 40 where id = 861;
-- update candidate set poll_id = 33 where id = 862;
-- update candidate set poll_id = 99 where id = 863;
-- update candidate set poll_id = 68 where id = 864;
-- update candidate set poll_id = 38 where id = 865;
-- update candidate set poll_id = 37 where id = 866;
-- update candidate set poll_id = 97 where id = 867;
-- update candidate set poll_id = 7 where id = 868;
-- update candidate set poll_id = 4 where id = 869;
-- update candidate set poll_id = 58 where id = 870;
-- update candidate set poll_id = 26 where id = 871;
-- update candidate set poll_id = 13 where id = 872;
-- update candidate set poll_id = 12 where id = 873;
-- update candidate set poll_id = 53 where id = 874;
-- update candidate set poll_id = 73 where id = 875;
-- update candidate set poll_id = 12 where id = 876;
-- update candidate set poll_id = 27 where id = 877;
-- update candidate set poll_id = 94 where id = 878;
-- update candidate set poll_id = 45 where id = 879;
-- update candidate set poll_id = 71 where id = 880;
-- update candidate set poll_id = 40 where id = 881;
-- update candidate set poll_id = 95 where id = 882;
-- update candidate set poll_id = 19 where id = 883;
-- update candidate set poll_id = 81 where id = 884;
-- update candidate set poll_id = 1 where id = 885;
-- update candidate set poll_id = 42 where id = 886;
-- update candidate set poll_id = 91 where id = 887;
-- update candidate set poll_id = 70 where id = 888;
-- update candidate set poll_id = 32 where id = 889;
-- update candidate set poll_id = 93 where id = 890;
-- update candidate set poll_id = 22 where id = 891;
-- update candidate set poll_id = 90 where id = 892;
-- update candidate set poll_id = 87 where id = 893;
-- update candidate set poll_id = 68 where id = 894;
-- update candidate set poll_id = 38 where id = 895;
-- update candidate set poll_id = 63 where id = 896;
-- update candidate set poll_id = 82 where id = 897;
-- update candidate set poll_id = 93 where id = 898;
-- update candidate set poll_id = 75 where id = 899;
-- update candidate set poll_id = 100 where id = 900;
-- update candidate set poll_id = 99 where id = 901;
-- update candidate set poll_id = 67 where id = 902;
-- update candidate set poll_id = 47 where id = 903;
-- update candidate set poll_id = 61 where id = 904;
-- update candidate set poll_id = 49 where id = 905;
-- update candidate set poll_id = 4 where id = 906;
-- update candidate set poll_id = 43 where id = 907;
-- update candidate set poll_id = 57 where id = 908;
-- update candidate set poll_id = 14 where id = 909;
-- update candidate set poll_id = 5 where id = 910;
-- update candidate set poll_id = 97 where id = 911;
-- update candidate set poll_id = 74 where id = 912;
-- update candidate set poll_id = 3 where id = 913;
-- update candidate set poll_id = 41 where id = 914;
-- update candidate set poll_id = 86 where id = 915;
-- update candidate set poll_id = 39 where id = 916;
-- update candidate set poll_id = 17 where id = 917;
-- update candidate set poll_id = 68 where id = 918;
-- update candidate set poll_id = 57 where id = 919;
-- update candidate set poll_id = 32 where id = 920;
-- update candidate set poll_id = 74 where id = 921;
-- update candidate set poll_id = 18 where id = 922;
-- update candidate set poll_id = 45 where id = 923;
-- update candidate set poll_id = 50 where id = 924;
-- update candidate set poll_id = 19 where id = 925;
-- update candidate set poll_id = 37 where id = 926;
-- update candidate set poll_id = 40 where id = 927;
-- update candidate set poll_id = 47 where id = 928;
-- update candidate set poll_id = 57 where id = 929;
-- update candidate set poll_id = 77 where id = 930;
-- update candidate set poll_id = 91 where id = 931;
-- update candidate set poll_id = 84 where id = 932;
-- update candidate set poll_id = 71 where id = 933;
-- update candidate set poll_id = 15 where id = 934;
-- update candidate set poll_id = 78 where id = 935;
-- update candidate set poll_id = 19 where id = 936;
-- update candidate set poll_id = 10 where id = 937;
-- update candidate set poll_id = 22 where id = 938;
-- update candidate set poll_id = 99 where id = 939;
-- update candidate set poll_id = 86 where id = 940;
-- update candidate set poll_id = 72 where id = 941;
-- update candidate set poll_id = 2 where id = 942;
-- update candidate set poll_id = 92 where id = 943;
-- update candidate set poll_id = 61 where id = 944;
-- update candidate set poll_id = 58 where id = 945;
-- update candidate set poll_id = 64 where id = 946;
-- update candidate set poll_id = 50 where id = 947;
-- update candidate set poll_id = 35 where id = 948;
-- update candidate set poll_id = 87 where id = 949;
-- update candidate set poll_id = 35 where id = 950;
-- update candidate set poll_id = 32 where id = 951;
-- update candidate set poll_id = 83 where id = 952;
-- update candidate set poll_id = 80 where id = 953;
-- update candidate set poll_id = 79 where id = 954;
-- update candidate set poll_id = 25 where id = 955;
-- update candidate set poll_id = 29 where id = 956;
-- update candidate set poll_id = 64 where id = 957;
-- update candidate set poll_id = 47 where id = 958;
-- update candidate set poll_id = 36 where id = 959;
-- update candidate set poll_id = 28 where id = 960;
-- update candidate set poll_id = 2 where id = 961;
-- update candidate set poll_id = 98 where id = 962;
-- update candidate set poll_id = 66 where id = 963;
-- update candidate set poll_id = 10 where id = 964;
-- update candidate set poll_id = 60 where id = 965;
-- update candidate set poll_id = 93 where id = 966;
-- update candidate set poll_id = 27 where id = 967;
-- update candidate set poll_id = 28 where id = 968;
-- update candidate set poll_id = 69 where id = 969;
-- update candidate set poll_id = 35 where id = 970;
-- update candidate set poll_id = 12 where id = 971;
-- update candidate set poll_id = 64 where id = 972;
-- update candidate set poll_id = 59 where id = 973;
-- update candidate set poll_id = 69 where id = 974;
-- update candidate set poll_id = 73 where id = 975;
-- update candidate set poll_id = 4 where id = 976;
-- update candidate set poll_id = 29 where id = 977;
-- update candidate set poll_id = 27 where id = 978;
-- update candidate set poll_id = 9 where id = 979;
-- update candidate set poll_id = 88 where id = 980;
-- update candidate set poll_id = 83 where id = 981;
-- update candidate set poll_id = 19 where id = 982;
-- update candidate set poll_id = 91 where id = 983;
-- update candidate set poll_id = 65 where id = 984;
-- update candidate set poll_id = 63 where id = 985;
-- update candidate set poll_id = 25 where id = 986;
-- update candidate set poll_id = 20 where id = 987;
-- update candidate set poll_id = 81 where id = 988;
-- update candidate set poll_id = 29 where id = 989;
-- update candidate set poll_id = 79 where id = 990;
-- update candidate set poll_id = 8 where id = 991;
-- update candidate set poll_id = 82 where id = 992;
-- update candidate set poll_id = 26 where id = 993;
-- update candidate set poll_id = 51 where id = 994;
-- update candidate set poll_id = 49 where id = 995;
-- update candidate set poll_id = 67 where id = 996;
-- update candidate set poll_id = 25 where id = 997;
-- update candidate set poll_id = 58 where id = 998;
-- update candidate set poll_id = 65 where id = 999;
-- update candidate set poll_id = 32 where id = 1000;
